[2026-08-11T14:36:02.665] [DEBUG] debug-file - env: nodejsVersion=v18.20.1
[2026-08-11T14:36:02.857] [DEBUG] debug-file - Hvigor init with startParameters:{
  hvigorfileTypeCheck: false,
  parallelExecution: true,
  incrementalExecution: true,
  printStackTrace: false,
  daemon: false,
  analyze: 0,
  logLevel: Level { level: 20000, levelStr: 'INFO', colour: 'green' },
  optimizationStrategy: 'memory',
  hotCompile: undefined,
  hotReloadBuild: undefined,
  customizedParam: undefined
}
[2026-08-11T14:36:03.959] [DEBUG] debug-file - hvigorfile, require result:  { default: { system: [Function: appTasks] } }
[2026-08-11T14:36:03.960] [DEBUG] debug-file - Starting plugin build process
[2026-08-11T14:36:04.068] [DEBUG] debug-file - App plugin register hook start...
[2026-08-11T14:36:04.069] [DEBUG] debug-file - Start initialize project's product build option map with build mode debug.
[2026-08-11T14:36:04.071] [DEBUG] debug-file - Obtain build option for product 'default'in this build.
[2026-08-11T14:36:04.078] [DEBUG] debug-file - Start recording SDK configuration permission data.
[2026-08-11T14:36:04.106] [DEBUG] debug-file - Project task initialization takes 4 ms 
[2026-08-11T14:36:04.111] [DEBUG] debug-file - failed to load cangjie to dynamically generate schemas: Error: Cannot find module '@ohos/cangjie-build-support/index'
Require stack:
- /Applications/DevEco-Studio.app/Contents/tools/hvigor/hvigor-ohos-plugin/src/plugin/hooks/cangjie-register.js
- /Applications/DevEco-Studio.app/Contents/tools/hvigor/hvigor-ohos-plugin/src/plugin/strategy/stage-init-strategy.js
- /Applications/DevEco-Studio.app/Contents/tools/hvigor/hvigor-ohos-plugin/src/plugin/builder/abstract-plugin-builder.js
- /Applications/DevEco-Studio.app/Contents/tools/hvigor/hvigor-ohos-plugin/src/plugin/builder/app-plugin-builder.js
- /Applications/DevEco-Studio.app/Contents/tools/hvigor/hvigor-ohos-plugin/src/plugin/factory/plugin-factory.js
- /Applications/DevEco-Studio.app/Contents/tools/hvigor/hvigor-ohos-plugin/index.js
- /Users/pange/Codes/genfee/worker-bee-atomic-service/hvigorfile.ts
- /Applications/DevEco-Studio.app/Contents/tools/hvigor/hvigor/src/base/internal/lifecycle/configuration.js
- /Applications/DevEco-Studio.app/Contents/tools/hvigor/hvigor/src/base/boot/index.js
- /Applications/DevEco-Studio.app/Contents/tools/hvigor/hvigor/src/cli/main/cli.js
- /Applications/DevEco-Studio.app/Contents/tools/hvigor/hvigor/bin/hvigor.js
[2026-08-11T14:36:04.121] [DEBUG] debug-file - project has submodules:entry
[2026-08-11T14:36:04.126] [DEBUG] debug-file - Start to initialize dependency information.
[2026-08-11T14:36:04.130] [DEBUG] debug-file - entry : clean cost memory 0.10321044921875
[2026-08-11T14:36:04.117] [DEBUG] debug-file - Start initialize module-target build option map, moduleName=entry, buildMode=debug
[2026-08-11T14:36:04.122] [DEBUG] debug-file - start to load updatedOhPackageInfo to the disk
[2026-08-11T14:36:02.665] [DEBUG] debug-file - env: hvigor-config.json5 content = { modelVersion: '5.1.1', dependencies: {} }
[2026-08-11T14:36:02.857] [DEBUG] debug-file - Since current hvigor version 6.24.4 differs from last hvigor version 
      undefined, delete file-cache.json and task-cache.json.
[2026-08-11T14:36:03.960] [DEBUG] debug-file - hvigorfile, binding system plugins [Function: appTasks]
[2026-08-11T14:36:03.960] [DEBUG] debug-file - App plugin prepare start...
[2026-08-11T14:36:04.140] [DEBUG] debug-file - Create  resident worker with id: 0.
[2026-08-11T14:36:04.068] [DEBUG] debug-file - App plugin register hook end...
[2026-08-11T14:36:04.070] [DEBUG] debug-file - Picking option from product 'default' with build mode 'debug'.
[2026-08-11T14:36:04.072] [DEBUG] debug-file - /Users/pange/Codes/genfee/worker-bee-atomic-service/build/cache/default/remote_hsp/remoteHspCache.json not exists.
[2026-08-11T14:36:04.102] [DEBUG] debug-file - Sdk init in 30 ms 
[2026-08-11T14:36:04.106] [DEBUG] debug-file - hvigorfile, begin to bind custom plugins...
[2026-08-11T14:36:04.127] [DEBUG] debug-file - Module entry Collected Dependency: 
[2026-08-11T14:36:04.130] [DEBUG] debug-file - runTaskFromQueue task cost before running: 1 s 277 ms 
[2026-08-11T14:36:04.122] [DEBUG] debug-file - load to the disk finished
[2026-08-11T14:36:04.117] [DEBUG] debug-file - Target 'default' config initialized
[2026-08-11T14:36:02.666] [DEBUG] debug-file - env: daemon=false
[2026-08-11T14:36:02.857] [DEBUG] debug-file - Cache service initialization finished in 1 ms 
[2026-08-11T14:36:03.960] [DEBUG] debug-file - App plugin prepare end...
[2026-08-11T14:36:04.141] [DEBUG] debug-file - Create  resident worker with id: 1.
[2026-08-11T14:36:04.068] [DEBUG] debug-file - Plugin build process completed
[2026-08-11T14:36:04.070] [DEBUG] debug-file - Product 'default' build option initialized
[2026-08-11T14:36:04.073] [DEBUG] debug-file - Local scan or download HarmonyOS sdk components toolchains,ets,js,native,previewer
[2026-08-11T14:36:04.106] [DEBUG] debug-file - hvigorfile, no custom plugins were found in /Users/pange/Codes/genfee/worker-bee-atomic-service/hvigorfile.ts
[2026-08-11T14:36:04.127] [DEBUG] debug-file - Module entry's total dependency: 0
[2026-08-11T14:36:04.123] [DEBUG] debug-file - Start to initialize dependency information.
[2026-08-11T14:36:04.131] [INFO] debug-file - Finished :entry:clean... after 1 ms 
[2026-08-11T14:36:04.117] [DEBUG] debug-file - Module 'entry' target 'default' build option initialized
[2026-08-11T14:36:02.666] [DEBUG] debug-file - no-daemon, use the parent process.execArgv --max-old-space-size=8192,--max-semi-space-size=16,--expose-gc
[2026-08-11T14:36:02.858] [DEBUG] debug-file - hvigorfile, resolving /Users/pange/Codes/genfee/worker-bee-atomic-service/hvigorfile.ts
[2026-08-11T14:36:03.960] [DEBUG] debug-file - App plugin creating...
[2026-08-11T14:36:04.141] [DEBUG] debug-file - Current worker pool is stopped or closed.
[2026-08-11T14:36:04.070] [DEBUG] debug-file - End initialize project's product build option map with build mode 'debug'.
[2026-08-11T14:36:04.076] [DEBUG] debug-file - Local scan or download hmscore sdk components toolchains,ets,native
[2026-08-11T14:36:04.106] [DEBUG] debug-file - hvigorfile, resolve finished /Users/pange/Codes/genfee/worker-bee-atomic-service/hvigorfile.ts
[2026-08-11T14:36:04.128] [DEBUG] debug-file - Configuration phase cost:1 s 271 ms 
[2026-08-11T14:36:04.118] [DEBUG] debug-file - End initialize module-target build option map, moduleName=entry
[2026-08-11T14:36:04.131] [DEBUG] debug-file - Executing task ::clean
[2026-08-11T14:36:04.107] [DEBUG] debug-file - hvigorfile, resolving /Users/pange/Codes/genfee/worker-bee-atomic-service/entry/hvigorfile.ts
[2026-08-11T14:36:04.118] [DEBUG] debug-file - Start initialize module-target build option map, moduleName=entry, buildMode=release
[2026-08-11T14:36:04.129] [DEBUG] debug-file - Configuration task cost before running: 1 s 276 ms 
[2026-08-11T14:36:04.131] [DEBUG] debug-file - clean: Worker pool is inactive.
[2026-08-11T14:36:04.110] [DEBUG] debug-file - hvigorfile, require result:  { default: { system: [Function: hapTasks] } }
[2026-08-11T14:36:04.118] [DEBUG] debug-file - Target 'default' config initialized
[2026-08-11T14:36:04.142] [DEBUG] debug-file - Clear worker 0.
[2026-08-11T14:36:04.125] [DEBUG] debug-file - Module worker-bee-atomic-service Collected Dependency: 
[2026-08-11T14:36:04.131] [DEBUG] debug-file - worker-bee-atomic-service : clean cost memory 0.01961517333984375
[2026-08-11T14:36:04.110] [DEBUG] debug-file - hvigorfile, binding system plugins [Function: hapTasks]
[2026-08-11T14:36:04.118] [DEBUG] debug-file - Module 'entry' target 'default' build option initialized
[2026-08-11T14:36:04.129] [DEBUG] debug-file - Executing task :entry:clean
[2026-08-11T14:36:04.142] [DEBUG] debug-file - Worker 0 has been cleared.
[2026-08-11T14:36:04.125] [DEBUG] debug-file - Module worker-bee-atomic-service's total dependency: 0
[2026-08-11T14:36:04.131] [DEBUG] debug-file - runTaskFromQueue task cost before running: 1 s 278 ms 
[2026-08-11T14:36:04.110] [DEBUG] debug-file - Starting plugin build process
[2026-08-11T14:36:04.118] [DEBUG] debug-file - End initialize module-target build option map, moduleName=entry
[2026-08-11T14:36:04.130] [DEBUG] debug-file - clean: Worker pool is inactive.
[2026-08-11T14:36:04.110] [DEBUG] debug-file - Hap plugin creating...
[2026-08-11T14:36:04.118] [DEBUG] debug-file - Start initialize module-target build option map, moduleName=entry, buildMode=debug
[2026-08-11T14:36:04.131] [INFO] debug-file - Finished ::clean... after 1 ms 
[2026-08-11T14:36:04.142] [DEBUG] debug-file - Current idle worker size: 1.
[2026-08-11T14:36:04.118] [DEBUG] debug-file - Target 'default' config initialized
[2026-08-11T14:36:04.131] [DEBUG] debug-file - Executing task :entry:init
[2026-08-11T14:36:04.142] [DEBUG] debug-file - Current busy worker size: 0.
[2026-08-11T14:36:04.131] [DEBUG] debug-file - entry : init cost memory 0.0126953125
[2026-08-11T14:36:04.142] [DEBUG] debug-file - Clear worker 1.
[2026-08-11T14:36:04.118] [DEBUG] debug-file - Module 'entry' target 'default' build option initialized
[2026-08-11T14:36:04.131] [DEBUG] debug-file - runTaskFromQueue task cost before running: 1 s 278 ms 
[2026-08-11T14:36:04.142] [DEBUG] debug-file - Worker 1 has been cleared.
[2026-08-11T14:36:04.118] [DEBUG] debug-file - End initialize module-target build option map, moduleName=entry
[2026-08-11T14:36:04.131] [INFO] debug-file - Finished :entry:init... after 1 ms 
[2026-08-11T14:36:04.142] [DEBUG] debug-file - Current idle worker size: 0.
[2026-08-11T14:36:04.118] [DEBUG] debug-file - Obtain build option for module 'entry' target 'default'in this build.
[2026-08-11T14:36:04.131] [DEBUG] debug-file - Executing task ::init
[2026-08-11T14:36:04.142] [DEBUG] debug-file - Current busy worker size: 0.
[2026-08-11T14:36:04.120] [DEBUG] debug-file - Module entry task initialization takes 3 ms 
[2026-08-11T14:36:04.131] [DEBUG] debug-file - worker-bee-atomic-service : init cost memory 0.0118408203125
[2026-08-11T14:36:04.142] [DEBUG] debug-file - hvigor build process will be closed.
[2026-08-11T14:36:04.120] [DEBUG] debug-file - Hap plugin register hook start...
[2026-08-11T14:36:04.131] [DEBUG] debug-file - runTaskFromQueue task cost before running: 1 s 279 ms 
[2026-08-11T14:36:04.147] [DEBUG] debug-file - worker[0] exits with exit code 0.
[2026-08-11T14:36:04.121] [DEBUG] debug-file - Hap plugin register hook end...
[2026-08-11T14:36:04.131] [INFO] debug-file - Finished ::init... after 1 ms 
[2026-08-11T14:36:04.147] [DEBUG] debug-file - worker[1] exits with exit code 0.
[2026-08-11T14:36:04.121] [DEBUG] debug-file - Plugin build process completed
[2026-08-11T14:36:04.132] [DEBUG] debug-file - Obtain build option for module 'entry' target 'default'in this build.
[2026-08-11T14:36:04.147] [DEBUG] debug-file - Current worker pool is terminated.
[2026-08-11T14:36:04.121] [DEBUG] debug-file - hvigorfile, begin to bind custom plugins...
[2026-08-11T14:36:04.139] [DEBUG] debug-file - Since there is no instance or instance is terminated, create a new worker pool.
[2026-08-11T14:36:04.121] [DEBUG] debug-file - hvigorfile, no custom plugins were found in /Users/pange/Codes/genfee/worker-bee-atomic-service/entry/hvigorfile.ts
[2026-08-11T14:36:04.139] [DEBUG] debug-file - Worker pool is initialized with config:  {
  minPoolNum: 2,
  maxPoolNum: undefined,
  maxCoreSize: undefined,
  cacheCapacity: undefined,
  cacheTtl: undefined
}
[2026-08-11T14:36:04.121] [DEBUG] debug-file - hvigorfile, resolve finished /Users/pange/Codes/genfee/worker-bee-atomic-service/entry/hvigorfile.ts
[2026-08-11T14:42:00.930] [DEBUG] debug-file - env: nodejsVersion=v18.20.1
[2026-08-11T14:42:00.943] [DEBUG] debug-file - env: daemon=true
[2026-08-11T14:42:00.931] [DEBUG] debug-file - env: hvigor-config.json5 content = { modelVersion: '5.1.1', dependencies: {} }
[2026-08-11T14:42:01.183] [DEBUG] debug-file - hvigor java daemon: Starting java daemon. jvmXmxValue=512m, jarPath=/Applications/DevEco-Studio.app/Contents/tools/hvigor/hvigor/lib/hvigor-java-daemon.jar
[2026-08-11T14:42:01.184] [DEBUG] debug-file - hvigor java daemon: Read cache file, 
    port=45050, pid=97638, sessionId exists=true
[2026-08-11T14:42:01.184] [DEBUG] debug-file - hvigor java daemon: Killing existing java daemon by pid=97638
[2026-08-11T14:42:01.202] [DEBUG] debug-file - hvigor java daemon: tryConnect failed, Error: connect ECONNREFUSED 127.0.0.1:45050, will start new daemon
[2026-08-11T14:42:01.213] [DEBUG] debug-file - java daemon started at port 45050 pid 3803
[2026-08-11T14:42:01.228] [DEBUG] debug-file - session manager: set active socket. socketId=tkvGW6msgrFsH0nKAAAB
[2026-08-11T14:42:01.499] [DEBUG] debug-file - watch worker: worker id should be larger than 0. Nothing will be sent to any worker thread.
[2026-08-11T14:42:01.501] [DEBUG] debug-file - Since there is no instance or instance is terminated, create a new worker pool.
[2026-08-11T14:42:01.502] [DEBUG] debug-file - Worker pool is initialized with config:  {
  minPoolNum: 2,
  maxPoolNum: undefined,
  maxCoreSize: undefined,
  cacheCapacity: undefined,
  cacheTtl: undefined
}
[2026-08-11T14:42:01.502] [DEBUG] debug-file - Create  resident worker with id: 0.
[2026-08-11T14:42:01.503] [DEBUG] debug-file - Create  resident worker with id: 1.
[2026-08-11T14:42:01.504] [DEBUG] debug-file - Workers' log level updated to INFO
[2026-08-11T14:42:01.510] [DEBUG] debug-file - Hvigor init with startParameters:{
  hvigorfileTypeCheck: false,
  parallelExecution: true,
  incrementalExecution: true,
  printStackTrace: false,
  daemon: true,
  analyze: 0,
  logLevel: Level { level: 20000, levelStr: 'INFO', colour: 'green' },
  optimizationStrategy: 'memory',
  hotCompile: undefined,
  hotReloadBuild: undefined,
  customizedParam: undefined
}
[2026-08-11T14:42:01.511] [DEBUG] debug-file - Cache service initialization finished in 1 ms 
[2026-08-11T14:42:01.512] [DEBUG] debug-file - hvigorfile, resolving /Users/pange/Codes/genfee/worker-bee-atomic-service/hvigorfile.ts
[2026-08-11T14:42:02.329] [DEBUG] debug-file - hvigorfile, require result:  { default: {} }
[2026-08-11T14:42:02.329] [DEBUG] debug-file - hvigorfile, binding system plugins null
[2026-08-11T14:42:02.329] [DEBUG] debug-file - Starting plugin build process
[2026-08-11T14:42:02.329] [DEBUG] debug-file - App plugin prepare start...
[2026-08-11T14:42:02.329] [DEBUG] debug-file - App plugin prepare end...
[2026-08-11T14:42:02.330] [DEBUG] debug-file - App plugin creating...
[2026-08-11T14:42:02.434] [DEBUG] debug-file - App plugin register hook start...
[2026-08-11T14:42:02.434] [DEBUG] debug-file - App plugin register hook end...
[2026-08-11T14:42:02.434] [DEBUG] debug-file - Plugin build process completed
[2026-08-11T14:42:02.435] [DEBUG] debug-file - Start initialize project's product build option map with build mode debug.
[2026-08-11T14:42:02.435] [DEBUG] debug-file - Picking option from product 'default' with build mode 'debug'.
[2026-08-11T14:42:02.435] [DEBUG] debug-file - Product 'default' build option initialized
[2026-08-11T14:42:02.435] [DEBUG] debug-file - End initialize project's product build option map with build mode 'debug'.
[2026-08-11T14:42:02.436] [DEBUG] debug-file - Obtain build option for product 'default'in this build.
[2026-08-11T14:42:02.437] [DEBUG] debug-file - /Users/pange/Codes/genfee/worker-bee-atomic-service/build/cache/default/remote_hsp/remoteHspCache.json not exists.
[2026-08-11T14:42:02.438] [DEBUG] debug-file - Local scan or download HarmonyOS sdk components toolchains,ets,js,native,previewer
[2026-08-11T14:42:02.440] [DEBUG] debug-file - Local scan or download hmscore sdk components toolchains,ets,native
[2026-08-11T14:42:02.440] [DEBUG] debug-file - Start recording SDK configuration permission data.
[2026-08-11T14:42:02.464] [DEBUG] debug-file - Sdk init in 27 ms 
[2026-08-11T14:42:02.467] [DEBUG] debug-file - Project task initialization takes 3 ms 
[2026-08-11T14:42:02.467] [DEBUG] debug-file - hvigorfile, begin to bind custom plugins...
[2026-08-11T14:42:02.467] [DEBUG] debug-file - hvigorfile, no custom plugins were found in /Users/pange/Codes/genfee/worker-bee-atomic-service/hvigorfile.ts
[2026-08-11T14:42:02.467] [DEBUG] debug-file - hvigorfile, resolve finished /Users/pange/Codes/genfee/worker-bee-atomic-service/hvigorfile.ts
[2026-08-11T14:42:02.468] [DEBUG] debug-file - hvigorfile, resolving /Users/pange/Codes/genfee/worker-bee-atomic-service/entry/hvigorfile.ts
[2026-08-11T14:42:02.471] [DEBUG] debug-file - hvigorfile, require result:  { default: {} }
[2026-08-11T14:42:02.471] [DEBUG] debug-file - hvigorfile, binding system plugins null
[2026-08-11T14:42:02.471] [DEBUG] debug-file - Starting plugin build process
[2026-08-11T14:42:02.472] [DEBUG] debug-file - Hap plugin creating...
[2026-08-11T14:42:02.472] [DEBUG] debug-file - failed to load cangjie to dynamically generate schemas: Error: Cannot find module '@ohos/cangjie-build-support/index'
Require stack:
- /Applications/DevEco-Studio.app/Contents/tools/hvigor/hvigor-ohos-plugin/src/plugin/hooks/cangjie-register.js
- /Applications/DevEco-Studio.app/Contents/tools/hvigor/hvigor-ohos-plugin/src/plugin/strategy/stage-init-strategy.js
- /Applications/DevEco-Studio.app/Contents/tools/hvigor/hvigor-ohos-plugin/src/plugin/builder/abstract-plugin-builder.js
- /Applications/DevEco-Studio.app/Contents/tools/hvigor/hvigor-ohos-plugin/src/plugin/builder/app-plugin-builder.js
- /Applications/DevEco-Studio.app/Contents/tools/hvigor/hvigor-ohos-plugin/src/plugin/factory/plugin-factory.js
- /Applications/DevEco-Studio.app/Contents/tools/hvigor/hvigor-ohos-plugin/index.js
- /Users/pange/Codes/genfee/worker-bee-atomic-service/hvigorfile.ts
- /Applications/DevEco-Studio.app/Contents/tools/hvigor/hvigor/src/base/internal/lifecycle/configuration.js
- /Applications/DevEco-Studio.app/Contents/tools/hvigor/hvigor/src/base/boot/index.js
- /Applications/DevEco-Studio.app/Contents/tools/hvigor/hvigor/src/base/daemon/cluster/worker-process-lifecycle.js
- /Applications/DevEco-Studio.app/Contents/tools/hvigor/hvigor/src/base/daemon/process/daemon-process-boot-script.js
[2026-08-11T14:42:02.478] [DEBUG] debug-file - Start initialize module-target build option map, moduleName=entry, buildMode=debug
[2026-08-11T14:42:02.478] [DEBUG] debug-file - Target 'default' config initialized
[2026-08-11T14:42:02.479] [DEBUG] debug-file - Module 'entry' target 'default' build option initialized
[2026-08-11T14:42:02.479] [DEBUG] debug-file - End initialize module-target build option map, moduleName=entry
[2026-08-11T14:42:02.479] [DEBUG] debug-file - Start initialize module-target build option map, moduleName=entry, buildMode=release
[2026-08-11T14:42:02.479] [DEBUG] debug-file - Target 'default' config initialized
[2026-08-11T14:42:02.479] [DEBUG] debug-file - Module 'entry' target 'default' build option initialized
[2026-08-11T14:42:02.479] [DEBUG] debug-file - End initialize module-target build option map, moduleName=entry
[2026-08-11T14:42:02.479] [DEBUG] debug-file - Start initialize module-target build option map, moduleName=entry, buildMode=debug
[2026-08-11T14:42:02.479] [DEBUG] debug-file - Target 'default' config initialized
[2026-08-11T14:42:02.479] [DEBUG] debug-file - Module 'entry' target 'default' build option initialized
[2026-08-11T14:42:02.479] [DEBUG] debug-file - End initialize module-target build option map, moduleName=entry
[2026-08-11T14:42:02.479] [DEBUG] debug-file - Obtain build option for module 'entry' target 'default'in this build.
[2026-08-11T14:42:02.482] [DEBUG] debug-file - Module entry task initialization takes 3 ms 
[2026-08-11T14:42:02.482] [DEBUG] debug-file - Hap plugin register hook start...
[2026-08-11T14:42:02.482] [DEBUG] debug-file - Hap plugin register hook end...
[2026-08-11T14:42:02.482] [DEBUG] debug-file - Plugin build process completed
[2026-08-11T14:42:02.482] [DEBUG] debug-file - hvigorfile, begin to bind custom plugins...
[2026-08-11T14:42:02.482] [DEBUG] debug-file - hvigorfile, no custom plugins were found in /Users/pange/Codes/genfee/worker-bee-atomic-service/entry/hvigorfile.ts
[2026-08-11T14:42:02.482] [DEBUG] debug-file - hvigorfile, resolve finished /Users/pange/Codes/genfee/worker-bee-atomic-service/entry/hvigorfile.ts
[2026-08-11T14:42:02.530] [DEBUG] debug-file - hvigorfile, resolve hvigorfile dependencies in 48 ms 
[2026-08-11T14:42:02.531] [DEBUG] debug-file - project has submodules:entry
[2026-08-11T14:42:02.533] [DEBUG] debug-file - start to load updatedOhPackageInfo to the disk
[2026-08-11T14:42:02.534] [DEBUG] debug-file - load to the disk finished
[2026-08-11T14:42:02.534] [DEBUG] debug-file - Start to initialize dependency information.
[2026-08-11T14:42:02.538] [DEBUG] debug-file - Module worker-bee-atomic-service Collected Dependency: 
[2026-08-11T14:42:02.538] [DEBUG] debug-file - Module worker-bee-atomic-service's total dependency: 0
[2026-08-11T14:42:02.538] [DEBUG] debug-file - Start to initialize dependency information.
[2026-08-11T14:42:02.539] [DEBUG] debug-file - Module entry Collected Dependency: 
[2026-08-11T14:42:02.539] [DEBUG] debug-file - Module entry's total dependency: 0
[2026-08-11T14:42:02.541] [DEBUG] debug-file - Configuration phase cost:1 s 30 ms 
[2026-08-11T14:42:02.542] [DEBUG] debug-file - Configuration task cost before running: 1 s 38 ms 
[2026-08-11T14:42:02.542] [DEBUG] debug-file - Executing task :entry:clean
[2026-08-11T14:42:02.542] [DEBUG] debug-file - clean: Worker pool is inactive.
[2026-08-11T14:42:02.543] [DEBUG] debug-file - entry : clean cost memory 0.08124542236328125
[2026-08-11T14:42:02.543] [DEBUG] debug-file - runTaskFromQueue task cost before running: 1 s 39 ms 
[2026-08-11T14:42:02.543] [INFO] debug-file - Finished :entry:clean... after 1 ms 
[2026-08-11T14:42:02.545] [DEBUG] debug-file - Executing task :entry:default@PreBuild
[2026-08-11T14:42:02.545] [WARN] debug-file - The project has not explicitly set the 'targetSdkVersion' version at build-profile.json5. It is recommended to configure it. Reference: https://developer.huawei.com/consumer/cn/doc/harmonyos-guides/ide-hvigor-build-profile-app#section45865492619
[2026-08-11T14:42:02.547] [DEBUG] debug-file - Task 'entry:default@PreBuild' cost while wrapping incremental declarations: 1 ms 
[2026-08-11T14:42:02.627] [DEBUG] debug-file - Use tool [darwin: JAVA_HOME, CLASSPATH]
 [
  {
    JAVA_HOME: '/Applications/DevEco-Studio.app/Contents/jbr/Contents/Home'
  },
  { CLASSPATH: undefined }
]
[2026-08-11T14:42:02.627] [DEBUG] debug-file - Use tool [darwin: NODE_HOME]
 [
  {
    NODE_HOME: '/Applications/DevEco-Studio.app/Contents/tools/node/bin'
  }
]
[2026-08-11T14:42:02.628] [DEBUG] debug-file - entry : default@PreBuild cost memory 16.10582733154297
[2026-08-11T14:42:02.628] [DEBUG] debug-file - runTaskFromQueue task cost before running: 1 s 124 ms 
[2026-08-11T14:42:02.629] [INFO] debug-file - Finished :entry:default@PreBuild... after 83 ms 
[2026-08-11T14:42:02.629] [DEBUG] debug-file - Executing task :entry:default@CreateModuleInfo
[2026-08-11T14:42:02.630] [DEBUG] debug-file - Task 'entry:default@CreateModuleInfo' cost while wrapping incremental declarations: 1 ms 
[2026-08-11T14:42:02.630] [DEBUG] debug-file - entry : default@CreateModuleInfo cost memory 0.0409393310546875
[2026-08-11T14:42:02.630] [DEBUG] debug-file - runTaskFromQueue task cost before running: 1 s 126 ms 
[2026-08-11T14:42:02.630] [INFO] debug-file - Finished :entry:default@CreateModuleInfo... after 1 ms 
[2026-08-11T14:42:02.631] [DEBUG] debug-file - Executing task :entry:default@GenerateMetadata
[2026-08-11T14:42:02.632] [DEBUG] debug-file - Task 'entry:default@GenerateMetadata' cost while wrapping incremental declarations: 1 ms 
[2026-08-11T14:42:02.633] [DEBUG] debug-file - entry : default@GenerateMetadata cost memory 0.0630645751953125
[2026-08-11T14:42:02.633] [DEBUG] debug-file - runTaskFromQueue task cost before running: 1 s 129 ms 
[2026-08-11T14:42:02.633] [INFO] debug-file - Finished :entry:default@GenerateMetadata... after 2 ms 
[2026-08-11T14:42:02.633] [DEBUG] debug-file - Executing task :entry:default@ConfigureCmake
[2026-08-11T14:42:02.633] [DEBUG] debug-file - entry : default@ConfigureCmake cost memory 0.0145263671875
[2026-08-11T14:42:02.633] [DEBUG] debug-file - runTaskFromQueue task cost before running: 1 s 129 ms 
[2026-08-11T14:42:02.633] [INFO] debug-file - Finished :entry:default@ConfigureCmake... after 1 ms 
[2026-08-11T14:42:02.634] [DEBUG] debug-file - Executing task :entry:default@MergeProfile
[2026-08-11T14:42:02.634] [DEBUG] debug-file - Task 'entry:default@MergeProfile' cost while wrapping incremental declarations: 1 ms 
[2026-08-11T14:42:02.635] [DEBUG] debug-file - Change app api release type with 'Release'
[2026-08-11T14:42:02.635] [DEBUG] debug-file - Change app compile API version with '6.1.1.125'
[2026-08-11T14:42:02.635] [DEBUG] debug-file - Change app target API version with '60101024'
[2026-08-11T14:42:02.635] [DEBUG] debug-file - Change app minimum API version with '50000012'
[2026-08-11T14:42:02.635] [DEBUG] debug-file - Use cli appEnvironment
[2026-08-11T14:42:02.636] [DEBUG] debug-file - entry : default@MergeProfile cost memory 0.14943695068359375
[2026-08-11T14:42:02.636] [DEBUG] debug-file - runTaskFromQueue task cost before running: 1 s 132 ms 
[2026-08-11T14:42:02.636] [INFO] debug-file - Finished :entry:default@MergeProfile... after 2 ms 
[2026-08-11T14:42:02.636] [DEBUG] debug-file - Executing task :entry:default@CreateBuildProfile
[2026-08-11T14:42:02.636] [DEBUG] debug-file - Task 'entry:default@CreateBuildProfile' cost while wrapping incremental declarations: 1 ms 
[2026-08-11T14:42:02.637] [DEBUG] debug-file - entry : default@CreateBuildProfile cost memory 0.06650543212890625
[2026-08-11T14:42:02.637] [DEBUG] debug-file - runTaskFromQueue task cost before running: 1 s 133 ms 
[2026-08-11T14:42:02.637] [INFO] debug-file - Finished :entry:default@CreateBuildProfile... after 1 ms 
[2026-08-11T14:42:02.637] [DEBUG] debug-file - Executing task :entry:default@PreCheckSyscap
[2026-08-11T14:42:02.638] [DEBUG] debug-file - entry : default@PreCheckSyscap cost memory 0.01470184326171875
[2026-08-11T14:42:02.638] [DEBUG] debug-file - runTaskFromQueue task cost before running: 1 s 134 ms 
[2026-08-11T14:42:02.638] [INFO] debug-file - Finished :entry:default@PreCheckSyscap... after 1 ms 
[2026-08-11T14:42:02.638] [DEBUG] debug-file - Executing task :entry:default@GeneratePkgContextInfo
[2026-08-11T14:42:02.643] [DEBUG] debug-file - Task 'entry:default@GeneratePkgContextInfo' cost while wrapping incremental declarations: 1 ms 
[2026-08-11T14:42:02.643] [DEBUG] debug-file - entry : default@GeneratePkgContextInfo cost memory 0.4903106689453125
[2026-08-11T14:42:02.643] [DEBUG] debug-file - runTaskFromQueue task cost before running: 1 s 139 ms 
[2026-08-11T14:42:02.643] [INFO] debug-file - Finished :entry:default@GeneratePkgContextInfo... after 5 ms 
[2026-08-11T14:42:02.644] [DEBUG] debug-file - Executing task :entry:default@GeneratePkgSdkInfo
[2026-08-11T14:42:02.644] [DEBUG] debug-file - Task 'entry:default@GeneratePkgSdkInfo' cost while wrapping incremental declarations: 1 ms 
[2026-08-11T14:42:02.645] [DEBUG] debug-file - entry : default@GeneratePkgSdkInfo cost memory 0.10823822021484375
[2026-08-11T14:42:02.645] [DEBUG] debug-file - runTaskFromQueue task cost before running: 1 s 141 ms 
[2026-08-11T14:42:02.645] [INFO] debug-file - Finished :entry:default@GeneratePkgSdkInfo... after 2 ms 
[2026-08-11T14:42:02.646] [DEBUG] debug-file - Executing task :entry:default@ProcessIntegratedHsp
[2026-08-11T14:42:02.647] [DEBUG] debug-file - entry : default@ProcessIntegratedHsp cost memory 0.02993011474609375
[2026-08-11T14:42:02.647] [DEBUG] debug-file - runTaskFromQueue task cost before running: 1 s 143 ms 
[2026-08-11T14:42:02.647] [INFO] debug-file - Finished :entry:default@ProcessIntegratedHsp... after 1 ms 
[2026-08-11T14:42:02.647] [DEBUG] debug-file - Executing task :entry:default@BuildNativeWithCmake
[2026-08-11T14:42:02.647] [DEBUG] debug-file - entry : default@BuildNativeWithCmake cost memory 0.0152130126953125
[2026-08-11T14:42:02.647] [DEBUG] debug-file - runTaskFromQueue task cost before running: 1 s 143 ms 
[2026-08-11T14:42:02.648] [INFO] debug-file - Finished :entry:default@BuildNativeWithCmake... after 1 ms 
[2026-08-11T14:42:02.648] [DEBUG] debug-file - Executing task :entry:default@MakePackInfo
[2026-08-11T14:42:02.649] [DEBUG] debug-file - Module Pack Info:  {
  summary: {
    app: {
      bundleName: 'c***7',
      bundleType: 'atomicService',
      version: [Object]
    },
    modules: [ [Object] ]
  },
  packages: [
    {
      deviceType: [Array],
      moduleType: 'entry',
      deliveryWithInstall: true,
      name: 'entry-default'
    }
  ]
}
[2026-08-11T14:42:02.649] [DEBUG] debug-file - entry : default@MakePackInfo cost memory 0.10174560546875
[2026-08-11T14:42:02.649] [DEBUG] debug-file - runTaskFromQueue task cost before running: 1 s 145 ms 
[2026-08-11T14:42:02.649] [INFO] debug-file - Finished :entry:default@MakePackInfo... after 2 ms 
[2026-08-11T14:42:02.650] [DEBUG] debug-file - Executing task :entry:default@SyscapTransform
[2026-08-11T14:42:02.650] [DEBUG] debug-file - File: '/Users/pange/Codes/genfee/worker-bee-atomic-service/entry/src/main/syscap.json' from 'sysCapJsonPath' is not exists, just ignore.
[2026-08-11T14:42:02.650] [DEBUG] debug-file - Task 'entry:default@SyscapTransform' cost while wrapping incremental declarations: 1 ms 
[2026-08-11T14:42:02.650] [DEBUG] debug-file - entry : default@SyscapTransform cost memory 0.049652099609375
[2026-08-11T14:42:02.650] [DEBUG] debug-file - runTaskFromQueue task cost before running: 1 s 146 ms 
[2026-08-11T14:42:02.650] [INFO] debug-file - Finished :entry:default@SyscapTransform... after 1 ms 
[2026-08-11T14:42:02.651] [DEBUG] debug-file - Executing task :entry:default@ProcessProfile
[2026-08-11T14:42:02.651] [DEBUG] debug-file - Task 'entry:default@ProcessProfile' cost while wrapping incremental declarations: 1 ms 
[2026-08-11T14:42:02.652] [DEBUG] debug-file - [
  '/Applications/DevEco-Studio.app/Contents/tools/node/bin/node',
  '/Applications/DevEco-Studio.app/Contents/sdk/default/openharmony/ets/build-tools/ets-loader/bin/ark/ts2abc.js',
  '--target-api-version',
  '12',
  '--target-api-sub-version',
  'beta1'
]
[2026-08-11T14:42:02.729] [DEBUG] debug-file - 12.0.2.0
[2026-08-11T14:42:02.730] [DEBUG] debug-file - No need to add fake ui ability because of not in preview process.
[2026-08-11T14:42:02.730] [DEBUG] debug-file - entry : default@ProcessProfile cost memory 0.25849151611328125
[2026-08-11T14:42:02.730] [DEBUG] debug-file - runTaskFromQueue task cost before running: 1 s 226 ms 
[2026-08-11T14:42:02.730] [INFO] debug-file - Finished :entry:default@ProcessProfile... after 80 ms 
[2026-08-11T14:42:02.733] [DEBUG] debug-file - Executing task :entry:default@ProcessRouterMap
[2026-08-11T14:42:02.734] [DEBUG] debug-file - entry : default@ProcessRouterMap cost memory 0.0683441162109375
[2026-08-11T14:42:02.734] [DEBUG] debug-file - runTaskFromQueue task cost before running: 1 s 230 ms 
[2026-08-11T14:42:02.734] [INFO] debug-file - Finished :entry:default@ProcessRouterMap... after 2 ms 
[2026-08-11T14:42:02.734] [DEBUG] debug-file - Executing task :entry:default@ProcessShareConfig
[2026-08-11T14:42:02.735] [DEBUG] debug-file - entry : default@ProcessShareConfig cost memory 0.0555572509765625
[2026-08-11T14:42:02.735] [DEBUG] debug-file - runTaskFromQueue task cost before running: 1 s 231 ms 
[2026-08-11T14:42:02.735] [INFO] debug-file - Finished :entry:default@ProcessShareConfig... after 1 ms 
[2026-08-11T14:42:02.736] [DEBUG] debug-file - Executing task :entry:default@ProcessStartupConfig
[2026-08-11T14:42:02.736] [DEBUG] debug-file - Task 'entry:default@ProcessStartupConfig' cost while wrapping incremental declarations: 1 ms 
[2026-08-11T14:42:02.736] [DEBUG] debug-file - entry : default@ProcessStartupConfig cost memory 0.0566253662109375
[2026-08-11T14:42:02.736] [DEBUG] debug-file - runTaskFromQueue task cost before running: 1 s 232 ms 
[2026-08-11T14:42:02.736] [INFO] debug-file - Finished :entry:default@ProcessStartupConfig... after 1 ms 
[2026-08-11T14:42:02.737] [DEBUG] debug-file - Executing task :entry:default@BuildNativeWithNinja
[2026-08-11T14:42:02.737] [DEBUG] debug-file - entry : default@BuildNativeWithNinja cost memory 0.0244598388671875
[2026-08-11T14:42:02.737] [DEBUG] debug-file - runTaskFromQueue task cost before running: 1 s 233 ms 
[2026-08-11T14:42:02.737] [INFO] debug-file - Finished :entry:default@BuildNativeWithNinja... after 1 ms 
[2026-08-11T14:42:02.738] [DEBUG] debug-file - restool module names: entry; moduleName=entry, taskName=default@ProcessResource
[2026-08-11T14:42:02.739] [DEBUG] debug-file - Executing task :entry:default@ProcessResource
[2026-08-11T14:42:02.739] [DEBUG] debug-file - Task 'entry:default@ProcessResource' cost while wrapping incremental declarations: 1 ms 
[2026-08-11T14:42:02.739] [DEBUG] debug-file - entry : default@ProcessResource cost memory 0.147552490234375
[2026-08-11T14:42:02.740] [DEBUG] debug-file - runTaskFromQueue task cost before running: 1 s 236 ms 
[2026-08-11T14:42:02.740] [INFO] debug-file - Finished :entry:default@ProcessResource... after 2 ms 
[2026-08-11T14:42:02.741] [DEBUG] debug-file - Executing task :entry:default@GenerateLoaderJson
[2026-08-11T14:42:02.741] [DEBUG] debug-file - Task 'entry:default@GenerateLoaderJson' cost while wrapping incremental declarations: 1 ms 
[2026-08-11T14:42:02.743] [DEBUG] debug-file - entry : default@GenerateLoaderJson cost memory 0.45087432861328125
[2026-08-11T14:42:02.743] [DEBUG] debug-file - runTaskFromQueue task cost before running: 1 s 239 ms 
[2026-08-11T14:42:02.744] [INFO] debug-file - Finished :entry:default@GenerateLoaderJson... after 3 ms 
[2026-08-11T14:42:02.744] [DEBUG] debug-file - Executing task :entry:default@ProcessLibs
[2026-08-11T14:42:02.745] [DEBUG] debug-file - entry : default@ProcessLibs cost memory 0.05287933349609375
[2026-08-11T14:42:02.745] [DEBUG] debug-file - runTaskFromQueue task cost before running: 1 s 241 ms 
[2026-08-11T14:42:02.745] [INFO] debug-file - Finished :entry:default@ProcessLibs... after 1 ms 
[2026-08-11T14:42:02.745] [DEBUG] debug-file - restool module names: entry; moduleName=entry, taskName=default@CompileResource
[2026-08-11T14:42:02.745] [DEBUG] debug-file - Executing task :entry:default@CompileResource
[2026-08-11T14:42:02.819] [DEBUG] debug-file - Use tool [/Applications/DevEco-Studio.app/Contents/sdk/default/openharmony/toolchains/restool]
 [
  '/Applications/DevEco-Studio.app/Contents/sdk/default/openharmony/toolchains/restool',
  '-l',
  '/Users/pange/Codes/genfee/worker-bee-atomic-service/entry/build/default/intermediates/res/default/resConfig.json'
]
[2026-08-11T14:42:02.820] [DEBUG] debug-file - current process  memoryUsage: {
  rss: 340754432,
  heapTotal: 182960128,
  heapUsed: 162109536,
  external: 3357203,
  arrayBuffers: 1472917
} os memoryUsage :31.821136474609375
[2026-08-11T14:42:02.848] [DEBUG] debug-file - Info: Pack: normal pack mode

[2026-08-11T14:42:02.945] [DEBUG] debug-file - Info: hardware concurrency count is : 10
Info: thread count is : 10

[2026-08-11T14:42:02.945] [DEBUG] debug-file - Info: thread pool is started

[2026-08-11T14:42:02.947] [DEBUG] debug-file - Info: GenericCompiler::CompileFiles

[2026-08-11T14:42:02.949] [DEBUG] debug-file - Info: GenericCompiler::CompileFiles

[2026-08-11T14:42:02.950] [DEBUG] debug-file - Warning: '/Users/pange/Codes/genfee/worker-bee-atomic-service/entry/src/main/resources/base/media/app_icon.png' is defined repeatedly.

[2026-08-11T14:42:02.950] [DEBUG] debug-file - Info: GenericCompiler::CompileFiles

[2026-08-11T14:42:02.952] [DEBUG] debug-file - 08-11 14:42:02.952  3832 19497794 E C01400/ImageTranscoderUtils: DecodeToRGBA IN

[2026-08-11T14:42:02.953] [DEBUG] debug-file - 08-11 14:42:02.952  3832 19497794 E C01400/ImageTranscoderUtils: ImageFilter IN /Users/pange/Codes/genfee/worker-bee-atomic-service/AppScope/resources/base/media/app_icon.png

[2026-08-11T14:42:02.958] [DEBUG] debug-file - 08-11 14:42:02.958  3832 19497794 E C01400/ImageTranscoder: TranscodeSLR ScalePixelsWithSLR failed

[2026-08-11T14:42:02.958] [DEBUG] debug-file - Warning: ScaleImage failed, file path = /Users/pange/Codes/genfee/worker-bee-atomic-service/AppScope/resources/base/media/app_icon.png

[2026-08-11T14:42:02.959] [DEBUG] debug-file - Info: restool resources compile success.

[2026-08-11T14:42:02.959] [DEBUG] debug-file - Info: thread pool is stopped

[2026-08-11T14:42:02.962] [DEBUG] debug-file - entry : default@CompileResource cost memory -25.170570373535156
[2026-08-11T14:42:02.963] [DEBUG] debug-file - runTaskFromQueue task cost before running: 1 s 458 ms 
[2026-08-11T14:42:02.963] [INFO] debug-file - Finished :entry:default@CompileResource... after 218 ms 
[2026-08-11T14:42:02.963] [DEBUG] debug-file - Executing task :entry:default@DoNativeStrip
[2026-08-11T14:42:02.963] [DEBUG] debug-file - File: '/Users/pange/Codes/genfee/worker-bee-atomic-service/entry/build/default/intermediates/binxo/default' from 'doBinxoNativeLibs' is not exists, just ignore.
[2026-08-11T14:42:02.964] [DEBUG] debug-file - Task 'entry:default@DoNativeStrip' cost while wrapping incremental declarations: 1 ms 
[2026-08-11T14:42:02.964] [DEBUG] debug-file - entry : default@DoNativeStrip cost memory 0.0558624267578125
[2026-08-11T14:42:02.964] [DEBUG] debug-file - runTaskFromQueue task cost before running: 1 s 460 ms 
[2026-08-11T14:42:02.964] [INFO] debug-file - Finished :entry:default@DoNativeStrip... after 2 ms 
[2026-08-11T14:42:02.965] [DEBUG] debug-file - Executing task :entry:default@CompileArkTS
[2026-08-11T14:42:02.965] [DEBUG] debug-file - obfuscationOptions: undefined
[2026-08-11T14:42:02.966] [DEBUG] debug-file - Task 'entry:default@CompileArkTS' cost while wrapping incremental declarations: 1 ms 
[2026-08-11T14:42:02.971] [DEBUG] debug-file - build config:
[2026-08-11T14:42:02.971] [DEBUG] debug-file - {
  moduleType: 'entry',
  perf: 0,
  targetName: '.default',
  packageManagerType: 'ohpm',
  localPropertiesPath: '/Users/pange/Codes/genfee/worker-bee-atomic-service/local.properties',
  isPreview: false,
  isOhosTest: false,
  isLocalTest: false,
  buildMode: 'Debug',
  hotReloadBuild: undefined,
  watchMode: 'false',
  aceProfilePath: '/Users/pange/Codes/genfee/worker-bee-atomic-service/entry/build/default/intermediates/res/default/resources/base/profile',
  etsLoaderPath: '/Applications/DevEco-Studio.app/Contents/sdk/default/openharmony/ets/build-tools/ets-loader',
  modulePath: '/Users/pange/Codes/genfee/worker-bee-atomic-service/entry',
  testFrameworkPar: {
    testMode: undefined,
    coveragePathFilter: undefined,
    coverageMode: undefined
  },
  needCoverageInsert: false,
  debugLine: false,
  projectTopDir: '/Users/pange/Codes/genfee/worker-bee-atomic-service',
  compileSdkVersion: 24,
  compatibleSdkVersion: 12,
  originCompatibleSdkVersion: '5.0.0(12)',
  compatibleSdkVersionStage: 'beta1',
  bundleName: 'c***7',
  etsLoaderVersion: '6.1.1.125',
  etsLoaderReleaseType: 'Release',
  aotCompileMode: 'type',
  apPath: '/Users/pange/Codes/genfee/worker-bee-atomic-service/entry/modules.ap',
  entryModuleName: 'entry',
  entryModuleVersion: '1.0.0',
  entryPackageName: 'entry',
  allModuleNameHash: 'b6b811d2f71314b7490cc7ab3d975985978821104ce9c72f43777df40513d96d',
  externalApiPaths: [ '/Applications/DevEco-Studio.app/Contents/sdk/default/hms/ets' ],
  compilerTypes: [],
  isCrossplatform: false,
  hvigorPluginFile: undefined,
  compilePluginPath: undefined,
  buildGeneratedProfilePath: '/Users/pange/Codes/genfee/worker-bee-atomic-service/entry/build/default/generated/profile/default',
  bundleType: 'atomicService',
  arkTSVersion: undefined,
  apiVersion: 24,
  needCompleteSourcesMap: false,
  isFaMode: false,
  buildDir: '/Users/pange/Codes/genfee/worker-bee-atomic-service/entry/build',
  deviceTypes: [ 'phone', 'tablet' ],
  pkgContextInfo: undefined,
  ohPackagePathMap: {},
  dependencyAliasMap: {},
  permission: {
    requestPermissions: [ [Object], [Object] ],
    definePermissions: undefined
  },
  useGetCurrentBundleName: false,
  projectArkOption: undefined,
  sourceMapDir: undefined,
  branchElimination: false,
  transformLib: undefined,
  tsImportSendable: false,
  resolveConflictMode: true,
  depName2RootPath: {},
  depName2DepInfo: {},
  depName2OhExports: {},
  rootPathSet: [ '/Users/pange/Codes/genfee/worker-bee-atomic-service' ],
  useNativeResolver: true,
  shouldEmitJs: true,
  useTscResolve: false,
  singleFileEmit: false,
  userProjectConfig: {
    autoLazyImport: false,
    allowEmptyBundleName: false,
    reExportCheckMode: 'noCheck',
    executionMode: 'memory',
    usePathPlaceholder: false,
    writeRollupCache: true,
    isExpandImportEnabled: false,
    expandImportExclude: '',
    lazyImportExclude: '',
    lazyImportInclude: '',
    ignoreCrossplatformCheck: false,
    isHarDeduplicateEnabled: false,
    skipOhModulesLint: false,
    enableStrictCheckOHModule: false,
    disableSendableCheckRules: [],
    useDeclarationFileSignature: false,
    customizedOptions: undefined,
    integratedHsp: false,
    isPreloadSoEnabled: false
  },
  executionMode: 'memory',
  arkCompileCachePath: '/Users/pange/Codes/genfee/worker-bee-atomic-service/entry/build/default/cache/default/default@CompileArkTS/esmodule',
  autoLazyFilter: undefined,
  isHarDeduplicateEnabled: false,
  intermediateHarDuplicateDirPath: '/Users/pange/Codes/genfee/worker-bee-atomic-service/entry/build/default/intermediates/har_duplicate/default',
  autoLazyImport: false,
  allowEmptyBundleName: false,
  reExportCheckMode: 'noCheck',
  usePathPlaceholder: false,
  writeRollupCache: true,
  isExpandImportEnabled: false,
  expandImportExclude: '',
  lazyImportExclude: '',
  lazyImportInclude: '',
  ignoreCrossplatformCheck: false,
  skipOhModulesLint: false,
  enableStrictCheckOHModule: false,
  disableSendableCheckRules: [],
  useDeclarationFileSignature: false,
  customizedOptions: undefined,
  integratedHsp: false,
  isPreloadSoEnabled: false,
  strictMode: undefined,
  useNormalizedOHMUrl: false,
  caseSensitiveCheck: false,
  strictCheckerOnly: false,
  aceModuleJsonPath: '/Users/pange/Codes/genfee/worker-bee-atomic-service/entry/build/default/intermediates/res/default/ark_module.json',
  appResource: '/Users/pange/Codes/genfee/worker-bee-atomic-service/entry/build/default/intermediates/res/default/ResourceTable.txt',
  rawFileResource: '/Users/pange/Codes/genfee/worker-bee-atomic-service/entry/build/default/intermediates/res/default/resources/rawfile',
  resourceTableHash: '506ce0e8708a79f6b40d6c8e4f650136eb16e8713370ef7716f6ba58e9e43fd6',
  runtimeOS: 'HarmonyOS',
  sdkInfo: 'false:24:6.1.1.125:Release',
  aceModuleRoot: '/Users/pange/Codes/genfee/worker-bee-atomic-service/entry/src/main/ets',
  compileMode: 'esmodule',
  aceSuperVisualPath: '/Users/pange/Codes/genfee/worker-bee-atomic-service/entry/src/main/supervisual',
  aceBuildJson: '/Users/pange/Codes/genfee/worker-bee-atomic-service/entry/build/default/intermediates/loader/default/loader.json',
  cachePath: '/Users/pange/Codes/genfee/worker-bee-atomic-service/entry/build/default/cache/default/default@CompileArkTS/esmodule/debug',
  aceModuleBuild: '/Users/pange/Codes/genfee/worker-bee-atomic-service/entry/build/default/intermediates/loader_out/default/ets',
  supportChunks: true,
  declaredFilesPath: undefined,
  shouldCollectDirectImportees: false,
  isByteCodeHarOptimize: false,
  expandImportPath: undefined,
  resourceTableTs: '/Users/pange/Codes/genfee/worker-bee-atomic-service/entry/build/default/generated/r/default/ResourceTable.ts',
  moduleMetaInfoFiles: [
    {
      filePath: '/Users/pange/Codes/genfee/worker-bee-atomic-service/entry/build/default/generated/r/default/ResourceTable.ts',
      ohmurl: 'com.atomicservice.6917611690461753557/entry/build/generated/r/ResourceTable'
    }
  ],
  pkgNameToPkgBriefInfo: {
    entry: {
      pkgRoot: '/Users/pange/Codes/genfee/worker-bee-atomic-service/entry',
      originalSourceRoots: undefined,
      sourceRoots: [Array],
      pkgName: 'entry'
    }
  },
  projectModel: {
    '/Users/pange/Codes/genfee/worker-bee-atomic-service/entry/src/main': {
      moduleName: 'entry',
      modulePkgPath: '/Users/pange/Codes/genfee/worker-bee-atomic-service/entry',
      belongProjectPath: '/Users/pange/Codes/genfee/worker-bee-atomic-service'
    },
    '/Users/pange/Codes/genfee/worker-bee-atomic-service/entry': {
      moduleName: 'entry',
      modulePkgPath: '/Users/pange/Codes/genfee/worker-bee-atomic-service/entry',
      belongProjectPath: '/Users/pange/Codes/genfee/worker-bee-atomic-service'
    },
    '/Users/pange/Codes/genfee/worker-bee-atomic-service': {
      moduleName: 'worker-bee-atomic-service',
      modulePkgPath: '/Users/pange/Codes/genfee/worker-bee-atomic-service',
      belongProjectPath: '/Users/pange/Codes/genfee/worker-bee-atomic-service'
    }
  },
  pkgJsonFileHash: 'd093999bbf80ff4df7c1e84053d0c2af6caa837eb0ab3d9bdb5b5c7cad72dd5a',
  allModulePaths: [ '/Users/pange/Codes/genfee/worker-bee-atomic-service/entry' ],
  routerMap: {},
  obfuscationOptions: undefined,
  byteCodeHarToDependencyKeys: undefined,
  compileBlockPkg: [],
  mockParams: {
    decorator: '@MockSetup',
    packageName: '@ohos/hamock',
    etsSourceRootPath: 'src/main/ets',
    mockConfigPath: undefined,
    mockConfigKey2ModuleInfo: {},
    source2ModuleIdMap: {}
  },
  copyCodeResourceEnable: true,
  copyCodeResourceExcludes: [],
  copyCodeResourceIncludes: undefined,
  uiTransformOptimization: false,
  sdkPath: '/Applications/DevEco-Studio.app/Contents/sdk',
  needPreloadSoFileSet: {},
  preloadSoFilePath: '/Users/pange/Codes/genfee/worker-bee-atomic-service/entry/build/default/intermediates/preload/default/preload.json',
  useSourceHash: false,
  localModuleParamMap: {},
  otherPaths: {
    'entry/*': [ '../*', '../../../build/default/generated/profile/default/*' ]
  },
  collectImportersConfig: undefined
}
[2026-08-11T14:42:02.971] [DEBUG] debug-file - Compile arkts with external api path: /Applications/DevEco-Studio.app/Contents/sdk/default/hms/ets
[2026-08-11T14:42:02.971] [DEBUG] debug-file - default@CompileArkTS work[0] is submitted.
[2026-08-11T14:42:02.972] [DEBUG] debug-file - default@CompileArkTS work[0] is pushed to ready queue.
[2026-08-11T14:42:02.972] [DEBUG] debug-file - A work dispatched to worker[9] failed because unable to get work from ready queue.
[2026-08-11T14:42:02.972] [DEBUG] debug-file - A work dispatched to worker[8] failed because unable to get work from ready queue.
[2026-08-11T14:42:02.972] [DEBUG] debug-file - A work dispatched to worker[7] failed because unable to get work from ready queue.
[2026-08-11T14:42:02.972] [DEBUG] debug-file - A work dispatched to worker[6] failed because unable to get work from ready queue.
[2026-08-11T14:42:02.972] [DEBUG] debug-file - A work dispatched to worker[5] failed because unable to get work from ready queue.
[2026-08-11T14:42:02.972] [DEBUG] debug-file - Create  resident worker with id: 4.
[2026-08-11T14:42:02.972] [DEBUG] debug-file - default@CompileArkTS work[0] has been dispatched to worker[4].
[2026-08-11T14:42:02.972] [DEBUG] debug-file - default@CompileArkTS work[0] is dispatched.
[2026-08-11T14:42:02.972] [DEBUG] debug-file - CopyResources startTime: 1316145317278000
[2026-08-11T14:42:02.972] [DEBUG] debug-file - default@CompileArkTS work[1] is submitted.
[2026-08-11T14:42:02.973] [DEBUG] debug-file - default@CompileArkTS work[1] is pushed to ready queue.
[2026-08-11T14:42:02.973] [DEBUG] debug-file - A work dispatched to worker[9] failed because unable to get work from ready queue.
[2026-08-11T14:42:02.973] [DEBUG] debug-file - Create  resident worker with id: 8.
[2026-08-11T14:42:02.973] [DEBUG] debug-file - default@CompileArkTS work[1] has been dispatched to worker[8].
[2026-08-11T14:42:02.973] [DEBUG] debug-file - default@CompileArkTS work[1] is dispatched.
[2026-08-11T14:42:02.974] [DEBUG] debug-file - entry : default@CompileArkTS cost memory 1.3211746215820312
[2026-08-11T14:42:02.974] [DEBUG] debug-file - Executing task :entry:default@BuildJS
[2026-08-11T14:42:02.974] [DEBUG] debug-file - Task 'entry:default@BuildJS' cost while wrapping incremental declarations: 1 ms 
[2026-08-11T14:42:02.975] [DEBUG] debug-file - entry : default@BuildJS cost memory 0.12329864501953125
[2026-08-11T14:42:02.975] [DEBUG] debug-file - runTaskFromQueue task cost before running: 1 s 471 ms 
[2026-08-11T14:42:02.975] [INFO] debug-file - Finished :entry:default@BuildJS... after 1 ms 
[2026-08-11T14:42:02.975] [DEBUG] debug-file - Executing task :entry:default@CacheNativeLibs
[2026-08-11T14:42:02.975] [DEBUG] debug-file - File: '/Users/pange/Codes/genfee/worker-bee-atomic-service/entry/build/default/intermediates/binxo/default' from 'cacheBinxoNativeLibs' is not exists, just ignore.
[2026-08-11T14:42:02.976] [DEBUG] debug-file - Task 'entry:default@CacheNativeLibs' cost while wrapping incremental declarations: 1 ms 
[2026-08-11T14:42:02.976] [DEBUG] debug-file - default@CacheNativeLibs work[2] is submitted.
[2026-08-11T14:42:02.976] [DEBUG] debug-file - default@CacheNativeLibs work[2] is pushed to ready queue.
[2026-08-11T14:42:02.976] [DEBUG] debug-file - A work dispatched to worker[9] failed because unable to get work from ready queue.
[2026-08-11T14:42:02.976] [DEBUG] debug-file - A work dispatched to worker[8] failed because of worker busy.
[2026-08-11T14:42:02.976] [DEBUG] debug-file - Create  resident worker with id: 7.
[2026-08-11T14:42:02.976] [DEBUG] debug-file - default@CacheNativeLibs work[2] has been dispatched to worker[7].
[2026-08-11T14:42:02.976] [DEBUG] debug-file - default@CacheNativeLibs work[2] is dispatched.
[2026-08-11T14:42:02.976] [DEBUG] debug-file - entry : default@CacheNativeLibs cost memory 0.19379425048828125
[2026-08-11T14:42:03.362] [DEBUG] debug-file - worker[7] has one work done.
[2026-08-11T14:42:03.362] [DEBUG] debug-file - default@CacheNativeLibs work[2] done.
[2026-08-11T14:42:03.362] [INFO] debug-file - Finished :entry:default@CacheNativeLibs... after 4 ms 
[2026-08-11T14:42:03.367] [DEBUG] debug-file - worker[8] has one work done.
[2026-08-11T14:42:03.367] [DEBUG] debug-file - CopyResources is end, endTime: 1316145711815291
[2026-08-11T14:42:03.367] [DEBUG] debug-file - default@CompileArkTS work[1] done.
[2026-08-11T14:42:03.464] [DEBUG] debug-file - A work dispatched to worker[7] failed because unable to get work from ready queue.
[2026-08-11T14:42:03.467] [DEBUG] debug-file - A work dispatched to worker[8] failed because unable to get work from ready queue.
[2026-08-11T14:42:07.348] [DEBUG] debug-file - worker[4] has one work error.
[2026-08-11T14:42:07.348] [DEBUG] debug-file - default@CompileArkTS work[0] failed.
[2026-08-11T14:42:07.348] [ERROR] debug-file - Failed :entry:default@CompileArkTS... 
[2026-08-11T14:42:07.348] [DEBUG] debug-file - Ark compile task finished.finished time is 1316149692913625
[2026-08-11T14:42:07.348] [WARN] debug-file - 
[33m1 WARN: [33m[33mArkTS:WARN: For details about ArkTS syntax errors, see FAQs[39m[39m
[33m2 WARN: [33m[33mArkTS:WARN File: /Users/pange/Codes/genfee/worker-bee-atomic-service/entry/src/main/ets/utils/Store.ets:11:19
 Function may throw exceptions. Special handling is required.
[39m[39m
[33m3 WARN: [33m[33mArkTS:WARN File: /Users/pange/Codes/genfee/worker-bee-atomic-service/entry/src/main/ets/utils/Store.ets:18:12
 Function may throw exceptions. Special handling is required.
[39m[39m
[33m4 WARN: [33m[33mArkTS:WARN File: /Users/pange/Codes/genfee/worker-bee-atomic-service/entry/src/main/ets/utils/Store.ets:25:5
 Function may throw exceptions. Special handling is required.
[39m[39m
[33m5 WARN: [33m[33mArkTS:WARN File: /Users/pange/Codes/genfee/worker-bee-atomic-service/entry/src/main/ets/utils/Store.ets:26:5
 Function may throw exceptions. Special handling is required.
[39m[39m
[33m6 WARN: [33m[33mArkTS:WARN File: /Users/pange/Codes/genfee/worker-bee-atomic-service/entry/src/main/ets/utils/Store.ets:33:12
 Function may throw exceptions. Special handling is required.
[39m[39m
[33m7 WARN: [33m[33mArkTS:WARN File: /Users/pange/Codes/genfee/worker-bee-atomic-service/entry/src/main/ets/utils/Store.ets:40:5
 Function may throw exceptions. Special handling is required.
[39m[39m
[33m8 WARN: [33m[33mArkTS:WARN File: /Users/pange/Codes/genfee/worker-bee-atomic-service/entry/src/main/ets/utils/Store.ets:41:5
 Function may throw exceptions. Special handling is required.
[39m[39m
[33m9 WARN: [33m[33mArkTS:WARN File: /Users/pange/Codes/genfee/worker-bee-atomic-service/entry/src/main/ets/entryability/EntryAbility.ets:18:49
 'px2vp' has been deprecated.
[39m[39m
[33m10 WARN: [33m[33mArkTS:WARN File: /Users/pange/Codes/genfee/worker-bee-atomic-service/entry/src/main/ets/utils/Dialer.ets:26:5
 Function may throw exceptions. Special handling is required.
[39m[39m
[33m11 WARN: [33m[33mArkTS:WARN File: /Users/pange/Codes/genfee/worker-bee-atomic-service/entry/src/main/ets/pages/TopicListPage.ets:40:5
 Function may throw exceptions. Special handling is required.
[39m[39m
[33m12 WARN: [33m[33mArkTS:WARN File: /Users/pange/Codes/genfee/worker-bee-atomic-service/entry/src/main/ets/pages/TopicListPage.ets:54:10
 'getContext' has been deprecated.
[39m[39m
[33m13 WARN: [33m[33mArkTS:WARN File: /Users/pange/Codes/genfee/worker-bee-atomic-service/entry/src/main/ets/pages/TopicListPage.ets:62:26
 'getContext' has been deprecated.
[39m[39m
[33m14 WARN: [33m[33mArkTS:WARN File: /Users/pange/Codes/genfee/worker-bee-atomic-service/entry/src/main/ets/pages/TopicListPage.ets:87:53
 'getContext' has been deprecated.
[39m[39m
[33m15 WARN: [33m[33mArkTS:WARN File: /Users/pange/Codes/genfee/worker-bee-atomic-service/entry/src/main/ets/pages/TopicListPage.ets:102:9
 Function may throw exceptions. Special handling is required.
[39m[39m
[33m16 WARN: [33m[33mArkTS:WARN File: /Users/pange/Codes/genfee/worker-bee-atomic-service/entry/src/main/ets/pages/TopicListPage.ets:209:32
 'pushUrl' has been deprecated.
[39m[39m
[33m17 WARN: [33m[33mArkTS:WARN File: /Users/pange/Codes/genfee/worker-bee-atomic-service/entry/src/main/ets/pages/TopicDetailPage.ets:17:27
 'getParams' has been deprecated.
[39m[39m
[33m18 WARN: [33m[33mArkTS:WARN File: /Users/pange/Codes/genfee/worker-bee-atomic-service/entry/src/main/ets/pages/TopicDetailPage.ets:30:7
 Function may throw exceptions. Special handling is required.
[39m[39m
[2026-08-11T14:42:07.349] [DEBUG] debug-file - hvigor build process will be closed with an error.
[2026-08-11T14:42:07.361] [DEBUG] debug-file - ERROR: stacktrace = Error: ArkTS Compiler Error
[31m1 ERROR: [31m10605038 ArkTS Compiler Error
Error Message: Object literal must correspond to some explicitly declared class or interface (arkts-no-untyped-obj-literals) At File: /Users/pange/Codes/genfee/worker-bee-atomic-service/entry/src/main/ets/services/TopicApi.ets:30:59
[39m
[39m
[31m2 ERROR: [31m11706010 can't support atomicservice application.
Error Message: 'identifier' can't support atomicservice application. At File: /Users/pange/Codes/genfee/worker-bee-atomic-service/entry/src/main/ets/services/AdService.ets:24:32

* Try the following:
  > Check the official API reference documentation,and switch to the supported interfaces.
[39m
[39m
[31m3 ERROR: [31m11706010 can't support atomicservice application.
Error Message: 'getOAID' can't support atomicservice application. At File: /Users/pange/Codes/genfee/worker-bee-atomic-service/entry/src/main/ets/services/AdService.ets:24:43

* Try the following:
  > Check the official API reference documentation,and switch to the supported interfaces.
[39m
[39m
[31m4 ERROR: [31m10505001 ArkTS Compiler Error
Error Message: Expected 3 arguments, but got 2. At File: /Users/pange/Codes/genfee/worker-bee-atomic-service/entry/src/main/ets/services/AdService.ets:52:32
[39m
[39m
[31m5 ERROR: [31m10505001 ArkTS Compiler Error
Error Message: Property 'length' does not exist on type 'void'. At File: /Users/pange/Codes/genfee/worker-bee-atomic-service/entry/src/main/ets/services/AdService.ets:53:69
[39m
[39m
[31m6 ERROR: [31m10505001 ArkTS Compiler Error
Error Message: Type 'void | undefined[]' is not assignable to type 'Advertisement[]'.
  Type 'void' is not assignable to type 'Advertisement[]'. At File: /Users/pange/Codes/genfee/worker-bee-atomic-service/entry/src/main/ets/services/AdService.ets:54:7
[39m
[39m
[31m7 ERROR: [31m10505001 ArkTS Compiler Error
Error Message: An expression of type 'void' cannot be tested for truthiness. At File: /Users/pange/Codes/genfee/worker-bee-atomic-service/entry/src/main/ets/services/AdService.ets:54:14
[39m
[39m
[31m8 ERROR: [31m10505001 ArkTS Compiler Error
Error Message: Cannot find name 'AdComponent'. Did you mean 'Component'? At File: /Users/pange/Codes/genfee/worker-bee-atomic-service/entry/src/main/ets/components/NativeAdCard.ets:18:9
[39m
[39m
[31m9 ERROR: [31m10505001 ArkTS Compiler Error
Error Message: Cannot find name 'AutoAdComponent'. Did you mean 'CustomComponent'? At File: /Users/pange/Codes/genfee/worker-bee-atomic-service/entry/src/main/ets/components/BannerAdView.ets:39:9
[39m
[39m
[31m10 ERROR: [31m10905204 ArkTS Compiler Error
Error Message: 'AdComponent({
          ads: [this.ad as advertising.Advertisement],
          displayOptions: this.displayOptions,
          interactionListener: {
            onStatusChanged: (status: string) => {
              hilog.info(0x0000, 'WorkerBeeAd', 'native ad status %{public}s', status);
            }
          }
        })
          .width('100%')
          .height(240)' does not meet UI component syntax. At File: /Users/pange/Codes/genfee/worker-bee-atomic-service/entry/src/main/ets/components/NativeAdCard.ets:18:9
[39m
[39m
[31m11 ERROR: [31m10905204 ArkTS Compiler Error
Error Message: 'AutoAdComponent({
          adParam: this.adParam,
          adOptions: this.adOptions,
          displayOptions: this.displayOptions,
          interactionListener: {
            onStatusChanged: (status: string) => {
              hilog.info(0x0000, 'WorkerBeeAd', 'banner status %{public}s', status);
              // 用户关闭或加载失败时隐藏占位，避免留下空白区域
              if (status === 'onAdClose' || status === 'onAdFail') {
                this.visibilityState = Visibility.None;
              }
            }
          }
        })' does not meet UI component syntax. At File: /Users/pange/Codes/genfee/worker-bee-atomic-service/entry/src/main/ets/components/BannerAdView.ets:39:9
[39m
[39m
[31mCOMPILE RESULT:FAIL {ERROR:12 WARN:18}[39m
    at runArkPack (/Applications/DevEco-Studio.app/Contents/tools/hvigor/hvigor-ohos-plugin/node_modules/@ohos/hvigor-arkts-compose/dist/src/arkts-pack.js:1:5965)
ArkTSCompilerError: ArkTS Compiler Error
    at throwArkTsCompilerError (/Applications/DevEco-Studio.app/Contents/tools/hvigor/hvigor-ohos-plugin/node_modules/@ohos/hvigor-arkts-compose/dist/src/data/compose-error.js:1:423)
    at throwErrorIfHasErrorInfo (/Applications/DevEco-Studio.app/Contents/tools/hvigor/hvigor-ohos-plugin/node_modules/@ohos/hvigor-arkts-compose/dist/src/plugins/common-plugin.js:1:4923)
    at Object.handler (/Applications/DevEco-Studio.app/Contents/tools/hvigor/hvigor-ohos-plugin/node_modules/@ohos/hvigor-arkts-compose/dist/src/plugins/common-plugin.js:1:3018)
    at /Applications/DevEco-Studio.app/Contents/tools/hvigor/hvigor-ohos-plugin/node_modules/@ohos/hvigor-arkts-base/node_modules/rollup/dist/shared/rollup.js:27864:40
[2026-08-11T14:42:07.361] [ERROR] debug-file - Error: ArkTS Compiler Error
[31m1 ERROR: [31m10605038 ArkTS Compiler Error
Error Message: Object literal must correspond to some explicitly declared class or interface (arkts-no-untyped-obj-literals) At File: /Users/pange/Codes/genfee/worker-bee-atomic-service/entry/src/main/ets/services/TopicApi.ets:30:59
[39m
[39m
[31m2 ERROR: [31m11706010 can't support atomicservice application.
Error Message: 'identifier' can't support atomicservice application. At File: /Users/pange/Codes/genfee/worker-bee-atomic-service/entry/src/main/ets/services/AdService.ets:24:32

* Try the following:
  > Check the official API reference documentation,and switch to the supported interfaces.
[39m
[39m
[31m3 ERROR: [31m11706010 can't support atomicservice application.
Error Message: 'getOAID' can't support atomicservice application. At File: /Users/pange/Codes/genfee/worker-bee-atomic-service/entry/src/main/ets/services/AdService.ets:24:43

* Try the following:
  > Check the official API reference documentation,and switch to the supported interfaces.
[39m
[39m
[31m4 ERROR: [31m10505001 ArkTS Compiler Error
Error Message: Expected 3 arguments, but got 2. At File: /Users/pange/Codes/genfee/worker-bee-atomic-service/entry/src/main/ets/services/AdService.ets:52:32
[39m
[39m
[31m5 ERROR: [31m10505001 ArkTS Compiler Error
Error Message: Property 'length' does not exist on type 'void'. At File: /Users/pange/Codes/genfee/worker-bee-atomic-service/entry/src/main/ets/services/AdService.ets:53:69
[39m
[39m
[31m6 ERROR: [31m10505001 ArkTS Compiler Error
Error Message: Type 'void | undefined[]' is not assignable to type 'Advertisement[]'.
  Type 'void' is not assignable to type 'Advertisement[]'. At File: /Users/pange/Codes/genfee/worker-bee-atomic-service/entry/src/main/ets/services/AdService.ets:54:7
[39m
[39m
[31m7 ERROR: [31m10505001 ArkTS Compiler Error
Error Message: An expression of type 'void' cannot be tested for truthiness. At File: /Users/pange/Codes/genfee/worker-bee-atomic-service/entry/src/main/ets/services/AdService.ets:54:14
[39m
[39m
[31m8 ERROR: [31m10505001 ArkTS Compiler Error
Error Message: Cannot find name 'AdComponent'. Did you mean 'Component'? At File: /Users/pange/Codes/genfee/worker-bee-atomic-service/entry/src/main/ets/components/NativeAdCard.ets:18:9
[39m
[39m
[31m9 ERROR: [31m10505001 ArkTS Compiler Error
Error Message: Cannot find name 'AutoAdComponent'. Did you mean 'CustomComponent'? At File: /Users/pange/Codes/genfee/worker-bee-atomic-service/entry/src/main/ets/components/BannerAdView.ets:39:9
[39m
[39m
[31m10 ERROR: [31m10905204 ArkTS Compiler Error
Error Message: 'AdComponent({
          ads: [this.ad as advertising.Advertisement],
          displayOptions: this.displayOptions,
          interactionListener: {
            onStatusChanged: (status: string) => {
              hilog.info(0x0000, 'WorkerBeeAd', 'native ad status %{public}s', status);
            }
          }
        })
          .width('100%')
          .height(240)' does not meet UI component syntax. At File: /Users/pange/Codes/genfee/worker-bee-atomic-service/entry/src/main/ets/components/NativeAdCard.ets:18:9
[39m
[39m
[31m11 ERROR: [31m10905204 ArkTS Compiler Error
Error Message: 'AutoAdComponent({
          adParam: this.adParam,
          adOptions: this.adOptions,
          displayOptions: this.displayOptions,
          interactionListener: {
            onStatusChanged: (status: string) => {
              hilog.info(0x0000, 'WorkerBeeAd', 'banner status %{public}s', status);
              // 用户关闭或加载失败时隐藏占位，避免留下空白区域
              if (status === 'onAdClose' || status === 'onAdFail') {
                this.visibilityState = Visibility.None;
              }
            }
          }
        })' does not meet UI component syntax. At File: /Users/pange/Codes/genfee/worker-bee-atomic-service/entry/src/main/ets/components/BannerAdView.ets:39:9
[39m
[39m
[31mCOMPILE RESULT:FAIL {ERROR:12 WARN:18}[39m
    at runArkPack (/Applications/DevEco-Studio.app/Contents/tools/hvigor/hvigor-ohos-plugin/node_modules/@ohos/hvigor-arkts-compose/dist/src/arkts-pack.js:1:5965)
ArkTSCompilerError: ArkTS Compiler Error
    at throwArkTsCompilerError (/Applications/DevEco-Studio.app/Contents/tools/hvigor/hvigor-ohos-plugin/node_modules/@ohos/hvigor-arkts-compose/dist/src/data/compose-error.js:1:423)
    at throwErrorIfHasErrorInfo (/Applications/DevEco-Studio.app/Contents/tools/hvigor/hvigor-ohos-plugin/node_modules/@ohos/hvigor-arkts-compose/dist/src/plugins/common-plugin.js:1:4923)
    at Object.handler (/Applications/DevEco-Studio.app/Contents/tools/hvigor/hvigor-ohos-plugin/node_modules/@ohos/hvigor-arkts-compose/dist/src/plugins/common-plugin.js:1:3018)
    at /Applications/DevEco-Studio.app/Contents/tools/hvigor/hvigor-ohos-plugin/node_modules/@ohos/hvigor-arkts-base/node_modules/rollup/dist/shared/rollup.js:27864:40
[2026-08-11T14:42:07.362] [ERROR] debug-file - BUILD FAILED in 5 s 857 ms 
[2026-08-11T14:42:07.362] [DEBUG] debug-file - Update task entry:default@PreBuild input file:/Users/pange/Codes/genfee/worker-bee-atomic-service/AppScope/app.json5 cache by regenerate.
[2026-08-11T14:42:07.362] [DEBUG] debug-file - Update task entry:default@PreBuild input file:/Users/pange/Codes/genfee/worker-bee-atomic-service/entry/src/main/module.json5 cache by regenerate.
[2026-08-11T14:42:07.362] [DEBUG] debug-file - Update task entry:default@PreBuild input file:/Users/pange/Codes/genfee/worker-bee-atomic-service/build-profile.json5 cache by regenerate.
[2026-08-11T14:42:07.362] [DEBUG] debug-file - Update task entry:default@PreBuild input file:/Users/pange/Codes/genfee/worker-bee-atomic-service/entry/build-profile.json5 cache by regenerate.
[2026-08-11T14:42:07.363] [DEBUG] debug-file - Update task entry:default@PreBuild input file:/Users/pange/Codes/genfee/worker-bee-atomic-service/entry/src/main/resources/base/profile/main_pages.json cache by regenerate.
[2026-08-11T14:42:07.363] [DEBUG] debug-file - Update task entry:default@PreBuild input file:/Users/pange/Codes/genfee/worker-bee-atomic-service/hvigor/hvigor-config.json5 cache by regenerate.
[2026-08-11T14:42:07.363] [DEBUG] debug-file - Update task entry:default@PreBuild input file:/Users/pange/Codes/genfee/worker-bee-atomic-service/entry/oh-package.json5 cache by regenerate.
[2026-08-11T14:42:07.363] [DEBUG] debug-file - Update task entry:default@PreBuild input file:/Users/pange/Codes/genfee/worker-bee-atomic-service/oh-package.json5 cache by regenerate.
[2026-08-11T14:42:07.363] [DEBUG] debug-file - Incremental task entry:default@PreBuild post-execution cost:1 ms .
[2026-08-11T14:42:07.363] [DEBUG] debug-file - Update task entry:default@CreateModuleInfo output file:/Users/pange/Codes/genfee/worker-bee-atomic-service/entry/build/default/generated/profile/default/ModuleInfo.ts cache.
[2026-08-11T14:42:07.363] [DEBUG] debug-file - Incremental task entry:default@CreateModuleInfo post-execution cost:1 ms .
[2026-08-11T14:42:07.363] [DEBUG] debug-file - Update task entry:default@GenerateMetadata input file:/Users/pange/Codes/genfee/worker-bee-atomic-service/entry/src/main/module.json5 cache by regenerate.
[2026-08-11T14:42:07.363] [DEBUG] debug-file - Update task entry:default@GenerateMetadata output file:/Users/pange/Codes/genfee/worker-bee-atomic-service/entry/build/default/intermediates/hap_metadata/default/output_metadata.json cache.
[2026-08-11T14:42:07.363] [DEBUG] debug-file - Incremental task entry:default@GenerateMetadata post-execution cost:1 ms .
[2026-08-11T14:42:07.363] [DEBUG] debug-file - Update task entry:default@MergeProfile input file:/Users/pange/Codes/genfee/worker-bee-atomic-service/AppScope/app.json5 cache by regenerate.
[2026-08-11T14:42:07.363] [DEBUG] debug-file - Update task entry:default@MergeProfile input file:/Users/pange/Codes/genfee/worker-bee-atomic-service/build-profile.json5 cache by regenerate.
[2026-08-11T14:42:07.363] [DEBUG] debug-file - Update task entry:default@MergeProfile input file:/Users/pange/Codes/genfee/worker-bee-atomic-service/entry/src/main/module.json5 cache by regenerate.
[2026-08-11T14:42:07.363] [DEBUG] debug-file - Update task entry:default@MergeProfile output file:/Users/pange/Codes/genfee/worker-bee-atomic-service/entry/build/default/intermediates/merge_profile/default/module.json cache.
[2026-08-11T14:42:07.363] [DEBUG] debug-file - Incremental task entry:default@MergeProfile post-execution cost:1 ms .
[2026-08-11T14:42:07.363] [DEBUG] debug-file - Update task entry:default@CreateBuildProfile input file:/Users/pange/Codes/genfee/worker-bee-atomic-service/AppScope/app.json5 cache by regenerate.
[2026-08-11T14:42:07.363] [DEBUG] debug-file - Update task entry:default@CreateBuildProfile input file:/Users/pange/Codes/genfee/worker-bee-atomic-service/build-profile.json5 cache by regenerate.
[2026-08-11T14:42:07.363] [DEBUG] debug-file - Update task entry:default@CreateBuildProfile output file:/Users/pange/Codes/genfee/worker-bee-atomic-service/entry/build/default/generated/profile/default/BuildProfile.ets cache.
[2026-08-11T14:42:07.364] [DEBUG] debug-file - Incremental task entry:default@CreateBuildProfile post-execution cost:1 ms .
[2026-08-11T14:42:07.364] [DEBUG] debug-file - Update task entry:default@GeneratePkgContextInfo output file:/Users/pange/Codes/genfee/worker-bee-atomic-service/entry/build/default/intermediates/loader/default/pkgContextInfo.json cache.
[2026-08-11T14:42:07.364] [DEBUG] debug-file - Incremental task entry:default@GeneratePkgContextInfo post-execution cost:1 ms .
[2026-08-11T14:42:07.364] [DEBUG] debug-file - Update task entry:default@GeneratePkgSdkInfo output file:/Users/pange/Codes/genfee/worker-bee-atomic-service/entry/build/default/intermediates/loader/default/pkgSdkInfo.json cache.
[2026-08-11T14:42:07.364] [DEBUG] debug-file - Incremental task entry:default@GeneratePkgSdkInfo post-execution cost:1 ms .
[2026-08-11T14:42:07.364] [DEBUG] debug-file - Update task entry:default@ProcessIntegratedHsp output file:/Users/pange/Codes/genfee/worker-bee-atomic-service/build/cache/default/integrated_hsp/integratedHspCache.json cache.
[2026-08-11T14:42:07.364] [DEBUG] debug-file - Incremental task entry:default@ProcessIntegratedHsp post-execution cost:1 ms .
[2026-08-11T14:42:07.364] [DEBUG] debug-file - Update task entry:default@MakePackInfo input file:/Users/pange/Codes/genfee/worker-bee-atomic-service/AppScope/app.json5 cache by regenerate.
[2026-08-11T14:42:07.364] [DEBUG] debug-file - Update task entry:default@MakePackInfo input file:/Users/pange/Codes/genfee/worker-bee-atomic-service/entry/src/main/module.json5 cache by regenerate.
[2026-08-11T14:42:07.364] [DEBUG] debug-file - Update task entry:default@MakePackInfo input file:/Users/pange/Codes/genfee/worker-bee-atomic-service/build-profile.json5 cache by regenerate.
[2026-08-11T14:42:07.364] [DEBUG] debug-file - Update task entry:default@MakePackInfo output file:/Users/pange/Codes/genfee/worker-bee-atomic-service/entry/build/default/outputs/default/pack.info cache.
[2026-08-11T14:42:07.364] [DEBUG] debug-file - Incremental task entry:default@MakePackInfo post-execution cost:1 ms .
[2026-08-11T14:42:07.364] [DEBUG] debug-file - Update task entry:default@SyscapTransform input file:/Applications/DevEco-Studio.app/Contents/sdk/default/openharmony/toolchains/syscap_tool cache by regenerate.
[2026-08-11T14:42:07.364] [DEBUG] debug-file - Update task entry:default@SyscapTransform input file:/Applications/DevEco-Studio.app/Contents/sdk/default/openharmony/ets/api/device-define cache by regenerate.
[2026-08-11T14:42:07.371] [DEBUG] debug-file - Update task entry:default@SyscapTransform output file:/Users/pange/Codes/genfee/worker-bee-atomic-service/entry/build/default/intermediates/syscap/default/rpcid.sc cache.
[2026-08-11T14:42:07.372] [DEBUG] debug-file - Incremental task entry:default@SyscapTransform post-execution cost:8 ms .
[2026-08-11T14:42:07.372] [DEBUG] debug-file - Update task entry:default@ProcessProfile input file:/Users/pange/Codes/genfee/worker-bee-atomic-service/entry/build/default/intermediates/merge_profile/default/module.json cache by regenerate.
[2026-08-11T14:42:07.372] [DEBUG] debug-file - Update task entry:default@ProcessProfile output file:/Users/pange/Codes/genfee/worker-bee-atomic-service/entry/build/default/intermediates/process_profile/default/module.json cache.
[2026-08-11T14:42:07.372] [DEBUG] debug-file - Incremental task entry:default@ProcessProfile post-execution cost:1 ms .
[2026-08-11T14:42:07.372] [DEBUG] debug-file - Update task entry:default@ProcessRouterMap input file:/Users/pange/Codes/genfee/worker-bee-atomic-service/entry/oh-package.json5 cache by regenerate.
[2026-08-11T14:42:07.372] [DEBUG] debug-file - Update task entry:default@ProcessRouterMap input file:/Users/pange/Codes/genfee/worker-bee-atomic-service/oh-package.json5 cache by regenerate.
[2026-08-11T14:42:07.372] [DEBUG] debug-file - Update task entry:default@ProcessRouterMap input file:/Users/pange/Codes/genfee/worker-bee-atomic-service/entry/src/main/module.json5 cache by regenerate.
[2026-08-11T14:42:07.372] [DEBUG] debug-file - Update task entry:default@ProcessRouterMap output file:/Users/pange/Codes/genfee/worker-bee-atomic-service/entry/build/default/intermediates/router_map/default/temp-router-map.json cache.
[2026-08-11T14:42:07.372] [DEBUG] debug-file - Update task entry:default@ProcessRouterMap output file:/Users/pange/Codes/genfee/worker-bee-atomic-service/entry/build/default/intermediates/router_map/default/loader-router-map.json cache.
[2026-08-11T14:42:07.372] [DEBUG] debug-file - Incremental task entry:default@ProcessRouterMap post-execution cost:1 ms .
[2026-08-11T14:42:07.372] [DEBUG] debug-file - Update task entry:default@ProcessShareConfig input file:/Users/pange/Codes/genfee/worker-bee-atomic-service/entry/oh-package.json5 cache by regenerate.
[2026-08-11T14:42:07.372] [DEBUG] debug-file - Update task entry:default@ProcessShareConfig input file:/Users/pange/Codes/genfee/worker-bee-atomic-service/oh-package.json5 cache by regenerate.
[2026-08-11T14:42:07.372] [DEBUG] debug-file - Update task entry:default@ProcessShareConfig input file:/Users/pange/Codes/genfee/worker-bee-atomic-service/entry/src/main/module.json5 cache by regenerate.
[2026-08-11T14:42:07.372] [DEBUG] debug-file - Update task entry:default@ProcessShareConfig output file:/Users/pange/Codes/genfee/worker-bee-atomic-service/entry/build/default/intermediates/share_config/default/temp-share-config.json cache.
[2026-08-11T14:42:07.372] [DEBUG] debug-file - Incremental task entry:default@ProcessShareConfig post-execution cost:1 ms .
[2026-08-11T14:42:07.372] [DEBUG] debug-file - Update task entry:default@ProcessStartupConfig output file:/Users/pange/Codes/genfee/worker-bee-atomic-service/entry/build/default/intermediates/startup/default/startup_config.json cache.
[2026-08-11T14:42:07.372] [DEBUG] debug-file - Incremental task entry:default@ProcessStartupConfig post-execution cost:1 ms .
[2026-08-11T14:42:07.372] [DEBUG] debug-file - Update task entry:default@ProcessResource output file:/Users/pange/Codes/genfee/worker-bee-atomic-service/entry/build/default/intermediates/res/default/resConfig.json cache.
[2026-08-11T14:42:07.373] [DEBUG] debug-file - Update task entry:default@ProcessResource output file:/Users/pange/Codes/genfee/worker-bee-atomic-service/entry/build/default/intermediates/res/default/opt-compression.json cache.
[2026-08-11T14:42:07.373] [DEBUG] debug-file - Incremental task entry:default@ProcessResource post-execution cost:1 ms .
[2026-08-11T14:42:07.373] [DEBUG] debug-file - Update task entry:default@GenerateLoaderJson input file:/Users/pange/Codes/genfee/worker-bee-atomic-service/entry/build/default/intermediates/router_map/default/temp-router-map.json cache by regenerate.
[2026-08-11T14:42:07.373] [DEBUG] debug-file - Update task entry:default@GenerateLoaderJson output file:/Users/pange/Codes/genfee/worker-bee-atomic-service/entry/build/default/intermediates/loader/default/loader.json cache.
[2026-08-11T14:42:07.373] [DEBUG] debug-file - Incremental task entry:default@GenerateLoaderJson post-execution cost:1 ms .
[2026-08-11T14:42:07.373] [DEBUG] debug-file - Update task entry:default@ProcessLibs input file:/Users/pange/Codes/genfee/worker-bee-atomic-service/build-profile.json5 cache by regenerate.
[2026-08-11T14:42:07.373] [DEBUG] debug-file - Update task entry:default@ProcessLibs input file:/Users/pange/Codes/genfee/worker-bee-atomic-service/entry/build-profile.json5 cache by regenerate.
[2026-08-11T14:42:07.373] [DEBUG] debug-file - Update task entry:default@ProcessLibs output file:/Users/pange/Codes/genfee/worker-bee-atomic-service/entry/build/default/intermediates/libs/default cache.
[2026-08-11T14:42:07.373] [DEBUG] debug-file - Incremental task entry:default@ProcessLibs post-execution cost:1 ms .
[2026-08-11T14:42:07.373] [DEBUG] debug-file - Update task entry:default@CompileResource input file:/Users/pange/Codes/genfee/worker-bee-atomic-service/entry/src/main/resources cache by regenerate.
[2026-08-11T14:42:07.374] [DEBUG] debug-file - Update task entry:default@CompileResource input file:/Users/pange/Codes/genfee/worker-bee-atomic-service/AppScope/resources cache by regenerate.
[2026-08-11T14:42:07.374] [DEBUG] debug-file - Update task entry:default@CompileResource input file:/Users/pange/Codes/genfee/worker-bee-atomic-service/entry/build/default/intermediates/process_profile/default/module.json cache by regenerate.
[2026-08-11T14:42:07.374] [DEBUG] debug-file - Update task entry:default@CompileResource input file:/Users/pange/Codes/genfee/worker-bee-atomic-service/entry/build/default/intermediates/res/default/resConfig.json cache by regenerate.
[2026-08-11T14:42:07.374] [DEBUG] debug-file - Update task entry:default@CompileResource output file:/Users/pange/Codes/genfee/worker-bee-atomic-service/entry/build/default/intermediates/res/default cache.
[2026-08-11T14:42:07.375] [DEBUG] debug-file - Update task entry:default@CompileResource output file:/Users/pange/Codes/genfee/worker-bee-atomic-service/entry/build/default/generated/r/default/ResourceTable.h cache.
[2026-08-11T14:42:07.375] [DEBUG] debug-file - Update task entry:default@CompileResource output file:/Users/pange/Codes/genfee/worker-bee-atomic-service/entry/build/default/generated/r/default/ResourceTable.ts cache.
[2026-08-11T14:42:07.375] [DEBUG] debug-file - Update task entry:default@CompileResource output file:/Users/pange/Codes/genfee/worker-bee-atomic-service/entry/build/default/generated/r/default cache.
[2026-08-11T14:42:07.375] [DEBUG] debug-file - Incremental task entry:default@CompileResource post-execution cost:2 ms .
[2026-08-11T14:42:07.375] [DEBUG] debug-file - Update task entry:default@DoNativeStrip input file:/Users/pange/Codes/genfee/worker-bee-atomic-service/entry/build/default/intermediates/libs/default cache by regenerate.
[2026-08-11T14:42:07.375] [DEBUG] debug-file - Update task entry:default@DoNativeStrip output file:/Users/pange/Codes/genfee/worker-bee-atomic-service/entry/build/default/intermediates/stripped_native_libs/default cache.
[2026-08-11T14:42:07.375] [DEBUG] debug-file - Incremental task entry:default@DoNativeStrip post-execution cost:1 ms .
[2026-08-11T14:42:07.375] [DEBUG] debug-file - Update task entry:default@CompileArkTS input file:/Users/pange/Codes/genfee/worker-bee-atomic-service/entry/build/default/intermediates/loader/default cache by regenerate.
[2026-08-11T14:42:07.375] [DEBUG] debug-file - Update task entry:default@CompileArkTS input file:/Users/pange/Codes/genfee/worker-bee-atomic-service/entry/build/default/intermediates/res/default/ResourceTable.txt cache by regenerate.
[2026-08-11T14:42:07.375] [DEBUG] debug-file - Update task entry:default@CompileArkTS input file:/Users/pange/Codes/genfee/worker-bee-atomic-service/entry/build/default/intermediates/res/default/ark_module.json cache by regenerate.
[2026-08-11T14:42:07.375] [DEBUG] debug-file - Update task entry:default@CompileArkTS input file:/Users/pange/Codes/genfee/worker-bee-atomic-service/entry/build/default/intermediates/res/default/resources/base/profile cache by regenerate.
[2026-08-11T14:42:07.375] [DEBUG] debug-file - Update task entry:default@CompileArkTS input file:/Users/pange/Codes/genfee/worker-bee-atomic-service/entry/src/main/ets cache by regenerate.
[2026-08-11T14:42:07.376] [DEBUG] debug-file - Update task entry:default@CompileArkTS input file:/Users/pange/Codes/genfee/worker-bee-atomic-service/entry/build/default/generated/profile/default/BuildProfile.ets cache by regenerate.
[2026-08-11T14:42:07.376] [DEBUG] debug-file - Update task entry:default@CompileArkTS output file:/Users/pange/Codes/genfee/worker-bee-atomic-service/entry/build/default/intermediates/loader_out/default/ets cache.
[2026-08-11T14:42:07.376] [DEBUG] debug-file - Incremental task entry:default@CompileArkTS post-execution cost:1 ms .
[2026-08-11T14:42:07.376] [DEBUG] debug-file - Update task entry:default@BuildJS input file:/Users/pange/Codes/genfee/worker-bee-atomic-service/entry/build/default/intermediates/loader/default cache by regenerate.
[2026-08-11T14:42:07.376] [DEBUG] debug-file - Update task entry:default@BuildJS input file:/Users/pange/Codes/genfee/worker-bee-atomic-service/entry/build/default/intermediates/res/default/ResourceTable.txt cache by regenerate.
[2026-08-11T14:42:07.376] [DEBUG] debug-file - Update task entry:default@BuildJS input file:/Users/pange/Codes/genfee/worker-bee-atomic-service/entry/build/default/intermediates/res/default/ark_module.json cache by regenerate.
[2026-08-11T14:42:07.376] [DEBUG] debug-file - Update task entry:default@BuildJS input file:/Users/pange/Codes/genfee/worker-bee-atomic-service/entry/build/default/intermediates/res/default/resources/base/profile cache by regenerate.
[2026-08-11T14:42:07.376] [DEBUG] debug-file - Update task entry:default@BuildJS output file:/Users/pange/Codes/genfee/worker-bee-atomic-service/entry/build/default/intermediates/loader_out/default/js cache.
[2026-08-11T14:42:07.376] [DEBUG] debug-file - Incremental task entry:default@BuildJS post-execution cost:1 ms .
[2026-08-11T14:42:07.376] [DEBUG] debug-file - Update task entry:default@CacheNativeLibs input file:/Users/pange/Codes/genfee/worker-bee-atomic-service/entry/build/default/intermediates/stripped_native_libs/default cache by regenerate.
[2026-08-11T14:42:07.376] [DEBUG] debug-file - Update task entry:default@CacheNativeLibs input file:/Users/pange/Codes/genfee/worker-bee-atomic-service/entry/build/default/intermediates/libs/default cache by regenerate.
[2026-08-11T14:42:07.376] [DEBUG] debug-file - Update task entry:default@CacheNativeLibs output file:/Users/pange/Codes/genfee/worker-bee-atomic-service/entry/build/default/intermediates/patch/default/base_native_libs.json cache.
[2026-08-11T14:42:07.376] [DEBUG] debug-file - Update task entry:default@CacheNativeLibs output file:/Users/pange/Codes/genfee/worker-bee-atomic-service/entry/build/default/intermediates/patch/default/binxo_native_libs.json cache.
[2026-08-11T14:42:07.376] [DEBUG] debug-file - Incremental task entry:default@CacheNativeLibs post-execution cost:1 ms .
[2026-08-11T14:42:07.383] [DEBUG] debug-file - Cleanup worker 0.
[2026-08-11T14:42:07.383] [DEBUG] debug-file - Worker 0 has been cleaned up.
[2026-08-11T14:42:07.383] [DEBUG] debug-file - Current idle worker size: 4.
[2026-08-11T14:42:07.383] [DEBUG] debug-file - Current resident worker size: 5.
[2026-08-11T14:42:07.383] [DEBUG] debug-file - Cleanup worker 1.
[2026-08-11T14:42:07.383] [DEBUG] debug-file - Worker 1 has been cleaned up.
[2026-08-11T14:42:07.383] [DEBUG] debug-file - Current idle worker size: 3.
[2026-08-11T14:42:07.383] [DEBUG] debug-file - Current resident worker size: 5.
[2026-08-11T14:42:07.383] [DEBUG] debug-file - Cleanup worker 7.
[2026-08-11T14:42:07.383] [DEBUG] debug-file - Worker 7 has been cleaned up.
[2026-08-11T14:42:07.383] [DEBUG] debug-file - Current idle worker size: 2.
[2026-08-11T14:42:07.383] [DEBUG] debug-file - Current resident worker size: 5.
[2026-08-11T14:42:07.383] [DEBUG] debug-file - Cleanup worker 8.
[2026-08-11T14:42:07.383] [DEBUG] debug-file - Worker 8 has been cleaned up.
[2026-08-11T14:42:07.383] [DEBUG] debug-file - Current idle worker size: 1.
[2026-08-11T14:42:07.383] [DEBUG] debug-file - Current resident worker size: 5.
[2026-08-11T14:42:07.384] [DEBUG] debug-file - hvigor build process will be closed.
[2026-08-11T14:42:07.387] [DEBUG] debug-file - worker[0] exits with exit code 1.
[2026-08-11T14:42:07.387] [DEBUG] debug-file - worker[1] exits with exit code 1.
[2026-08-11T14:42:07.388] [DEBUG] debug-file - worker[8] exits with exit code 1.
[2026-08-11T14:42:07.388] [DEBUG] debug-file - worker[7] exits with exit code 1.
[2026-08-11T14:42:07.390] [DEBUG] debug-file - session manager: send message to worker process.
[2026-08-11T14:42:07.390] [DEBUG] debug-file - session manager: send message to worker process.
[2026-08-11T14:42:07.390] [DEBUG] debug-file - watch worker: worker id should be larger than 0. Nothing will be sent to any worker thread.
[2026-08-11T14:42:07.390] [DEBUG] debug-file - watch worker: worker id should be larger than 0. Nothing will be sent to any worker thread.
[2026-08-11T15:11:58.711] [DEBUG] debug-file - session manager: set active socket. socketId=3ywoke1E7xqmYEgCAAAD
[2026-08-11T15:11:58.718] [DEBUG] debug-file - watch worker: worker id should be larger than 0. Nothing will be sent to any worker thread.
[2026-08-11T15:11:58.721] [DEBUG] debug-file - Workers' log level updated to INFO
[2026-08-11T15:11:58.728] [DEBUG] debug-file - Hvigor init with startParameters:{
  hvigorfileTypeCheck: false,
  parallelExecution: true,
  incrementalExecution: true,
  printStackTrace: false,
  daemon: true,
  analyze: 0,
  logLevel: Level { level: 20000, levelStr: 'INFO', colour: 'green' },
  optimizationStrategy: 'memory',
  hotCompile: undefined,
  hotReloadBuild: undefined,
  customizedParam: undefined
}
[2026-08-11T15:11:58.735] [DEBUG] debug-file - Cache service initialization finished in 7 ms 
[2026-08-11T15:11:58.736] [DEBUG] debug-file - hvigorfile, resolving /Users/pange/Codes/genfee/worker-bee-atomic-service/hvigorfile.ts
[2026-08-11T15:11:58.743] [DEBUG] debug-file - hvigorfile, require result:  { default: {} }
[2026-08-11T15:11:58.743] [DEBUG] debug-file - hvigorfile, binding system plugins null
[2026-08-11T15:11:58.744] [DEBUG] debug-file - Starting plugin build process
[2026-08-11T15:11:58.744] [DEBUG] debug-file - App plugin prepare start...
[2026-08-11T15:11:58.744] [DEBUG] debug-file - App plugin prepare end...
[2026-08-11T15:11:58.744] [DEBUG] debug-file - App plugin creating...
[2026-08-11T15:11:58.749] [DEBUG] debug-file - App plugin register hook start...
[2026-08-11T15:11:58.749] [DEBUG] debug-file - App plugin register hook end...
[2026-08-11T15:11:58.749] [DEBUG] debug-file - Plugin build process completed
[2026-08-11T15:11:58.750] [DEBUG] debug-file - Start initialize project's product build option map with build mode debug.
[2026-08-11T15:11:58.750] [DEBUG] debug-file - Picking option from product 'default' with build mode 'debug'.
[2026-08-11T15:11:58.750] [DEBUG] debug-file - Product 'default' build option initialized
[2026-08-11T15:11:58.750] [DEBUG] debug-file - End initialize project's product build option map with build mode 'debug'.
[2026-08-11T15:11:58.750] [DEBUG] debug-file - Obtain build option for product 'default'in this build.
[2026-08-11T15:11:58.751] [DEBUG] debug-file - /Users/pange/Codes/genfee/worker-bee-atomic-service/build/cache/default/remote_hsp/remoteHspCache.json not exists.
[2026-08-11T15:11:58.753] [DEBUG] debug-file - Start recording SDK configuration permission data.
[2026-08-11T15:11:58.779] [DEBUG] debug-file - Sdk init in 28 ms 
[2026-08-11T15:11:58.781] [DEBUG] debug-file - Project task initialization takes 2 ms 
[2026-08-11T15:11:58.781] [DEBUG] debug-file - hvigorfile, begin to bind custom plugins...
[2026-08-11T15:11:58.781] [DEBUG] debug-file - hvigorfile, no custom plugins were found in /Users/pange/Codes/genfee/worker-bee-atomic-service/hvigorfile.ts
[2026-08-11T15:11:58.781] [DEBUG] debug-file - hvigorfile, resolve finished /Users/pange/Codes/genfee/worker-bee-atomic-service/hvigorfile.ts
[2026-08-11T15:11:58.781] [DEBUG] debug-file - hvigorfile, resolving /Users/pange/Codes/genfee/worker-bee-atomic-service/entry/hvigorfile.ts
[2026-08-11T15:11:58.784] [DEBUG] debug-file - hvigorfile, require result:  { default: {} }
[2026-08-11T15:11:58.784] [DEBUG] debug-file - hvigorfile, binding system plugins null
[2026-08-11T15:11:58.784] [DEBUG] debug-file - Starting plugin build process
[2026-08-11T15:11:58.784] [DEBUG] debug-file - Hap plugin creating...
[2026-08-11T15:11:58.786] [DEBUG] debug-file - failed to load cangjie to dynamically generate schemas: Error: Cannot find module '@ohos/cangjie-build-support/index'
Require stack:
- /Applications/DevEco-Studio.app/Contents/tools/hvigor/hvigor-ohos-plugin/src/plugin/hooks/cangjie-register.js
- /Applications/DevEco-Studio.app/Contents/tools/hvigor/hvigor-ohos-plugin/src/plugin/strategy/stage-init-strategy.js
- /Applications/DevEco-Studio.app/Contents/tools/hvigor/hvigor-ohos-plugin/src/plugin/builder/abstract-plugin-builder.js
- /Applications/DevEco-Studio.app/Contents/tools/hvigor/hvigor-ohos-plugin/src/plugin/builder/app-plugin-builder.js
- /Applications/DevEco-Studio.app/Contents/tools/hvigor/hvigor-ohos-plugin/src/plugin/factory/plugin-factory.js
- /Applications/DevEco-Studio.app/Contents/tools/hvigor/hvigor-ohos-plugin/index.js
- /Users/pange/Codes/genfee/worker-bee-atomic-service/hvigorfile.ts
- /Applications/DevEco-Studio.app/Contents/tools/hvigor/hvigor/src/base/internal/lifecycle/configuration.js
- /Applications/DevEco-Studio.app/Contents/tools/hvigor/hvigor/src/base/boot/index.js
- /Applications/DevEco-Studio.app/Contents/tools/hvigor/hvigor/src/base/daemon/cluster/worker-process-lifecycle.js
- /Applications/DevEco-Studio.app/Contents/tools/hvigor/hvigor/src/base/daemon/process/daemon-process-boot-script.js
[2026-08-11T15:11:58.790] [DEBUG] debug-file - Start initialize module-target build option map, moduleName=entry, buildMode=debug
[2026-08-11T15:11:58.790] [DEBUG] debug-file - Target 'default' config initialized
[2026-08-11T15:11:58.790] [DEBUG] debug-file - Module 'entry' target 'default' build option initialized
[2026-08-11T15:11:58.790] [DEBUG] debug-file - End initialize module-target build option map, moduleName=entry
[2026-08-11T15:11:58.790] [DEBUG] debug-file - Start initialize module-target build option map, moduleName=entry, buildMode=release
[2026-08-11T15:11:58.790] [DEBUG] debug-file - Target 'default' config initialized
[2026-08-11T15:11:58.791] [DEBUG] debug-file - Module 'entry' target 'default' build option initialized
[2026-08-11T15:11:58.791] [DEBUG] debug-file - End initialize module-target build option map, moduleName=entry
[2026-08-11T15:11:58.791] [DEBUG] debug-file - Start initialize module-target build option map, moduleName=entry, buildMode=debug
[2026-08-11T15:11:58.791] [DEBUG] debug-file - Target 'default' config initialized
[2026-08-11T15:11:58.791] [DEBUG] debug-file - Module 'entry' target 'default' build option initialized
[2026-08-11T15:11:58.791] [DEBUG] debug-file - End initialize module-target build option map, moduleName=entry
[2026-08-11T15:11:58.791] [DEBUG] debug-file - Obtain build option for module 'entry' target 'default'in this build.
[2026-08-11T15:11:58.793] [DEBUG] debug-file - Module entry task initialization takes 2 ms 
[2026-08-11T15:11:58.793] [DEBUG] debug-file - Hap plugin register hook start...
[2026-08-11T15:11:58.793] [DEBUG] debug-file - Hap plugin register hook end...
[2026-08-11T15:11:58.793] [DEBUG] debug-file - Plugin build process completed
[2026-08-11T15:11:58.793] [DEBUG] debug-file - hvigorfile, begin to bind custom plugins...
[2026-08-11T15:11:58.793] [DEBUG] debug-file - hvigorfile, no custom plugins were found in /Users/pange/Codes/genfee/worker-bee-atomic-service/entry/hvigorfile.ts
[2026-08-11T15:11:58.793] [DEBUG] debug-file - hvigorfile, resolve finished /Users/pange/Codes/genfee/worker-bee-atomic-service/entry/hvigorfile.ts
[2026-08-11T15:11:58.847] [DEBUG] debug-file - hvigorfile, resolve hvigorfile dependencies in 54 ms 
[2026-08-11T15:11:58.847] [DEBUG] debug-file - project has submodules:entry
[2026-08-11T15:11:58.848] [DEBUG] debug-file - start to load updatedOhPackageInfo to the disk
[2026-08-11T15:11:58.849] [DEBUG] debug-file - load to the disk finished
[2026-08-11T15:11:58.849] [DEBUG] debug-file - Start to initialize dependency information.
[2026-08-11T15:11:58.850] [DEBUG] debug-file - Module worker-bee-atomic-service Collected Dependency: 
[2026-08-11T15:11:58.851] [DEBUG] debug-file - Module worker-bee-atomic-service's total dependency: 0
[2026-08-11T15:11:58.851] [DEBUG] debug-file - Start to initialize dependency information.
[2026-08-11T15:11:58.852] [DEBUG] debug-file - Module entry Collected Dependency: 
[2026-08-11T15:11:58.852] [DEBUG] debug-file - Module entry's total dependency: 0
[2026-08-11T15:11:58.853] [DEBUG] debug-file - Configuration phase cost:118 ms 
[2026-08-11T15:11:58.854] [DEBUG] debug-file - Configuration task cost before running: 133 ms 
[2026-08-11T15:11:58.856] [DEBUG] debug-file - Executing task :entry:default@PreBuild
[2026-08-11T15:11:58.856] [WARN] debug-file - The project has not explicitly set the 'targetSdkVersion' version at build-profile.json5. It is recommended to configure it. Reference: https://developer.huawei.com/consumer/cn/doc/harmonyos-guides/ide-hvigor-build-profile-app#section45865492619
[2026-08-11T15:11:58.858] [DEBUG] debug-file - Task 'entry:default@PreBuild' cost while wrapping incremental declarations: 1 ms 
[2026-08-11T15:11:58.859] [DEBUG] debug-file - entry:default@PreBuild is not up-to-date, since the task snapshots are different.
[2026-08-11T15:11:58.859] [DEBUG] debug-file - Incremental task entry:default@PreBuild pre-execution cost: 2 ms .
[2026-08-11T15:11:58.862] [DEBUG] debug-file - Use tool [darwin: JAVA_HOME, CLASSPATH]
 [
  {
    JAVA_HOME: '/Applications/DevEco-Studio.app/Contents/jbr/Contents/Home'
  },
  { CLASSPATH: undefined }
]
[2026-08-11T15:11:58.862] [DEBUG] debug-file - Use tool [darwin: NODE_HOME]
 [
  {
    NODE_HOME: '/Applications/DevEco-Studio.app/Contents/tools/node/bin'
  }
]
[2026-08-11T15:11:58.862] [DEBUG] debug-file - entry : default@PreBuild cost memory 0.827056884765625
[2026-08-11T15:11:58.862] [DEBUG] debug-file - runTaskFromQueue task cost before running: 141 ms 
[2026-08-11T15:11:58.862] [INFO] debug-file - Finished :entry:default@PreBuild... after 7 ms 
[2026-08-11T15:11:58.863] [DEBUG] debug-file - Executing task :entry:default@CreateModuleInfo
[2026-08-11T15:11:58.863] [DEBUG] debug-file - Task 'entry:default@CreateModuleInfo' cost while wrapping incremental declarations: 1 ms 
[2026-08-11T15:11:58.863] [DEBUG] debug-file - entry : default@CreateModuleInfo cost memory 0.04003143310546875
[2026-08-11T15:11:58.863] [DEBUG] debug-file - runTaskFromQueue task cost before running: 142 ms 
[2026-08-11T15:11:58.863] [INFO] debug-file - Finished :entry:default@CreateModuleInfo... after 1 ms 
[2026-08-11T15:11:58.864] [DEBUG] debug-file - Executing task :entry:default@GenerateMetadata
[2026-08-11T15:11:58.864] [DEBUG] debug-file - Task 'entry:default@GenerateMetadata' cost while wrapping incremental declarations: 1 ms 
[2026-08-11T15:11:58.864] [DEBUG] debug-file - Incremental task entry:default@GenerateMetadata pre-execution cost: 1 ms .
[2026-08-11T15:11:58.864] [DEBUG] debug-file - entry : default@GenerateMetadata cost memory 0.08054351806640625
[2026-08-11T15:11:58.865] [INFO] debug-file - UP-TO-DATE :entry:default@GenerateMetadata...  
[2026-08-11T15:11:58.865] [DEBUG] debug-file - Executing task :entry:default@ConfigureCmake
[2026-08-11T15:11:58.865] [DEBUG] debug-file - entry : default@ConfigureCmake cost memory 0.0145111083984375
[2026-08-11T15:11:58.865] [DEBUG] debug-file - runTaskFromQueue task cost before running: 144 ms 
[2026-08-11T15:11:58.865] [INFO] debug-file - Finished :entry:default@ConfigureCmake... after 1 ms 
[2026-08-11T15:11:58.865] [DEBUG] debug-file - Executing task :entry:default@MergeProfile
[2026-08-11T15:11:58.865] [DEBUG] debug-file - Task 'entry:default@MergeProfile' cost while wrapping incremental declarations: 1 ms 
[2026-08-11T15:11:58.866] [DEBUG] debug-file - Incremental task entry:default@MergeProfile pre-execution cost: 1 ms .
[2026-08-11T15:11:58.866] [DEBUG] debug-file - entry : default@MergeProfile cost memory 0.1154327392578125
[2026-08-11T15:11:58.867] [INFO] debug-file - UP-TO-DATE :entry:default@MergeProfile...  
[2026-08-11T15:11:58.868] [DEBUG] debug-file - Executing task :entry:default@CreateBuildProfile
[2026-08-11T15:11:58.868] [DEBUG] debug-file - Task 'entry:default@CreateBuildProfile' cost while wrapping incremental declarations: 1 ms 
[2026-08-11T15:11:58.868] [DEBUG] debug-file - Incremental task entry:default@CreateBuildProfile pre-execution cost: 1 ms .
[2026-08-11T15:11:58.868] [DEBUG] debug-file - entry : default@CreateBuildProfile cost memory 0.0906829833984375
[2026-08-11T15:11:58.868] [INFO] debug-file - UP-TO-DATE :entry:default@CreateBuildProfile...  
[2026-08-11T15:11:58.869] [DEBUG] debug-file - Executing task :entry:default@PreCheckSyscap
[2026-08-11T15:11:58.869] [DEBUG] debug-file - entry : default@PreCheckSyscap cost memory 0.01474761962890625
[2026-08-11T15:11:58.869] [DEBUG] debug-file - runTaskFromQueue task cost before running: 148 ms 
[2026-08-11T15:11:58.869] [INFO] debug-file - Finished :entry:default@PreCheckSyscap... after 1 ms 
[2026-08-11T15:11:58.869] [DEBUG] debug-file - Executing task :entry:default@GeneratePkgContextInfo
[2026-08-11T15:11:58.870] [DEBUG] debug-file - Task 'entry:default@GeneratePkgContextInfo' cost while wrapping incremental declarations: 1 ms 
[2026-08-11T15:11:58.871] [DEBUG] debug-file - entry : default@GeneratePkgContextInfo cost memory 0.21105194091796875
[2026-08-11T15:11:58.871] [DEBUG] debug-file - runTaskFromQueue task cost before running: 150 ms 
[2026-08-11T15:11:58.871] [INFO] debug-file - Finished :entry:default@GeneratePkgContextInfo... after 2 ms 
[2026-08-11T15:11:58.871] [DEBUG] debug-file - Executing task :entry:default@GeneratePkgSdkInfo
[2026-08-11T15:11:58.871] [DEBUG] debug-file - Task 'entry:default@GeneratePkgSdkInfo' cost while wrapping incremental declarations: 1 ms 
[2026-08-11T15:11:58.871] [DEBUG] debug-file - Incremental task entry:default@GeneratePkgSdkInfo pre-execution cost: 1 ms .
[2026-08-11T15:11:58.871] [DEBUG] debug-file - entry : default@GeneratePkgSdkInfo cost memory 0.1192474365234375
[2026-08-11T15:11:58.872] [INFO] debug-file - UP-TO-DATE :entry:default@GeneratePkgSdkInfo...  
[2026-08-11T15:11:58.872] [DEBUG] debug-file - Executing task :entry:default@ProcessIntegratedHsp
[2026-08-11T15:11:58.872] [DEBUG] debug-file - entry:default@ProcessIntegratedHsp is not up-to-date, since the output file '/Users/pange/Codes/genfee/worker-bee-atomic-service/build/cache/default/integrated_hsp/integratedHspCache.json' does not exist.
[2026-08-11T15:11:58.872] [DEBUG] debug-file - Incremental task entry:default@ProcessIntegratedHsp pre-execution cost: 1 ms .
[2026-08-11T15:11:58.872] [DEBUG] debug-file - entry : default@ProcessIntegratedHsp cost memory 0.057037353515625
[2026-08-11T15:11:58.872] [DEBUG] debug-file - runTaskFromQueue task cost before running: 151 ms 
[2026-08-11T15:11:58.872] [INFO] debug-file - Finished :entry:default@ProcessIntegratedHsp... after 1 ms 
[2026-08-11T15:11:58.873] [DEBUG] debug-file - Executing task :entry:default@BuildNativeWithCmake
[2026-08-11T15:11:58.873] [DEBUG] debug-file - entry : default@BuildNativeWithCmake cost memory 0.014556884765625
[2026-08-11T15:11:58.873] [DEBUG] debug-file - runTaskFromQueue task cost before running: 152 ms 
[2026-08-11T15:11:58.873] [INFO] debug-file - Finished :entry:default@BuildNativeWithCmake... after 1 ms 
[2026-08-11T15:11:58.873] [DEBUG] debug-file - Executing task :entry:default@MakePackInfo
[2026-08-11T15:11:58.873] [DEBUG] debug-file - Incremental task entry:default@MakePackInfo pre-execution cost: 1 ms .
[2026-08-11T15:11:58.873] [DEBUG] debug-file - entry : default@MakePackInfo cost memory 0.09535980224609375
[2026-08-11T15:11:58.874] [INFO] debug-file - UP-TO-DATE :entry:default@MakePackInfo...  
[2026-08-11T15:11:58.874] [DEBUG] debug-file - Executing task :entry:default@SyscapTransform
[2026-08-11T15:11:58.874] [DEBUG] debug-file - File: '/Users/pange/Codes/genfee/worker-bee-atomic-service/entry/src/main/syscap.json' from 'sysCapJsonPath' is not exists, just ignore.
[2026-08-11T15:11:58.874] [DEBUG] debug-file - Task 'entry:default@SyscapTransform' cost while wrapping incremental declarations: 1 ms 
[2026-08-11T15:11:58.874] [DEBUG] debug-file - entry:default@SyscapTransform is not up-to-date, since the output file '/Users/pange/Codes/genfee/worker-bee-atomic-service/entry/build/default/intermediates/syscap/default/rpcid.sc' does not exist.
[2026-08-11T15:11:58.874] [DEBUG] debug-file - Incremental task entry:default@SyscapTransform pre-execution cost: 1 ms .
[2026-08-11T15:11:58.874] [DEBUG] debug-file - entry : default@SyscapTransform cost memory 0.10643768310546875
[2026-08-11T15:11:58.874] [DEBUG] debug-file - runTaskFromQueue task cost before running: 153 ms 
[2026-08-11T15:11:58.874] [INFO] debug-file - Finished :entry:default@SyscapTransform... after 1 ms 
[2026-08-11T15:11:58.875] [DEBUG] debug-file - Executing task :entry:default@ProcessProfile
[2026-08-11T15:11:58.875] [DEBUG] debug-file - Task 'entry:default@ProcessProfile' cost while wrapping incremental declarations: 1 ms 
[2026-08-11T15:11:58.876] [DEBUG] debug-file - Incremental task entry:default@ProcessProfile pre-execution cost: 1 ms .
[2026-08-11T15:11:58.876] [DEBUG] debug-file - entry : default@ProcessProfile cost memory 0.11273193359375
[2026-08-11T15:11:58.876] [INFO] debug-file - UP-TO-DATE :entry:default@ProcessProfile...  
[2026-08-11T15:11:58.876] [DEBUG] debug-file - Executing task :entry:default@ProcessRouterMap
[2026-08-11T15:11:58.876] [DEBUG] debug-file - Incremental task entry:default@ProcessRouterMap pre-execution cost: 1 ms .
[2026-08-11T15:11:58.876] [DEBUG] debug-file - entry : default@ProcessRouterMap cost memory 0.1051483154296875
[2026-08-11T15:11:58.877] [INFO] debug-file - UP-TO-DATE :entry:default@ProcessRouterMap...  
[2026-08-11T15:11:58.877] [DEBUG] debug-file - Executing task :entry:default@ProcessShareConfig
[2026-08-11T15:11:58.877] [DEBUG] debug-file - Incremental task entry:default@ProcessShareConfig pre-execution cost: 1 ms .
[2026-08-11T15:11:58.877] [DEBUG] debug-file - entry : default@ProcessShareConfig cost memory 0.087615966796875
[2026-08-11T15:11:58.877] [INFO] debug-file - UP-TO-DATE :entry:default@ProcessShareConfig...  
[2026-08-11T15:11:58.878] [DEBUG] debug-file - Executing task :entry:default@ProcessStartupConfig
[2026-08-11T15:11:58.878] [DEBUG] debug-file - Task 'entry:default@ProcessStartupConfig' cost while wrapping incremental declarations: 1 ms 
[2026-08-11T15:11:58.878] [DEBUG] debug-file - entry:default@ProcessStartupConfig is not up-to-date, since the output file '/Users/pange/Codes/genfee/worker-bee-atomic-service/entry/build/default/intermediates/startup/default/startup_config.json' does not exist.
[2026-08-11T15:11:58.878] [DEBUG] debug-file - Incremental task entry:default@ProcessStartupConfig pre-execution cost: 1 ms .
[2026-08-11T15:11:58.878] [DEBUG] debug-file - entry : default@ProcessStartupConfig cost memory 0.08686065673828125
[2026-08-11T15:11:58.878] [DEBUG] debug-file - runTaskFromQueue task cost before running: 157 ms 
[2026-08-11T15:11:58.878] [INFO] debug-file - Finished :entry:default@ProcessStartupConfig... after 1 ms 
[2026-08-11T15:11:58.878] [DEBUG] debug-file - Executing task :entry:default@BuildNativeWithNinja
[2026-08-11T15:11:58.878] [DEBUG] debug-file - entry : default@BuildNativeWithNinja cost memory 0.01995849609375
[2026-08-11T15:11:58.879] [DEBUG] debug-file - runTaskFromQueue task cost before running: 158 ms 
[2026-08-11T15:11:58.879] [INFO] debug-file - Finished :entry:default@BuildNativeWithNinja... after 1 ms 
[2026-08-11T15:11:58.879] [DEBUG] debug-file - restool module names: entry; moduleName=entry, taskName=default@ProcessResource
[2026-08-11T15:11:58.880] [DEBUG] debug-file - Executing task :entry:default@ProcessResource
[2026-08-11T15:11:58.880] [DEBUG] debug-file - Task 'entry:default@ProcessResource' cost while wrapping incremental declarations: 1 ms 
[2026-08-11T15:11:58.881] [DEBUG] debug-file - Incremental task entry:default@ProcessResource pre-execution cost: 1 ms .
[2026-08-11T15:11:58.881] [DEBUG] debug-file - entry : default@ProcessResource cost memory 0.12381744384765625
[2026-08-11T15:11:58.881] [INFO] debug-file - UP-TO-DATE :entry:default@ProcessResource...  
[2026-08-11T15:11:58.882] [DEBUG] debug-file - Executing task :entry:default@GenerateLoaderJson
[2026-08-11T15:11:58.882] [DEBUG] debug-file - Task 'entry:default@GenerateLoaderJson' cost while wrapping incremental declarations: 1 ms 
[2026-08-11T15:11:58.884] [DEBUG] debug-file - entry:default@GenerateLoaderJson is not up-to-date, since the task snapshots are different.
[2026-08-11T15:11:58.884] [DEBUG] debug-file - Incremental task entry:default@GenerateLoaderJson pre-execution cost: 1 ms .
[2026-08-11T15:11:58.888] [DEBUG] debug-file - entry : default@GenerateLoaderJson cost memory 0.48421478271484375
[2026-08-11T15:11:58.888] [DEBUG] debug-file - runTaskFromQueue task cost before running: 167 ms 
[2026-08-11T15:11:58.889] [INFO] debug-file - Finished :entry:default@GenerateLoaderJson... after 7 ms 
[2026-08-11T15:11:58.890] [DEBUG] debug-file - Executing task :entry:default@ProcessLibs
[2026-08-11T15:11:58.890] [DEBUG] debug-file - entry : default@ProcessLibs cost memory 0.05095672607421875
[2026-08-11T15:11:58.890] [DEBUG] debug-file - runTaskFromQueue task cost before running: 169 ms 
[2026-08-11T15:11:58.890] [INFO] debug-file - Finished :entry:default@ProcessLibs... after 1 ms 
[2026-08-11T15:11:58.890] [DEBUG] debug-file - restool module names: entry; moduleName=entry, taskName=default@CompileResource
[2026-08-11T15:11:58.891] [DEBUG] debug-file - Executing task :entry:default@CompileResource
[2026-08-11T15:11:58.894] [DEBUG] debug-file - Incremental task entry:default@CompileResource pre-execution cost: 3 ms .
[2026-08-11T15:11:58.894] [DEBUG] debug-file - entry : default@CompileResource cost memory 0.40956878662109375
[2026-08-11T15:11:58.894] [INFO] debug-file - UP-TO-DATE :entry:default@CompileResource...  
[2026-08-11T15:11:58.894] [DEBUG] debug-file - Executing task :entry:default@DoNativeStrip
[2026-08-11T15:11:58.895] [DEBUG] debug-file - File: '/Users/pange/Codes/genfee/worker-bee-atomic-service/entry/build/default/intermediates/binxo/default' from 'doBinxoNativeLibs' is not exists, just ignore.
[2026-08-11T15:11:58.895] [DEBUG] debug-file - Task 'entry:default@DoNativeStrip' cost while wrapping incremental declarations: 1 ms 
[2026-08-11T15:11:58.895] [DEBUG] debug-file - Incremental task entry:default@DoNativeStrip pre-execution cost: 1 ms .
[2026-08-11T15:11:58.895] [DEBUG] debug-file - entry : default@DoNativeStrip cost memory 0.07738494873046875
[2026-08-11T15:11:58.895] [INFO] debug-file - UP-TO-DATE :entry:default@DoNativeStrip...  
[2026-08-11T15:11:58.896] [DEBUG] debug-file - Executing task :entry:default@CompileArkTS
[2026-08-11T15:11:58.896] [DEBUG] debug-file - obfuscationOptions: undefined
[2026-08-11T15:11:58.898] [DEBUG] debug-file - Task 'entry:default@CompileArkTS' cost while wrapping incremental declarations: 1 ms 
[2026-08-11T15:11:58.906] [DEBUG] debug-file - build config:
[2026-08-11T15:11:58.906] [DEBUG] debug-file - {
  moduleType: 'entry',
  perf: 0,
  targetName: '.default',
  packageManagerType: 'ohpm',
  localPropertiesPath: '/Users/pange/Codes/genfee/worker-bee-atomic-service/local.properties',
  isPreview: false,
  isOhosTest: false,
  isLocalTest: false,
  buildMode: 'Debug',
  hotReloadBuild: undefined,
  watchMode: 'false',
  aceProfilePath: '/Users/pange/Codes/genfee/worker-bee-atomic-service/entry/build/default/intermediates/res/default/resources/base/profile',
  etsLoaderPath: '/Applications/DevEco-Studio.app/Contents/sdk/default/openharmony/ets/build-tools/ets-loader',
  modulePath: '/Users/pange/Codes/genfee/worker-bee-atomic-service/entry',
  testFrameworkPar: {
    testMode: undefined,
    coveragePathFilter: undefined,
    coverageMode: undefined
  },
  needCoverageInsert: false,
  debugLine: false,
  projectTopDir: '/Users/pange/Codes/genfee/worker-bee-atomic-service',
  compileSdkVersion: 24,
  compatibleSdkVersion: 12,
  originCompatibleSdkVersion: '5.0.0(12)',
  compatibleSdkVersionStage: 'beta1',
  bundleName: 'c***7',
  etsLoaderVersion: '6.1.1.125',
  etsLoaderReleaseType: 'Release',
  aotCompileMode: 'type',
  apPath: '/Users/pange/Codes/genfee/worker-bee-atomic-service/entry/modules.ap',
  entryModuleName: 'entry',
  entryModuleVersion: '1.0.0',
  entryPackageName: 'entry',
  allModuleNameHash: 'b6b811d2f71314b7490cc7ab3d975985978821104ce9c72f43777df40513d96d',
  externalApiPaths: [ '/Applications/DevEco-Studio.app/Contents/sdk/default/hms/ets' ],
  compilerTypes: [],
  isCrossplatform: false,
  hvigorPluginFile: undefined,
  compilePluginPath: undefined,
  buildGeneratedProfilePath: '/Users/pange/Codes/genfee/worker-bee-atomic-service/entry/build/default/generated/profile/default',
  bundleType: 'atomicService',
  arkTSVersion: undefined,
  apiVersion: 24,
  needCompleteSourcesMap: false,
  isFaMode: false,
  buildDir: '/Users/pange/Codes/genfee/worker-bee-atomic-service/entry/build',
  deviceTypes: [ 'phone', 'tablet' ],
  pkgContextInfo: undefined,
  ohPackagePathMap: {},
  dependencyAliasMap: {},
  permission: {
    requestPermissions: [ [Object], [Object] ],
    definePermissions: undefined
  },
  useGetCurrentBundleName: false,
  projectArkOption: undefined,
  sourceMapDir: undefined,
  branchElimination: false,
  transformLib: undefined,
  tsImportSendable: false,
  resolveConflictMode: true,
  depName2RootPath: {},
  depName2DepInfo: {},
  depName2OhExports: {},
  rootPathSet: [ '/Users/pange/Codes/genfee/worker-bee-atomic-service' ],
  useNativeResolver: true,
  shouldEmitJs: true,
  useTscResolve: false,
  singleFileEmit: false,
  userProjectConfig: {
    autoLazyImport: false,
    allowEmptyBundleName: false,
    reExportCheckMode: 'noCheck',
    executionMode: 'memory',
    usePathPlaceholder: false,
    writeRollupCache: true,
    isExpandImportEnabled: false,
    expandImportExclude: '',
    lazyImportExclude: '',
    lazyImportInclude: '',
    ignoreCrossplatformCheck: false,
    isHarDeduplicateEnabled: false,
    skipOhModulesLint: false,
    enableStrictCheckOHModule: false,
    disableSendableCheckRules: [],
    useDeclarationFileSignature: false,
    customizedOptions: undefined,
    integratedHsp: false,
    isPreloadSoEnabled: false
  },
  executionMode: 'memory',
  arkCompileCachePath: '/Users/pange/Codes/genfee/worker-bee-atomic-service/entry/build/default/cache/default/default@CompileArkTS/esmodule',
  autoLazyFilter: undefined,
  isHarDeduplicateEnabled: false,
  intermediateHarDuplicateDirPath: '/Users/pange/Codes/genfee/worker-bee-atomic-service/entry/build/default/intermediates/har_duplicate/default',
  autoLazyImport: false,
  allowEmptyBundleName: false,
  reExportCheckMode: 'noCheck',
  usePathPlaceholder: false,
  writeRollupCache: true,
  isExpandImportEnabled: false,
  expandImportExclude: '',
  lazyImportExclude: '',
  lazyImportInclude: '',
  ignoreCrossplatformCheck: false,
  skipOhModulesLint: false,
  enableStrictCheckOHModule: false,
  disableSendableCheckRules: [],
  useDeclarationFileSignature: false,
  customizedOptions: undefined,
  integratedHsp: false,
  isPreloadSoEnabled: false,
  strictMode: undefined,
  useNormalizedOHMUrl: false,
  caseSensitiveCheck: false,
  strictCheckerOnly: false,
  aceModuleJsonPath: '/Users/pange/Codes/genfee/worker-bee-atomic-service/entry/build/default/intermediates/res/default/ark_module.json',
  appResource: '/Users/pange/Codes/genfee/worker-bee-atomic-service/entry/build/default/intermediates/res/default/ResourceTable.txt',
  rawFileResource: '/Users/pange/Codes/genfee/worker-bee-atomic-service/entry/build/default/intermediates/res/default/resources/rawfile',
  resourceTableHash: '506ce0e8708a79f6b40d6c8e4f650136eb16e8713370ef7716f6ba58e9e43fd6',
  runtimeOS: 'HarmonyOS',
  sdkInfo: 'false:24:6.1.1.125:Release',
  aceModuleRoot: '/Users/pange/Codes/genfee/worker-bee-atomic-service/entry/src/main/ets',
  compileMode: 'esmodule',
  aceSuperVisualPath: '/Users/pange/Codes/genfee/worker-bee-atomic-service/entry/src/main/supervisual',
  aceBuildJson: '/Users/pange/Codes/genfee/worker-bee-atomic-service/entry/build/default/intermediates/loader/default/loader.json',
  cachePath: '/Users/pange/Codes/genfee/worker-bee-atomic-service/entry/build/default/cache/default/default@CompileArkTS/esmodule/debug',
  aceModuleBuild: '/Users/pange/Codes/genfee/worker-bee-atomic-service/entry/build/default/intermediates/loader_out/default/ets',
  supportChunks: true,
  declaredFilesPath: undefined,
  shouldCollectDirectImportees: false,
  isByteCodeHarOptimize: false,
  expandImportPath: undefined,
  resourceTableTs: '/Users/pange/Codes/genfee/worker-bee-atomic-service/entry/build/default/generated/r/default/ResourceTable.ts',
  moduleMetaInfoFiles: [
    {
      filePath: '/Users/pange/Codes/genfee/worker-bee-atomic-service/entry/build/default/generated/r/default/ResourceTable.ts',
      ohmurl: 'com.atomicservice.6917611690461753557/entry/build/generated/r/ResourceTable'
    }
  ],
  pkgNameToPkgBriefInfo: {
    entry: {
      pkgRoot: '/Users/pange/Codes/genfee/worker-bee-atomic-service/entry',
      originalSourceRoots: undefined,
      sourceRoots: [Array],
      pkgName: 'entry'
    }
  },
  projectModel: {
    '/Users/pange/Codes/genfee/worker-bee-atomic-service/entry/src/main': {
      moduleName: 'entry',
      modulePkgPath: '/Users/pange/Codes/genfee/worker-bee-atomic-service/entry',
      belongProjectPath: '/Users/pange/Codes/genfee/worker-bee-atomic-service'
    },
    '/Users/pange/Codes/genfee/worker-bee-atomic-service/entry': {
      moduleName: 'entry',
      modulePkgPath: '/Users/pange/Codes/genfee/worker-bee-atomic-service/entry',
      belongProjectPath: '/Users/pange/Codes/genfee/worker-bee-atomic-service'
    },
    '/Users/pange/Codes/genfee/worker-bee-atomic-service': {
      moduleName: 'worker-bee-atomic-service',
      modulePkgPath: '/Users/pange/Codes/genfee/worker-bee-atomic-service',
      belongProjectPath: '/Users/pange/Codes/genfee/worker-bee-atomic-service'
    }
  },
  pkgJsonFileHash: 'd093999bbf80ff4df7c1e84053d0c2af6caa837eb0ab3d9bdb5b5c7cad72dd5a',
  allModulePaths: [ '/Users/pange/Codes/genfee/worker-bee-atomic-service/entry' ],
  routerMap: {},
  obfuscationOptions: undefined,
  byteCodeHarToDependencyKeys: undefined,
  compileBlockPkg: [],
  mockParams: {
    decorator: '@MockSetup',
    packageName: '@ohos/hamock',
    etsSourceRootPath: 'src/main/ets',
    mockConfigPath: undefined,
    mockConfigKey2ModuleInfo: {},
    source2ModuleIdMap: {}
  },
  copyCodeResourceEnable: true,
  copyCodeResourceExcludes: [],
  copyCodeResourceIncludes: undefined,
  uiTransformOptimization: false,
  sdkPath: '/Applications/DevEco-Studio.app/Contents/sdk',
  needPreloadSoFileSet: {},
  preloadSoFilePath: '/Users/pange/Codes/genfee/worker-bee-atomic-service/entry/build/default/intermediates/preload/default/preload.json',
  useSourceHash: false,
  localModuleParamMap: {},
  otherPaths: {
    'entry/*': [ '../*', '../../../build/default/generated/profile/default/*' ]
  },
  collectImportersConfig: undefined
}
[2026-08-11T15:11:58.906] [DEBUG] debug-file - Compile arkts with external api path: /Applications/DevEco-Studio.app/Contents/sdk/default/hms/ets
[2026-08-11T15:11:58.906] [DEBUG] debug-file - default@CompileArkTS work[3] is submitted.
[2026-08-11T15:11:58.907] [DEBUG] debug-file - default@CompileArkTS work[3] is pushed to ready queue.
[2026-08-11T15:11:58.907] [DEBUG] debug-file - A work dispatched to worker[9] failed because unable to get work from ready queue.
[2026-08-11T15:11:58.907] [DEBUG] debug-file - A work dispatched to worker[8] failed because unable to get work from ready queue.
[2026-08-11T15:11:58.907] [DEBUG] debug-file - A work dispatched to worker[7] failed because unable to get work from ready queue.
[2026-08-11T15:11:58.907] [DEBUG] debug-file - A work dispatched to worker[6] failed because unable to get work from ready queue.
[2026-08-11T15:11:58.907] [DEBUG] debug-file - A work dispatched to worker[5] failed because unable to get work from ready queue.
[2026-08-11T15:11:58.907] [DEBUG] debug-file - default@CompileArkTS work[3] has been dispatched to worker[4].
[2026-08-11T15:11:58.907] [DEBUG] debug-file - default@CompileArkTS work[3] is dispatched.
[2026-08-11T15:11:58.907] [DEBUG] debug-file - CopyResources startTime: 1317941289179666
[2026-08-11T15:11:58.907] [DEBUG] debug-file - default@CompileArkTS work[4] is submitted.
[2026-08-11T15:11:58.907] [DEBUG] debug-file - default@CompileArkTS work[4] is pushed to ready queue.
[2026-08-11T15:11:58.907] [DEBUG] debug-file - A work dispatched to worker[9] failed because unable to get work from ready queue.
[2026-08-11T15:11:58.907] [DEBUG] debug-file - Create  resident worker with id: 8.
[2026-08-11T15:11:58.908] [DEBUG] debug-file - default@CompileArkTS work[4] has been dispatched to worker[8].
[2026-08-11T15:11:58.908] [DEBUG] debug-file - default@CompileArkTS work[4] is dispatched.
[2026-08-11T15:11:58.908] [DEBUG] debug-file - entry : default@CompileArkTS cost memory -3.6072158813476562
[2026-08-11T15:11:58.911] [DEBUG] debug-file - Executing task :entry:default@BuildJS
[2026-08-11T15:11:58.911] [DEBUG] debug-file - Task 'entry:default@BuildJS' cost while wrapping incremental declarations: 1 ms 
[2026-08-11T15:11:58.912] [DEBUG] debug-file - entry : default@BuildJS cost memory 0.11768341064453125
[2026-08-11T15:11:58.912] [DEBUG] debug-file - runTaskFromQueue task cost before running: 191 ms 
[2026-08-11T15:11:58.912] [INFO] debug-file - Finished :entry:default@BuildJS... after 2 ms 
[2026-08-11T15:11:58.914] [DEBUG] debug-file - Executing task :entry:default@CacheNativeLibs
[2026-08-11T15:11:58.914] [DEBUG] debug-file - File: '/Users/pange/Codes/genfee/worker-bee-atomic-service/entry/build/default/intermediates/binxo/default' from 'cacheBinxoNativeLibs' is not exists, just ignore.
[2026-08-11T15:11:58.914] [DEBUG] debug-file - Task 'entry:default@CacheNativeLibs' cost while wrapping incremental declarations: 1 ms 
[2026-08-11T15:11:58.914] [DEBUG] debug-file - Incremental task entry:default@CacheNativeLibs pre-execution cost: 1 ms .
[2026-08-11T15:11:58.914] [DEBUG] debug-file - entry : default@CacheNativeLibs cost memory 0.09033203125
[2026-08-11T15:11:58.915] [INFO] debug-file - UP-TO-DATE :entry:default@CacheNativeLibs...  
[2026-08-11T15:11:59.408] [DEBUG] debug-file - worker[8] has one work done.
[2026-08-11T15:11:59.408] [DEBUG] debug-file - CopyResources is end, endTime: 1317941790258291
[2026-08-11T15:11:59.408] [DEBUG] debug-file - default@CompileArkTS work[4] done.
[2026-08-11T15:11:59.408] [DEBUG] debug-file - A work dispatched to worker[8] failed because unable to get work from ready queue.
[2026-08-11T15:11:59.533] [DEBUG] debug-file - worker[4] has one work error.
[2026-08-11T15:11:59.533] [DEBUG] debug-file - Ark compile task finished.finished time is 1317941915240000
[2026-08-11T15:11:59.533] [DEBUG] debug-file - default@CompileArkTS work[3] failed.
[2026-08-11T15:11:59.533] [ERROR] debug-file - Failed :entry:default@CompileArkTS... 
[2026-08-11T15:11:59.533] [WARN] debug-file - 
[33m1 WARN: [33m[33mArkTS:WARN: For details about ArkTS syntax errors, see FAQs[39m[39m
[33m2 WARN: [33m[33mArkTS:WARN File: /Users/pange/Codes/genfee/worker-bee-atomic-service/entry/src/main/ets/utils/Store.ets:11:19
 Function may throw exceptions. Special handling is required.
[39m[39m
[33m3 WARN: [33m[33mArkTS:WARN File: /Users/pange/Codes/genfee/worker-bee-atomic-service/entry/src/main/ets/utils/Store.ets:18:12
 Function may throw exceptions. Special handling is required.
[39m[39m
[33m4 WARN: [33m[33mArkTS:WARN File: /Users/pange/Codes/genfee/worker-bee-atomic-service/entry/src/main/ets/utils/Store.ets:25:5
 Function may throw exceptions. Special handling is required.
[39m[39m
[33m5 WARN: [33m[33mArkTS:WARN File: /Users/pange/Codes/genfee/worker-bee-atomic-service/entry/src/main/ets/utils/Store.ets:26:5
 Function may throw exceptions. Special handling is required.
[39m[39m
[33m6 WARN: [33m[33mArkTS:WARN File: /Users/pange/Codes/genfee/worker-bee-atomic-service/entry/src/main/ets/utils/Store.ets:33:12
 Function may throw exceptions. Special handling is required.
[39m[39m
[33m7 WARN: [33m[33mArkTS:WARN File: /Users/pange/Codes/genfee/worker-bee-atomic-service/entry/src/main/ets/utils/Store.ets:40:5
 Function may throw exceptions. Special handling is required.
[39m[39m
[33m8 WARN: [33m[33mArkTS:WARN File: /Users/pange/Codes/genfee/worker-bee-atomic-service/entry/src/main/ets/utils/Store.ets:41:5
 Function may throw exceptions. Special handling is required.
[39m[39m
[33m9 WARN: [33m[33mArkTS:WARN File: /Users/pange/Codes/genfee/worker-bee-atomic-service/entry/src/main/ets/entryability/EntryAbility.ets:18:49
 'px2vp' has been deprecated.
[39m[39m
[33m10 WARN: [33m[33mArkTS:WARN File: /Users/pange/Codes/genfee/worker-bee-atomic-service/entry/src/main/ets/utils/Dialer.ets:26:5
 Function may throw exceptions. Special handling is required.
[39m[39m
[33m11 WARN: [33m[33mArkTS:WARN File: /Users/pange/Codes/genfee/worker-bee-atomic-service/entry/src/main/ets/pages/TopicListPage.ets:40:5
 Function may throw exceptions. Special handling is required.
[39m[39m
[33m12 WARN: [33m[33mArkTS:WARN File: /Users/pange/Codes/genfee/worker-bee-atomic-service/entry/src/main/ets/pages/TopicListPage.ets:54:10
 'getContext' has been deprecated.
[39m[39m
[33m13 WARN: [33m[33mArkTS:WARN File: /Users/pange/Codes/genfee/worker-bee-atomic-service/entry/src/main/ets/pages/TopicListPage.ets:62:26
 'getContext' has been deprecated.
[39m[39m
[33m14 WARN: [33m[33mArkTS:WARN File: /Users/pange/Codes/genfee/worker-bee-atomic-service/entry/src/main/ets/pages/TopicListPage.ets:87:53
 'getContext' has been deprecated.
[39m[39m
[33m15 WARN: [33m[33mArkTS:WARN File: /Users/pange/Codes/genfee/worker-bee-atomic-service/entry/src/main/ets/pages/TopicListPage.ets:102:9
 Function may throw exceptions. Special handling is required.
[39m[39m
[33m16 WARN: [33m[33mArkTS:WARN File: /Users/pange/Codes/genfee/worker-bee-atomic-service/entry/src/main/ets/pages/TopicListPage.ets:209:32
 'pushUrl' has been deprecated.
[39m[39m
[33m17 WARN: [33m[33mArkTS:WARN File: /Users/pange/Codes/genfee/worker-bee-atomic-service/entry/src/main/ets/pages/TopicDetailPage.ets:17:27
 'getParams' has been deprecated.
[39m[39m
[33m18 WARN: [33m[33mArkTS:WARN File: /Users/pange/Codes/genfee/worker-bee-atomic-service/entry/src/main/ets/pages/TopicDetailPage.ets:30:7
 Function may throw exceptions. Special handling is required.
[39m[39m
[2026-08-11T15:11:59.534] [DEBUG] debug-file - hvigor build process will be closed with an error.
[2026-08-11T15:11:59.536] [DEBUG] debug-file - ERROR: stacktrace = Error: ArkTS Compiler Error
[31m1 ERROR: [31m10605038 ArkTS Compiler Error
Error Message: Object literal must correspond to some explicitly declared class or interface (arkts-no-untyped-obj-literals) At File: /Users/pange/Codes/genfee/worker-bee-atomic-service/entry/src/main/ets/services/TopicApi.ets:30:59
[39m
[39m
[31m2 ERROR: [31m11706010 can't support atomicservice application.
Error Message: 'identifier' can't support atomicservice application. At File: /Users/pange/Codes/genfee/worker-bee-atomic-service/entry/src/main/ets/services/AdService.ets:24:32

* Try the following:
  > Check the official API reference documentation,and switch to the supported interfaces.
[39m
[39m
[31m3 ERROR: [31m11706010 can't support atomicservice application.
Error Message: 'getOAID' can't support atomicservice application. At File: /Users/pange/Codes/genfee/worker-bee-atomic-service/entry/src/main/ets/services/AdService.ets:24:43

* Try the following:
  > Check the official API reference documentation,and switch to the supported interfaces.
[39m
[39m
[31m4 ERROR: [31m10505001 ArkTS Compiler Error
Error Message: Expected 3 arguments, but got 2. At File: /Users/pange/Codes/genfee/worker-bee-atomic-service/entry/src/main/ets/services/AdService.ets:52:32
[39m
[39m
[31m5 ERROR: [31m10505001 ArkTS Compiler Error
Error Message: Property 'length' does not exist on type 'void'. At File: /Users/pange/Codes/genfee/worker-bee-atomic-service/entry/src/main/ets/services/AdService.ets:53:69
[39m
[39m
[31m6 ERROR: [31m10505001 ArkTS Compiler Error
Error Message: Type 'void | undefined[]' is not assignable to type 'Advertisement[]'.
  Type 'void' is not assignable to type 'Advertisement[]'. At File: /Users/pange/Codes/genfee/worker-bee-atomic-service/entry/src/main/ets/services/AdService.ets:54:7
[39m
[39m
[31m7 ERROR: [31m10505001 ArkTS Compiler Error
Error Message: An expression of type 'void' cannot be tested for truthiness. At File: /Users/pange/Codes/genfee/worker-bee-atomic-service/entry/src/main/ets/services/AdService.ets:54:14
[39m
[39m
[31m8 ERROR: [31m10505001 ArkTS Compiler Error
Error Message: Cannot find name 'AdComponent'. Did you mean 'Component'? At File: /Users/pange/Codes/genfee/worker-bee-atomic-service/entry/src/main/ets/components/NativeAdCard.ets:18:9
[39m
[39m
[31m9 ERROR: [31m10505001 ArkTS Compiler Error
Error Message: Cannot find name 'AutoAdComponent'. Did you mean 'CustomComponent'? At File: /Users/pange/Codes/genfee/worker-bee-atomic-service/entry/src/main/ets/components/BannerAdView.ets:39:9
[39m
[39m
[31m10 ERROR: [31m10905204 ArkTS Compiler Error
Error Message: 'AutoAdComponent({
          adParam: this.adParam,
          adOptions: this.adOptions,
          displayOptions: this.displayOptions,
          interactionListener: {
            onStatusChanged: (status: string) => {
              hilog.info(0x0000, 'WorkerBeeAd', 'banner status %{public}s', status);
              // 用户关闭或加载失败时隐藏占位，避免留下空白区域
              if (status === 'onAdClose' || status === 'onAdFail') {
                this.visibilityState = Visibility.None;
              }
            }
          }
        })' does not meet UI component syntax. At File: /Users/pange/Codes/genfee/worker-bee-atomic-service/entry/src/main/ets/components/BannerAdView.ets:39:9
[39m
[39m
[31m11 ERROR: [31m10905204 ArkTS Compiler Error
Error Message: 'AdComponent({
          ads: [this.ad as advertising.Advertisement],
          displayOptions: this.displayOptions,
          interactionListener: {
            onStatusChanged: (status: string) => {
              hilog.info(0x0000, 'WorkerBeeAd', 'native ad status %{public}s', status);
            }
          }
        })
          .width('100%')
          .height(240)' does not meet UI component syntax. At File: /Users/pange/Codes/genfee/worker-bee-atomic-service/entry/src/main/ets/components/NativeAdCard.ets:18:9
[39m
[39m
[31mCOMPILE RESULT:FAIL {ERROR:12 WARN:18}[39m
    at runArkPack (/Applications/DevEco-Studio.app/Contents/tools/hvigor/hvigor-ohos-plugin/node_modules/@ohos/hvigor-arkts-compose/dist/src/arkts-pack.js:1:5965)
ArkTSCompilerError: ArkTS Compiler Error
    at throwArkTsCompilerError (/Applications/DevEco-Studio.app/Contents/tools/hvigor/hvigor-ohos-plugin/node_modules/@ohos/hvigor-arkts-compose/dist/src/data/compose-error.js:1:423)
    at throwErrorIfHasErrorInfo (/Applications/DevEco-Studio.app/Contents/tools/hvigor/hvigor-ohos-plugin/node_modules/@ohos/hvigor-arkts-compose/dist/src/plugins/common-plugin.js:1:4923)
    at Object.handler (/Applications/DevEco-Studio.app/Contents/tools/hvigor/hvigor-ohos-plugin/node_modules/@ohos/hvigor-arkts-compose/dist/src/plugins/common-plugin.js:1:3018)
    at /Applications/DevEco-Studio.app/Contents/tools/hvigor/hvigor-ohos-plugin/node_modules/@ohos/hvigor-arkts-base/node_modules/rollup/dist/shared/rollup.js:27864:40
[2026-08-11T15:11:59.536] [ERROR] debug-file - Error: ArkTS Compiler Error
[31m1 ERROR: [31m10605038 ArkTS Compiler Error
Error Message: Object literal must correspond to some explicitly declared class or interface (arkts-no-untyped-obj-literals) At File: /Users/pange/Codes/genfee/worker-bee-atomic-service/entry/src/main/ets/services/TopicApi.ets:30:59
[39m
[39m
[31m2 ERROR: [31m11706010 can't support atomicservice application.
Error Message: 'identifier' can't support atomicservice application. At File: /Users/pange/Codes/genfee/worker-bee-atomic-service/entry/src/main/ets/services/AdService.ets:24:32

* Try the following:
  > Check the official API reference documentation,and switch to the supported interfaces.
[39m
[39m
[31m3 ERROR: [31m11706010 can't support atomicservice application.
Error Message: 'getOAID' can't support atomicservice application. At File: /Users/pange/Codes/genfee/worker-bee-atomic-service/entry/src/main/ets/services/AdService.ets:24:43

* Try the following:
  > Check the official API reference documentation,and switch to the supported interfaces.
[39m
[39m
[31m4 ERROR: [31m10505001 ArkTS Compiler Error
Error Message: Expected 3 arguments, but got 2. At File: /Users/pange/Codes/genfee/worker-bee-atomic-service/entry/src/main/ets/services/AdService.ets:52:32
[39m
[39m
[31m5 ERROR: [31m10505001 ArkTS Compiler Error
Error Message: Property 'length' does not exist on type 'void'. At File: /Users/pange/Codes/genfee/worker-bee-atomic-service/entry/src/main/ets/services/AdService.ets:53:69
[39m
[39m
[31m6 ERROR: [31m10505001 ArkTS Compiler Error
Error Message: Type 'void | undefined[]' is not assignable to type 'Advertisement[]'.
  Type 'void' is not assignable to type 'Advertisement[]'. At File: /Users/pange/Codes/genfee/worker-bee-atomic-service/entry/src/main/ets/services/AdService.ets:54:7
[39m
[39m
[31m7 ERROR: [31m10505001 ArkTS Compiler Error
Error Message: An expression of type 'void' cannot be tested for truthiness. At File: /Users/pange/Codes/genfee/worker-bee-atomic-service/entry/src/main/ets/services/AdService.ets:54:14
[39m
[39m
[31m8 ERROR: [31m10505001 ArkTS Compiler Error
Error Message: Cannot find name 'AdComponent'. Did you mean 'Component'? At File: /Users/pange/Codes/genfee/worker-bee-atomic-service/entry/src/main/ets/components/NativeAdCard.ets:18:9
[39m
[39m
[31m9 ERROR: [31m10505001 ArkTS Compiler Error
Error Message: Cannot find name 'AutoAdComponent'. Did you mean 'CustomComponent'? At File: /Users/pange/Codes/genfee/worker-bee-atomic-service/entry/src/main/ets/components/BannerAdView.ets:39:9
[39m
[39m
[31m10 ERROR: [31m10905204 ArkTS Compiler Error
Error Message: 'AutoAdComponent({
          adParam: this.adParam,
          adOptions: this.adOptions,
          displayOptions: this.displayOptions,
          interactionListener: {
            onStatusChanged: (status: string) => {
              hilog.info(0x0000, 'WorkerBeeAd', 'banner status %{public}s', status);
              // 用户关闭或加载失败时隐藏占位，避免留下空白区域
              if (status === 'onAdClose' || status === 'onAdFail') {
                this.visibilityState = Visibility.None;
              }
            }
          }
        })' does not meet UI component syntax. At File: /Users/pange/Codes/genfee/worker-bee-atomic-service/entry/src/main/ets/components/BannerAdView.ets:39:9
[39m
[39m
[31m11 ERROR: [31m10905204 ArkTS Compiler Error
Error Message: 'AdComponent({
          ads: [this.ad as advertising.Advertisement],
          displayOptions: this.displayOptions,
          interactionListener: {
            onStatusChanged: (status: string) => {
              hilog.info(0x0000, 'WorkerBeeAd', 'native ad status %{public}s', status);
            }
          }
        })
          .width('100%')
          .height(240)' does not meet UI component syntax. At File: /Users/pange/Codes/genfee/worker-bee-atomic-service/entry/src/main/ets/components/NativeAdCard.ets:18:9
[39m
[39m
[31mCOMPILE RESULT:FAIL {ERROR:12 WARN:18}[39m
    at runArkPack (/Applications/DevEco-Studio.app/Contents/tools/hvigor/hvigor-ohos-plugin/node_modules/@ohos/hvigor-arkts-compose/dist/src/arkts-pack.js:1:5965)
ArkTSCompilerError: ArkTS Compiler Error
    at throwArkTsCompilerError (/Applications/DevEco-Studio.app/Contents/tools/hvigor/hvigor-ohos-plugin/node_modules/@ohos/hvigor-arkts-compose/dist/src/data/compose-error.js:1:423)
    at throwErrorIfHasErrorInfo (/Applications/DevEco-Studio.app/Contents/tools/hvigor/hvigor-ohos-plugin/node_modules/@ohos/hvigor-arkts-compose/dist/src/plugins/common-plugin.js:1:4923)
    at Object.handler (/Applications/DevEco-Studio.app/Contents/tools/hvigor/hvigor-ohos-plugin/node_modules/@ohos/hvigor-arkts-compose/dist/src/plugins/common-plugin.js:1:3018)
    at /Applications/DevEco-Studio.app/Contents/tools/hvigor/hvigor-ohos-plugin/node_modules/@ohos/hvigor-arkts-base/node_modules/rollup/dist/shared/rollup.js:27864:40
[2026-08-11T15:11:59.537] [ERROR] debug-file - BUILD FAILED in 816 ms 
[2026-08-11T15:11:59.537] [DEBUG] debug-file - Update task entry:default@PreBuild input file:/Users/pange/Codes/genfee/worker-bee-atomic-service/AppScope/app.json5 cache by regenerate.
[2026-08-11T15:11:59.537] [DEBUG] debug-file - Update task entry:default@PreBuild input file:/Users/pange/Codes/genfee/worker-bee-atomic-service/entry/src/main/module.json5 cache by regenerate.
[2026-08-11T15:11:59.537] [DEBUG] debug-file - Update task entry:default@PreBuild input file:/Users/pange/Codes/genfee/worker-bee-atomic-service/build-profile.json5 cache by regenerate.
[2026-08-11T15:11:59.538] [DEBUG] debug-file - Update task entry:default@PreBuild input file:/Users/pange/Codes/genfee/worker-bee-atomic-service/entry/build-profile.json5 cache by regenerate.
[2026-08-11T15:11:59.538] [DEBUG] debug-file - Update task entry:default@PreBuild input file:/Users/pange/Codes/genfee/worker-bee-atomic-service/entry/src/main/resources/base/profile/main_pages.json cache by regenerate.
[2026-08-11T15:11:59.538] [DEBUG] debug-file - Update task entry:default@PreBuild input file:/Users/pange/Codes/genfee/worker-bee-atomic-service/hvigor/hvigor-config.json5 cache by regenerate.
[2026-08-11T15:11:59.538] [DEBUG] debug-file - Update task entry:default@PreBuild input file:/Users/pange/Codes/genfee/worker-bee-atomic-service/entry/oh-package.json5 cache by regenerate.
[2026-08-11T15:11:59.538] [DEBUG] debug-file - Update task entry:default@PreBuild input file:/Users/pange/Codes/genfee/worker-bee-atomic-service/oh-package.json5 cache by regenerate.
[2026-08-11T15:11:59.538] [DEBUG] debug-file - Incremental task entry:default@PreBuild post-execution cost:1 ms .
[2026-08-11T15:11:59.538] [DEBUG] debug-file - Update task entry:default@CreateModuleInfo output file:/Users/pange/Codes/genfee/worker-bee-atomic-service/entry/build/default/generated/profile/default/ModuleInfo.ts cache.
[2026-08-11T15:11:59.538] [DEBUG] debug-file - Incremental task entry:default@CreateModuleInfo post-execution cost:1 ms .
[2026-08-11T15:11:59.538] [DEBUG] debug-file - There is no need to refresh cache, since the incremental task entry:default@GenerateMetadata is up-to-date.
[2026-08-11T15:11:59.538] [DEBUG] debug-file - There is no need to refresh cache, since the incremental task entry:default@MergeProfile is up-to-date.
[2026-08-11T15:11:59.538] [DEBUG] debug-file - There is no need to refresh cache, since the incremental task entry:default@CreateBuildProfile is up-to-date.
[2026-08-11T15:11:59.538] [DEBUG] debug-file - Update task entry:default@GeneratePkgContextInfo output file:/Users/pange/Codes/genfee/worker-bee-atomic-service/entry/build/default/intermediates/loader/default/pkgContextInfo.json cache.
[2026-08-11T15:11:59.538] [DEBUG] debug-file - Incremental task entry:default@GeneratePkgContextInfo post-execution cost:1 ms .
[2026-08-11T15:11:59.538] [DEBUG] debug-file - There is no need to refresh cache, since the incremental task entry:default@GeneratePkgSdkInfo is up-to-date.
[2026-08-11T15:11:59.538] [DEBUG] debug-file - Update task entry:default@ProcessIntegratedHsp output file:/Users/pange/Codes/genfee/worker-bee-atomic-service/build/cache/default/integrated_hsp/integratedHspCache.json cache.
[2026-08-11T15:11:59.538] [DEBUG] debug-file - Incremental task entry:default@ProcessIntegratedHsp post-execution cost:1 ms .
[2026-08-11T15:11:59.538] [DEBUG] debug-file - There is no need to refresh cache, since the incremental task entry:default@MakePackInfo is up-to-date.
[2026-08-11T15:11:59.538] [DEBUG] debug-file - Update task entry:default@SyscapTransform input file:/Applications/DevEco-Studio.app/Contents/sdk/default/openharmony/toolchains/syscap_tool cache by regenerate.
[2026-08-11T15:11:59.538] [DEBUG] debug-file - Update task entry:default@SyscapTransform input file:/Applications/DevEco-Studio.app/Contents/sdk/default/openharmony/ets/api/device-define cache by regenerate.
[2026-08-11T15:11:59.539] [DEBUG] debug-file - Update task entry:default@SyscapTransform output file:/Users/pange/Codes/genfee/worker-bee-atomic-service/entry/build/default/intermediates/syscap/default/rpcid.sc cache.
[2026-08-11T15:11:59.539] [DEBUG] debug-file - Incremental task entry:default@SyscapTransform post-execution cost:1 ms .
[2026-08-11T15:11:59.539] [DEBUG] debug-file - There is no need to refresh cache, since the incremental task entry:default@ProcessProfile is up-to-date.
[2026-08-11T15:11:59.539] [DEBUG] debug-file - There is no need to refresh cache, since the incremental task entry:default@ProcessRouterMap is up-to-date.
[2026-08-11T15:11:59.539] [DEBUG] debug-file - There is no need to refresh cache, since the incremental task entry:default@ProcessShareConfig is up-to-date.
[2026-08-11T15:11:59.539] [DEBUG] debug-file - Update task entry:default@ProcessStartupConfig output file:/Users/pange/Codes/genfee/worker-bee-atomic-service/entry/build/default/intermediates/startup/default/startup_config.json cache.
[2026-08-11T15:11:59.539] [DEBUG] debug-file - Incremental task entry:default@ProcessStartupConfig post-execution cost:1 ms .
[2026-08-11T15:11:59.539] [DEBUG] debug-file - There is no need to refresh cache, since the incremental task entry:default@ProcessResource is up-to-date.
[2026-08-11T15:11:59.539] [DEBUG] debug-file - Update task entry:default@GenerateLoaderJson input file:/Users/pange/Codes/genfee/worker-bee-atomic-service/entry/build/default/intermediates/router_map/default/temp-router-map.json cache by regenerate.
[2026-08-11T15:11:59.539] [DEBUG] debug-file - Update task entry:default@GenerateLoaderJson output file:/Users/pange/Codes/genfee/worker-bee-atomic-service/entry/build/default/intermediates/loader/default/loader.json cache.
[2026-08-11T15:11:59.539] [DEBUG] debug-file - Incremental task entry:default@GenerateLoaderJson post-execution cost:1 ms .
[2026-08-11T15:11:59.539] [DEBUG] debug-file - Update task entry:default@ProcessLibs input file:/Users/pange/Codes/genfee/worker-bee-atomic-service/build-profile.json5 cache by regenerate.
[2026-08-11T15:11:59.539] [DEBUG] debug-file - Update task entry:default@ProcessLibs input file:/Users/pange/Codes/genfee/worker-bee-atomic-service/entry/build-profile.json5 cache by regenerate.
[2026-08-11T15:11:59.539] [DEBUG] debug-file - Update task entry:default@ProcessLibs output file:/Users/pange/Codes/genfee/worker-bee-atomic-service/entry/build/default/intermediates/libs/default cache.
[2026-08-11T15:11:59.539] [DEBUG] debug-file - Incremental task entry:default@ProcessLibs post-execution cost:1 ms .
[2026-08-11T15:11:59.539] [DEBUG] debug-file - There is no need to refresh cache, since the incremental task entry:default@CompileResource is up-to-date.
[2026-08-11T15:11:59.539] [DEBUG] debug-file - There is no need to refresh cache, since the incremental task entry:default@DoNativeStrip is up-to-date.
[2026-08-11T15:11:59.539] [DEBUG] debug-file - Update task entry:default@CompileArkTS input file:/Users/pange/Codes/genfee/worker-bee-atomic-service/entry/build/default/intermediates/loader/default cache by regenerate.
[2026-08-11T15:11:59.540] [DEBUG] debug-file - Update task entry:default@CompileArkTS input file:/Users/pange/Codes/genfee/worker-bee-atomic-service/entry/build/default/intermediates/res/default/ResourceTable.txt cache by regenerate.
[2026-08-11T15:11:59.540] [DEBUG] debug-file - Update task entry:default@CompileArkTS input file:/Users/pange/Codes/genfee/worker-bee-atomic-service/entry/build/default/intermediates/res/default/ark_module.json cache by regenerate.
[2026-08-11T15:11:59.540] [DEBUG] debug-file - Update task entry:default@CompileArkTS input file:/Users/pange/Codes/genfee/worker-bee-atomic-service/entry/build/default/intermediates/res/default/resources/base/profile cache by regenerate.
[2026-08-11T15:11:59.540] [DEBUG] debug-file - Update task entry:default@CompileArkTS input file:/Users/pange/Codes/genfee/worker-bee-atomic-service/entry/src/main/ets cache by regenerate.
[2026-08-11T15:11:59.540] [DEBUG] debug-file - Update task entry:default@CompileArkTS input file:/Users/pange/Codes/genfee/worker-bee-atomic-service/entry/build/default/generated/profile/default/BuildProfile.ets cache by regenerate.
[2026-08-11T15:11:59.540] [DEBUG] debug-file - Update task entry:default@CompileArkTS output file:/Users/pange/Codes/genfee/worker-bee-atomic-service/entry/build/default/intermediates/loader_out/default/ets cache.
[2026-08-11T15:11:59.540] [DEBUG] debug-file - Incremental task entry:default@CompileArkTS post-execution cost:2 ms .
[2026-08-11T15:11:59.540] [DEBUG] debug-file - Update task entry:default@BuildJS input file:/Users/pange/Codes/genfee/worker-bee-atomic-service/entry/build/default/intermediates/loader/default cache by regenerate.
[2026-08-11T15:11:59.541] [DEBUG] debug-file - Update task entry:default@BuildJS input file:/Users/pange/Codes/genfee/worker-bee-atomic-service/entry/build/default/intermediates/res/default/ResourceTable.txt cache by regenerate.
[2026-08-11T15:11:59.541] [DEBUG] debug-file - Update task entry:default@BuildJS input file:/Users/pange/Codes/genfee/worker-bee-atomic-service/entry/build/default/intermediates/res/default/ark_module.json cache by regenerate.
[2026-08-11T15:11:59.541] [DEBUG] debug-file - Update task entry:default@BuildJS input file:/Users/pange/Codes/genfee/worker-bee-atomic-service/entry/build/default/intermediates/res/default/resources/base/profile cache by regenerate.
[2026-08-11T15:11:59.541] [DEBUG] debug-file - Update task entry:default@BuildJS output file:/Users/pange/Codes/genfee/worker-bee-atomic-service/entry/build/default/intermediates/loader_out/default/js cache.
[2026-08-11T15:11:59.541] [DEBUG] debug-file - Incremental task entry:default@BuildJS post-execution cost:1 ms .
[2026-08-11T15:11:59.541] [DEBUG] debug-file - There is no need to refresh cache, since the incremental task entry:default@CacheNativeLibs is up-to-date.
[2026-08-11T15:11:59.551] [DEBUG] debug-file - Cleanup worker 8.
[2026-08-11T15:11:59.552] [DEBUG] debug-file - Worker 8 has been cleaned up.
[2026-08-11T15:11:59.552] [DEBUG] debug-file - Current idle worker size: 1.
[2026-08-11T15:11:59.552] [DEBUG] debug-file - Current resident worker size: 2.
[2026-08-11T15:11:59.552] [DEBUG] debug-file - hvigor build process will be closed.
[2026-08-11T15:11:59.557] [DEBUG] debug-file - worker[8] exits with exit code 1.
[2026-08-11T15:11:59.559] [DEBUG] debug-file - session manager: send message to worker process.
[2026-08-11T15:11:59.560] [DEBUG] debug-file - session manager: send message to worker process.
[2026-08-11T15:11:59.560] [DEBUG] debug-file - watch worker: worker id should be larger than 0. Nothing will be sent to any worker thread.
[2026-08-11T15:11:59.560] [DEBUG] debug-file - watch worker: worker id should be larger than 0. Nothing will be sent to any worker thread.
[2026-08-11T15:18:51.710] [DEBUG] debug-file - session manager: set active socket. socketId=HEncOXXHZGuMlwHGAAAF
[2026-08-11T15:18:51.717] [DEBUG] debug-file - watch worker: worker id should be larger than 0. Nothing will be sent to any worker thread.
[2026-08-11T15:18:51.725] [DEBUG] debug-file - Workers' log level updated to INFO
[2026-08-11T15:18:51.729] [DEBUG] debug-file - Hvigor init with startParameters:{
  hvigorfileTypeCheck: false,
  parallelExecution: true,
  incrementalExecution: true,
  printStackTrace: false,
  daemon: true,
  analyze: 0,
  logLevel: Level { level: 20000, levelStr: 'INFO', colour: 'green' },
  optimizationStrategy: 'memory',
  hotCompile: undefined,
  hotReloadBuild: undefined,
  customizedParam: undefined
}
[2026-08-11T15:18:51.735] [DEBUG] debug-file - Cache service initialization finished in 6 ms 
[2026-08-11T15:18:51.738] [DEBUG] debug-file - hvigorfile, resolving /Users/pange/Codes/genfee/worker-bee-atomic-service/hvigorfile.ts
[2026-08-11T15:18:51.750] [DEBUG] debug-file - hvigorfile, require result:  { default: {} }
[2026-08-11T15:18:51.751] [DEBUG] debug-file - hvigorfile, binding system plugins null
[2026-08-11T15:18:51.751] [DEBUG] debug-file - Starting plugin build process
[2026-08-11T15:18:51.751] [DEBUG] debug-file - App plugin prepare start...
[2026-08-11T15:18:51.751] [DEBUG] debug-file - App plugin prepare end...
[2026-08-11T15:18:51.751] [DEBUG] debug-file - App plugin creating...
[2026-08-11T15:18:51.756] [DEBUG] debug-file - App plugin register hook start...
[2026-08-11T15:18:51.756] [DEBUG] debug-file - App plugin register hook end...
[2026-08-11T15:18:51.756] [DEBUG] debug-file - Plugin build process completed
[2026-08-11T15:18:51.757] [DEBUG] debug-file - Start initialize project's product build option map with build mode debug.
[2026-08-11T15:18:51.757] [DEBUG] debug-file - Picking option from product 'default' with build mode 'debug'.
[2026-08-11T15:18:51.757] [DEBUG] debug-file - Product 'default' build option initialized
[2026-08-11T15:18:51.757] [DEBUG] debug-file - End initialize project's product build option map with build mode 'debug'.
[2026-08-11T15:18:51.758] [DEBUG] debug-file - Obtain build option for product 'default'in this build.
[2026-08-11T15:18:51.759] [DEBUG] debug-file - /Users/pange/Codes/genfee/worker-bee-atomic-service/build/cache/default/remote_hsp/remoteHspCache.json not exists.
[2026-08-11T15:18:51.760] [DEBUG] debug-file - Start recording SDK configuration permission data.
[2026-08-11T15:18:51.784] [DEBUG] debug-file - Sdk init in 25 ms 
[2026-08-11T15:18:51.786] [DEBUG] debug-file - Project task initialization takes 2 ms 
[2026-08-11T15:18:51.786] [DEBUG] debug-file - hvigorfile, begin to bind custom plugins...
[2026-08-11T15:18:51.786] [DEBUG] debug-file - hvigorfile, no custom plugins were found in /Users/pange/Codes/genfee/worker-bee-atomic-service/hvigorfile.ts
[2026-08-11T15:18:51.786] [DEBUG] debug-file - hvigorfile, resolve finished /Users/pange/Codes/genfee/worker-bee-atomic-service/hvigorfile.ts
[2026-08-11T15:18:51.786] [DEBUG] debug-file - hvigorfile, resolving /Users/pange/Codes/genfee/worker-bee-atomic-service/entry/hvigorfile.ts
[2026-08-11T15:18:51.788] [DEBUG] debug-file - hvigorfile, require result:  { default: {} }
[2026-08-11T15:18:51.788] [DEBUG] debug-file - hvigorfile, binding system plugins null
[2026-08-11T15:18:51.788] [DEBUG] debug-file - Starting plugin build process
[2026-08-11T15:18:51.788] [DEBUG] debug-file - Hap plugin creating...
[2026-08-11T15:18:51.789] [DEBUG] debug-file - failed to load cangjie to dynamically generate schemas: Error: Cannot find module '@ohos/cangjie-build-support/index'
Require stack:
- /Applications/DevEco-Studio.app/Contents/tools/hvigor/hvigor-ohos-plugin/src/plugin/hooks/cangjie-register.js
- /Applications/DevEco-Studio.app/Contents/tools/hvigor/hvigor-ohos-plugin/src/plugin/strategy/stage-init-strategy.js
- /Applications/DevEco-Studio.app/Contents/tools/hvigor/hvigor-ohos-plugin/src/plugin/builder/abstract-plugin-builder.js
- /Applications/DevEco-Studio.app/Contents/tools/hvigor/hvigor-ohos-plugin/src/plugin/builder/app-plugin-builder.js
- /Applications/DevEco-Studio.app/Contents/tools/hvigor/hvigor-ohos-plugin/src/plugin/factory/plugin-factory.js
- /Applications/DevEco-Studio.app/Contents/tools/hvigor/hvigor-ohos-plugin/index.js
- /Users/pange/Codes/genfee/worker-bee-atomic-service/hvigorfile.ts
- /Applications/DevEco-Studio.app/Contents/tools/hvigor/hvigor/src/base/internal/lifecycle/configuration.js
- /Applications/DevEco-Studio.app/Contents/tools/hvigor/hvigor/src/base/boot/index.js
- /Applications/DevEco-Studio.app/Contents/tools/hvigor/hvigor/src/base/daemon/cluster/worker-process-lifecycle.js
- /Applications/DevEco-Studio.app/Contents/tools/hvigor/hvigor/src/base/daemon/process/daemon-process-boot-script.js
[2026-08-11T15:18:51.790] [DEBUG] debug-file - Start initialize module-target build option map, moduleName=entry, buildMode=debug
[2026-08-11T15:18:51.790] [DEBUG] debug-file - Target 'default' config initialized
[2026-08-11T15:18:51.790] [DEBUG] debug-file - Module 'entry' target 'default' build option initialized
[2026-08-11T15:18:51.790] [DEBUG] debug-file - End initialize module-target build option map, moduleName=entry
[2026-08-11T15:18:51.790] [DEBUG] debug-file - Start initialize module-target build option map, moduleName=entry, buildMode=release
[2026-08-11T15:18:51.790] [DEBUG] debug-file - Target 'default' config initialized
[2026-08-11T15:18:51.790] [DEBUG] debug-file - Module 'entry' target 'default' build option initialized
[2026-08-11T15:18:51.790] [DEBUG] debug-file - End initialize module-target build option map, moduleName=entry
[2026-08-11T15:18:51.791] [DEBUG] debug-file - Start initialize module-target build option map, moduleName=entry, buildMode=debug
[2026-08-11T15:18:51.791] [DEBUG] debug-file - Target 'default' config initialized
[2026-08-11T15:18:51.791] [DEBUG] debug-file - Module 'entry' target 'default' build option initialized
[2026-08-11T15:18:51.791] [DEBUG] debug-file - End initialize module-target build option map, moduleName=entry
[2026-08-11T15:18:51.791] [DEBUG] debug-file - Obtain build option for module 'entry' target 'default'in this build.
[2026-08-11T15:18:51.792] [DEBUG] debug-file - Module entry task initialization takes 1 ms 
[2026-08-11T15:18:51.792] [DEBUG] debug-file - Hap plugin register hook start...
[2026-08-11T15:18:51.792] [DEBUG] debug-file - Hap plugin register hook end...
[2026-08-11T15:18:51.792] [DEBUG] debug-file - Plugin build process completed
[2026-08-11T15:18:51.792] [DEBUG] debug-file - hvigorfile, begin to bind custom plugins...
[2026-08-11T15:18:51.792] [DEBUG] debug-file - hvigorfile, no custom plugins were found in /Users/pange/Codes/genfee/worker-bee-atomic-service/entry/hvigorfile.ts
[2026-08-11T15:18:51.792] [DEBUG] debug-file - hvigorfile, resolve finished /Users/pange/Codes/genfee/worker-bee-atomic-service/entry/hvigorfile.ts
[2026-08-11T15:18:51.844] [DEBUG] debug-file - hvigorfile, resolve hvigorfile dependencies in 52 ms 
[2026-08-11T15:18:51.844] [DEBUG] debug-file - project has submodules:entry
[2026-08-11T15:18:51.845] [DEBUG] debug-file - start to load updatedOhPackageInfo to the disk
[2026-08-11T15:18:51.846] [DEBUG] debug-file - load to the disk finished
[2026-08-11T15:18:51.846] [DEBUG] debug-file - Start to initialize dependency information.
[2026-08-11T15:18:51.846] [DEBUG] debug-file - Module worker-bee-atomic-service Collected Dependency: 
[2026-08-11T15:18:51.846] [DEBUG] debug-file - Module worker-bee-atomic-service's total dependency: 0
[2026-08-11T15:18:51.847] [DEBUG] debug-file - Start to initialize dependency information.
[2026-08-11T15:18:51.847] [DEBUG] debug-file - Module entry Collected Dependency: 
[2026-08-11T15:18:51.847] [DEBUG] debug-file - Module entry's total dependency: 0
[2026-08-11T15:18:51.848] [DEBUG] debug-file - Configuration phase cost:111 ms 
[2026-08-11T15:18:51.848] [DEBUG] debug-file - Configuration task cost before running: 123 ms 
[2026-08-11T15:18:51.849] [DEBUG] debug-file - Executing task :entry:default@PreBuild
[2026-08-11T15:18:51.850] [WARN] debug-file - The project has not explicitly set the 'targetSdkVersion' version at build-profile.json5. It is recommended to configure it. Reference: https://developer.huawei.com/consumer/cn/doc/harmonyos-guides/ide-hvigor-build-profile-app#section45865492619
[2026-08-11T15:18:51.851] [DEBUG] debug-file - Task 'entry:default@PreBuild' cost while wrapping incremental declarations: 1 ms 
[2026-08-11T15:18:51.854] [DEBUG] debug-file - Incremental task entry:default@PreBuild pre-execution cost: 2 ms .
[2026-08-11T15:18:51.854] [DEBUG] debug-file - entry : default@PreBuild cost memory 0.5121078491210938
[2026-08-11T15:18:51.854] [INFO] debug-file - UP-TO-DATE :entry:default@PreBuild...  
[2026-08-11T15:18:51.855] [DEBUG] debug-file - Executing task :entry:default@CreateModuleInfo
[2026-08-11T15:18:51.855] [DEBUG] debug-file - Task 'entry:default@CreateModuleInfo' cost while wrapping incremental declarations: 1 ms 
[2026-08-11T15:18:51.855] [DEBUG] debug-file - entry : default@CreateModuleInfo cost memory 0.04009246826171875
[2026-08-11T15:18:51.855] [DEBUG] debug-file - runTaskFromQueue task cost before running: 130 ms 
[2026-08-11T15:18:51.855] [INFO] debug-file - Finished :entry:default@CreateModuleInfo... after 1 ms 
[2026-08-11T15:18:51.856] [DEBUG] debug-file - Executing task :entry:default@GenerateMetadata
[2026-08-11T15:18:51.856] [DEBUG] debug-file - Task 'entry:default@GenerateMetadata' cost while wrapping incremental declarations: 1 ms 
[2026-08-11T15:18:51.856] [DEBUG] debug-file - Incremental task entry:default@GenerateMetadata pre-execution cost: 1 ms .
[2026-08-11T15:18:51.856] [DEBUG] debug-file - entry : default@GenerateMetadata cost memory 0.07646942138671875
[2026-08-11T15:18:51.856] [INFO] debug-file - UP-TO-DATE :entry:default@GenerateMetadata...  
[2026-08-11T15:18:51.857] [DEBUG] debug-file - Executing task :entry:default@ConfigureCmake
[2026-08-11T15:18:51.857] [DEBUG] debug-file - entry : default@ConfigureCmake cost memory 0.01446533203125
[2026-08-11T15:18:51.857] [DEBUG] debug-file - runTaskFromQueue task cost before running: 132 ms 
[2026-08-11T15:18:51.857] [INFO] debug-file - Finished :entry:default@ConfigureCmake... after 1 ms 
[2026-08-11T15:18:51.857] [DEBUG] debug-file - Executing task :entry:default@MergeProfile
[2026-08-11T15:18:51.857] [DEBUG] debug-file - Task 'entry:default@MergeProfile' cost while wrapping incremental declarations: 1 ms 
[2026-08-11T15:18:51.858] [DEBUG] debug-file - Incremental task entry:default@MergeProfile pre-execution cost: 1 ms .
[2026-08-11T15:18:51.858] [DEBUG] debug-file - entry : default@MergeProfile cost memory 0.11541748046875
[2026-08-11T15:18:51.858] [INFO] debug-file - UP-TO-DATE :entry:default@MergeProfile...  
[2026-08-11T15:18:51.858] [DEBUG] debug-file - Executing task :entry:default@CreateBuildProfile
[2026-08-11T15:18:51.858] [DEBUG] debug-file - Task 'entry:default@CreateBuildProfile' cost while wrapping incremental declarations: 1 ms 
[2026-08-11T15:18:51.858] [DEBUG] debug-file - Incremental task entry:default@CreateBuildProfile pre-execution cost: 1 ms .
[2026-08-11T15:18:51.858] [DEBUG] debug-file - entry : default@CreateBuildProfile cost memory 0.090545654296875
[2026-08-11T15:18:51.858] [INFO] debug-file - UP-TO-DATE :entry:default@CreateBuildProfile...  
[2026-08-11T15:18:51.859] [DEBUG] debug-file - Executing task :entry:default@PreCheckSyscap
[2026-08-11T15:18:51.859] [DEBUG] debug-file - entry : default@PreCheckSyscap cost memory 0.01468658447265625
[2026-08-11T15:18:51.859] [DEBUG] debug-file - runTaskFromQueue task cost before running: 134 ms 
[2026-08-11T15:18:51.859] [INFO] debug-file - Finished :entry:default@PreCheckSyscap... after 1 ms 
[2026-08-11T15:18:51.859] [DEBUG] debug-file - Executing task :entry:default@GeneratePkgContextInfo
[2026-08-11T15:18:51.862] [DEBUG] debug-file - Task 'entry:default@GeneratePkgContextInfo' cost while wrapping incremental declarations: 1 ms 
[2026-08-11T15:18:51.862] [DEBUG] debug-file - entry : default@GeneratePkgContextInfo cost memory -3.1209030151367188
[2026-08-11T15:18:51.862] [DEBUG] debug-file - runTaskFromQueue task cost before running: 137 ms 
[2026-08-11T15:18:51.862] [INFO] debug-file - Finished :entry:default@GeneratePkgContextInfo... after 3 ms 
[2026-08-11T15:18:51.862] [DEBUG] debug-file - Executing task :entry:default@GeneratePkgSdkInfo
[2026-08-11T15:18:51.863] [DEBUG] debug-file - Task 'entry:default@GeneratePkgSdkInfo' cost while wrapping incremental declarations: 1 ms 
[2026-08-11T15:18:51.863] [DEBUG] debug-file - Incremental task entry:default@GeneratePkgSdkInfo pre-execution cost: 1 ms .
[2026-08-11T15:18:51.863] [DEBUG] debug-file - entry : default@GeneratePkgSdkInfo cost memory 0.1188201904296875
[2026-08-11T15:18:51.863] [INFO] debug-file - UP-TO-DATE :entry:default@GeneratePkgSdkInfo...  
[2026-08-11T15:18:51.863] [DEBUG] debug-file - Executing task :entry:default@ProcessIntegratedHsp
[2026-08-11T15:18:51.864] [DEBUG] debug-file - entry:default@ProcessIntegratedHsp is not up-to-date, since the output file '/Users/pange/Codes/genfee/worker-bee-atomic-service/build/cache/default/integrated_hsp/integratedHspCache.json' does not exist.
[2026-08-11T15:18:51.864] [DEBUG] debug-file - Incremental task entry:default@ProcessIntegratedHsp pre-execution cost: 1 ms .
[2026-08-11T15:18:51.864] [DEBUG] debug-file - entry : default@ProcessIntegratedHsp cost memory 0.05712890625
[2026-08-11T15:18:51.864] [DEBUG] debug-file - runTaskFromQueue task cost before running: 139 ms 
[2026-08-11T15:18:51.864] [INFO] debug-file - Finished :entry:default@ProcessIntegratedHsp... after 1 ms 
[2026-08-11T15:18:51.864] [DEBUG] debug-file - Executing task :entry:default@BuildNativeWithCmake
[2026-08-11T15:18:51.864] [DEBUG] debug-file - entry : default@BuildNativeWithCmake cost memory 0.0144805908203125
[2026-08-11T15:18:51.864] [DEBUG] debug-file - runTaskFromQueue task cost before running: 139 ms 
[2026-08-11T15:18:51.864] [INFO] debug-file - Finished :entry:default@BuildNativeWithCmake... after 1 ms 
[2026-08-11T15:18:51.864] [DEBUG] debug-file - Executing task :entry:default@MakePackInfo
[2026-08-11T15:18:51.865] [DEBUG] debug-file - Incremental task entry:default@MakePackInfo pre-execution cost: 1 ms .
[2026-08-11T15:18:51.865] [DEBUG] debug-file - entry : default@MakePackInfo cost memory 0.09529876708984375
[2026-08-11T15:18:51.865] [INFO] debug-file - UP-TO-DATE :entry:default@MakePackInfo...  
[2026-08-11T15:18:51.865] [DEBUG] debug-file - Executing task :entry:default@SyscapTransform
[2026-08-11T15:18:51.865] [DEBUG] debug-file - File: '/Users/pange/Codes/genfee/worker-bee-atomic-service/entry/src/main/syscap.json' from 'sysCapJsonPath' is not exists, just ignore.
[2026-08-11T15:18:51.865] [DEBUG] debug-file - Task 'entry:default@SyscapTransform' cost while wrapping incremental declarations: 1 ms 
[2026-08-11T15:18:51.866] [DEBUG] debug-file - entry:default@SyscapTransform is not up-to-date, since the output file '/Users/pange/Codes/genfee/worker-bee-atomic-service/entry/build/default/intermediates/syscap/default/rpcid.sc' does not exist.
[2026-08-11T15:18:51.866] [DEBUG] debug-file - Incremental task entry:default@SyscapTransform pre-execution cost: 2 ms .
[2026-08-11T15:18:51.866] [DEBUG] debug-file - entry : default@SyscapTransform cost memory 0.10932159423828125
[2026-08-11T15:18:51.866] [DEBUG] debug-file - runTaskFromQueue task cost before running: 141 ms 
[2026-08-11T15:18:51.867] [INFO] debug-file - Finished :entry:default@SyscapTransform... after 2 ms 
[2026-08-11T15:18:51.867] [DEBUG] debug-file - Executing task :entry:default@ProcessProfile
[2026-08-11T15:18:51.867] [DEBUG] debug-file - Task 'entry:default@ProcessProfile' cost while wrapping incremental declarations: 1 ms 
[2026-08-11T15:18:51.868] [DEBUG] debug-file - Incremental task entry:default@ProcessProfile pre-execution cost: 1 ms .
[2026-08-11T15:18:51.868] [DEBUG] debug-file - entry : default@ProcessProfile cost memory 0.11093902587890625
[2026-08-11T15:18:51.868] [INFO] debug-file - UP-TO-DATE :entry:default@ProcessProfile...  
[2026-08-11T15:18:51.868] [DEBUG] debug-file - Executing task :entry:default@ProcessRouterMap
[2026-08-11T15:18:51.869] [DEBUG] debug-file - Incremental task entry:default@ProcessRouterMap pre-execution cost: 1 ms .
[2026-08-11T15:18:51.869] [DEBUG] debug-file - entry : default@ProcessRouterMap cost memory 0.1051025390625
[2026-08-11T15:18:51.869] [INFO] debug-file - UP-TO-DATE :entry:default@ProcessRouterMap...  
[2026-08-11T15:18:51.869] [DEBUG] debug-file - Executing task :entry:default@ProcessShareConfig
[2026-08-11T15:18:51.869] [DEBUG] debug-file - Incremental task entry:default@ProcessShareConfig pre-execution cost: 1 ms .
[2026-08-11T15:18:51.869] [DEBUG] debug-file - entry : default@ProcessShareConfig cost memory 0.08757781982421875
[2026-08-11T15:18:51.869] [INFO] debug-file - UP-TO-DATE :entry:default@ProcessShareConfig...  
[2026-08-11T15:18:51.870] [DEBUG] debug-file - Executing task :entry:default@ProcessStartupConfig
[2026-08-11T15:18:51.870] [DEBUG] debug-file - Task 'entry:default@ProcessStartupConfig' cost while wrapping incremental declarations: 1 ms 
[2026-08-11T15:18:51.870] [DEBUG] debug-file - entry:default@ProcessStartupConfig is not up-to-date, since the output file '/Users/pange/Codes/genfee/worker-bee-atomic-service/entry/build/default/intermediates/startup/default/startup_config.json' does not exist.
[2026-08-11T15:18:51.870] [DEBUG] debug-file - Incremental task entry:default@ProcessStartupConfig pre-execution cost: 1 ms .
[2026-08-11T15:18:51.870] [DEBUG] debug-file - entry : default@ProcessStartupConfig cost memory 0.08701324462890625
[2026-08-11T15:18:51.870] [DEBUG] debug-file - runTaskFromQueue task cost before running: 145 ms 
[2026-08-11T15:18:51.870] [INFO] debug-file - Finished :entry:default@ProcessStartupConfig... after 1 ms 
[2026-08-11T15:18:51.870] [DEBUG] debug-file - Executing task :entry:default@BuildNativeWithNinja
[2026-08-11T15:18:51.871] [DEBUG] debug-file - entry : default@BuildNativeWithNinja cost memory 0.02030181884765625
[2026-08-11T15:18:51.871] [DEBUG] debug-file - runTaskFromQueue task cost before running: 146 ms 
[2026-08-11T15:18:51.871] [INFO] debug-file - Finished :entry:default@BuildNativeWithNinja... after 1 ms 
[2026-08-11T15:18:51.871] [DEBUG] debug-file - restool module names: entry; moduleName=entry, taskName=default@ProcessResource
[2026-08-11T15:18:51.871] [DEBUG] debug-file - Executing task :entry:default@ProcessResource
[2026-08-11T15:18:51.872] [DEBUG] debug-file - Task 'entry:default@ProcessResource' cost while wrapping incremental declarations: 1 ms 
[2026-08-11T15:18:51.872] [DEBUG] debug-file - Incremental task entry:default@ProcessResource pre-execution cost: 1 ms .
[2026-08-11T15:18:51.872] [DEBUG] debug-file - entry : default@ProcessResource cost memory 0.12378692626953125
[2026-08-11T15:18:51.872] [INFO] debug-file - UP-TO-DATE :entry:default@ProcessResource...  
[2026-08-11T15:18:51.873] [DEBUG] debug-file - Executing task :entry:default@GenerateLoaderJson
[2026-08-11T15:18:51.873] [DEBUG] debug-file - Task 'entry:default@GenerateLoaderJson' cost while wrapping incremental declarations: 1 ms 
[2026-08-11T15:18:51.875] [DEBUG] debug-file - Incremental task entry:default@GenerateLoaderJson pre-execution cost: 1 ms .
[2026-08-11T15:18:51.875] [DEBUG] debug-file - entry : default@GenerateLoaderJson cost memory 0.5709228515625
[2026-08-11T15:18:51.875] [INFO] debug-file - UP-TO-DATE :entry:default@GenerateLoaderJson...  
[2026-08-11T15:18:51.876] [DEBUG] debug-file - Executing task :entry:default@ProcessLibs
[2026-08-11T15:18:51.876] [DEBUG] debug-file - entry : default@ProcessLibs cost memory 0.05091094970703125
[2026-08-11T15:18:51.876] [DEBUG] debug-file - runTaskFromQueue task cost before running: 151 ms 
[2026-08-11T15:18:51.876] [INFO] debug-file - Finished :entry:default@ProcessLibs... after 1 ms 
[2026-08-11T15:18:51.876] [DEBUG] debug-file - restool module names: entry; moduleName=entry, taskName=default@CompileResource
[2026-08-11T15:18:51.876] [DEBUG] debug-file - Executing task :entry:default@CompileResource
[2026-08-11T15:18:51.878] [DEBUG] debug-file - Incremental task entry:default@CompileResource pre-execution cost: 2 ms .
[2026-08-11T15:18:51.878] [DEBUG] debug-file - entry : default@CompileResource cost memory 0.4090118408203125
[2026-08-11T15:18:51.879] [INFO] debug-file - UP-TO-DATE :entry:default@CompileResource...  
[2026-08-11T15:18:51.879] [DEBUG] debug-file - Executing task :entry:default@DoNativeStrip
[2026-08-11T15:18:51.879] [DEBUG] debug-file - File: '/Users/pange/Codes/genfee/worker-bee-atomic-service/entry/build/default/intermediates/binxo/default' from 'doBinxoNativeLibs' is not exists, just ignore.
[2026-08-11T15:18:51.879] [DEBUG] debug-file - Task 'entry:default@DoNativeStrip' cost while wrapping incremental declarations: 1 ms 
[2026-08-11T15:18:51.879] [DEBUG] debug-file - Incremental task entry:default@DoNativeStrip pre-execution cost: 1 ms .
[2026-08-11T15:18:51.879] [DEBUG] debug-file - entry : default@DoNativeStrip cost memory 0.0770111083984375
[2026-08-11T15:18:51.879] [INFO] debug-file - UP-TO-DATE :entry:default@DoNativeStrip...  
[2026-08-11T15:18:51.880] [DEBUG] debug-file - Executing task :entry:default@CompileArkTS
[2026-08-11T15:18:51.880] [DEBUG] debug-file - obfuscationOptions: undefined
[2026-08-11T15:18:51.880] [DEBUG] debug-file - Task 'entry:default@CompileArkTS' cost while wrapping incremental declarations: 1 ms 
[2026-08-11T15:18:51.884] [DEBUG] debug-file - build config:
[2026-08-11T15:18:51.884] [DEBUG] debug-file - {
  moduleType: 'entry',
  perf: 0,
  targetName: '.default',
  packageManagerType: 'ohpm',
  localPropertiesPath: '/Users/pange/Codes/genfee/worker-bee-atomic-service/local.properties',
  isPreview: false,
  isOhosTest: false,
  isLocalTest: false,
  buildMode: 'Debug',
  hotReloadBuild: undefined,
  watchMode: 'false',
  aceProfilePath: '/Users/pange/Codes/genfee/worker-bee-atomic-service/entry/build/default/intermediates/res/default/resources/base/profile',
  etsLoaderPath: '/Applications/DevEco-Studio.app/Contents/sdk/default/openharmony/ets/build-tools/ets-loader',
  modulePath: '/Users/pange/Codes/genfee/worker-bee-atomic-service/entry',
  testFrameworkPar: {
    testMode: undefined,
    coveragePathFilter: undefined,
    coverageMode: undefined
  },
  needCoverageInsert: false,
  debugLine: false,
  projectTopDir: '/Users/pange/Codes/genfee/worker-bee-atomic-service',
  compileSdkVersion: 24,
  compatibleSdkVersion: 12,
  originCompatibleSdkVersion: '5.0.0(12)',
  compatibleSdkVersionStage: 'beta1',
  bundleName: 'c***7',
  etsLoaderVersion: '6.1.1.125',
  etsLoaderReleaseType: 'Release',
  aotCompileMode: 'type',
  apPath: '/Users/pange/Codes/genfee/worker-bee-atomic-service/entry/modules.ap',
  entryModuleName: 'entry',
  entryModuleVersion: '1.0.0',
  entryPackageName: 'entry',
  allModuleNameHash: 'b6b811d2f71314b7490cc7ab3d975985978821104ce9c72f43777df40513d96d',
  externalApiPaths: [ '/Applications/DevEco-Studio.app/Contents/sdk/default/hms/ets' ],
  compilerTypes: [],
  isCrossplatform: false,
  hvigorPluginFile: undefined,
  compilePluginPath: undefined,
  buildGeneratedProfilePath: '/Users/pange/Codes/genfee/worker-bee-atomic-service/entry/build/default/generated/profile/default',
  bundleType: 'atomicService',
  arkTSVersion: undefined,
  apiVersion: 24,
  needCompleteSourcesMap: false,
  isFaMode: false,
  buildDir: '/Users/pange/Codes/genfee/worker-bee-atomic-service/entry/build',
  deviceTypes: [ 'phone', 'tablet' ],
  pkgContextInfo: undefined,
  ohPackagePathMap: {},
  dependencyAliasMap: {},
  permission: {
    requestPermissions: [ [Object], [Object] ],
    definePermissions: undefined
  },
  useGetCurrentBundleName: false,
  projectArkOption: undefined,
  sourceMapDir: undefined,
  branchElimination: false,
  transformLib: undefined,
  tsImportSendable: false,
  resolveConflictMode: true,
  depName2RootPath: {},
  depName2DepInfo: {},
  depName2OhExports: {},
  rootPathSet: [ '/Users/pange/Codes/genfee/worker-bee-atomic-service' ],
  useNativeResolver: true,
  shouldEmitJs: true,
  useTscResolve: false,
  singleFileEmit: false,
  userProjectConfig: {
    autoLazyImport: false,
    allowEmptyBundleName: false,
    reExportCheckMode: 'noCheck',
    executionMode: 'memory',
    usePathPlaceholder: false,
    writeRollupCache: true,
    isExpandImportEnabled: false,
    expandImportExclude: '',
    lazyImportExclude: '',
    lazyImportInclude: '',
    ignoreCrossplatformCheck: false,
    isHarDeduplicateEnabled: false,
    skipOhModulesLint: false,
    enableStrictCheckOHModule: false,
    disableSendableCheckRules: [],
    useDeclarationFileSignature: false,
    customizedOptions: undefined,
    integratedHsp: false,
    isPreloadSoEnabled: false
  },
  executionMode: 'memory',
  arkCompileCachePath: '/Users/pange/Codes/genfee/worker-bee-atomic-service/entry/build/default/cache/default/default@CompileArkTS/esmodule',
  autoLazyFilter: undefined,
  isHarDeduplicateEnabled: false,
  intermediateHarDuplicateDirPath: '/Users/pange/Codes/genfee/worker-bee-atomic-service/entry/build/default/intermediates/har_duplicate/default',
  autoLazyImport: false,
  allowEmptyBundleName: false,
  reExportCheckMode: 'noCheck',
  usePathPlaceholder: false,
  writeRollupCache: true,
  isExpandImportEnabled: false,
  expandImportExclude: '',
  lazyImportExclude: '',
  lazyImportInclude: '',
  ignoreCrossplatformCheck: false,
  skipOhModulesLint: false,
  enableStrictCheckOHModule: false,
  disableSendableCheckRules: [],
  useDeclarationFileSignature: false,
  customizedOptions: undefined,
  integratedHsp: false,
  isPreloadSoEnabled: false,
  strictMode: undefined,
  useNormalizedOHMUrl: false,
  caseSensitiveCheck: false,
  strictCheckerOnly: false,
  aceModuleJsonPath: '/Users/pange/Codes/genfee/worker-bee-atomic-service/entry/build/default/intermediates/res/default/ark_module.json',
  appResource: '/Users/pange/Codes/genfee/worker-bee-atomic-service/entry/build/default/intermediates/res/default/ResourceTable.txt',
  rawFileResource: '/Users/pange/Codes/genfee/worker-bee-atomic-service/entry/build/default/intermediates/res/default/resources/rawfile',
  resourceTableHash: '506ce0e8708a79f6b40d6c8e4f650136eb16e8713370ef7716f6ba58e9e43fd6',
  runtimeOS: 'HarmonyOS',
  sdkInfo: 'false:24:6.1.1.125:Release',
  aceModuleRoot: '/Users/pange/Codes/genfee/worker-bee-atomic-service/entry/src/main/ets',
  compileMode: 'esmodule',
  aceSuperVisualPath: '/Users/pange/Codes/genfee/worker-bee-atomic-service/entry/src/main/supervisual',
  aceBuildJson: '/Users/pange/Codes/genfee/worker-bee-atomic-service/entry/build/default/intermediates/loader/default/loader.json',
  cachePath: '/Users/pange/Codes/genfee/worker-bee-atomic-service/entry/build/default/cache/default/default@CompileArkTS/esmodule/debug',
  aceModuleBuild: '/Users/pange/Codes/genfee/worker-bee-atomic-service/entry/build/default/intermediates/loader_out/default/ets',
  supportChunks: true,
  declaredFilesPath: undefined,
  shouldCollectDirectImportees: false,
  isByteCodeHarOptimize: false,
  expandImportPath: undefined,
  resourceTableTs: '/Users/pange/Codes/genfee/worker-bee-atomic-service/entry/build/default/generated/r/default/ResourceTable.ts',
  moduleMetaInfoFiles: [
    {
      filePath: '/Users/pange/Codes/genfee/worker-bee-atomic-service/entry/build/default/generated/r/default/ResourceTable.ts',
      ohmurl: 'com.atomicservice.6917611690461753557/entry/build/generated/r/ResourceTable'
    }
  ],
  pkgNameToPkgBriefInfo: {
    entry: {
      pkgRoot: '/Users/pange/Codes/genfee/worker-bee-atomic-service/entry',
      originalSourceRoots: undefined,
      sourceRoots: [Array],
      pkgName: 'entry'
    }
  },
  projectModel: {
    '/Users/pange/Codes/genfee/worker-bee-atomic-service/entry/src/main': {
      moduleName: 'entry',
      modulePkgPath: '/Users/pange/Codes/genfee/worker-bee-atomic-service/entry',
      belongProjectPath: '/Users/pange/Codes/genfee/worker-bee-atomic-service'
    },
    '/Users/pange/Codes/genfee/worker-bee-atomic-service/entry': {
      moduleName: 'entry',
      modulePkgPath: '/Users/pange/Codes/genfee/worker-bee-atomic-service/entry',
      belongProjectPath: '/Users/pange/Codes/genfee/worker-bee-atomic-service'
    },
    '/Users/pange/Codes/genfee/worker-bee-atomic-service': {
      moduleName: 'worker-bee-atomic-service',
      modulePkgPath: '/Users/pange/Codes/genfee/worker-bee-atomic-service',
      belongProjectPath: '/Users/pange/Codes/genfee/worker-bee-atomic-service'
    }
  },
  pkgJsonFileHash: 'd093999bbf80ff4df7c1e84053d0c2af6caa837eb0ab3d9bdb5b5c7cad72dd5a',
  allModulePaths: [ '/Users/pange/Codes/genfee/worker-bee-atomic-service/entry' ],
  routerMap: {},
  obfuscationOptions: undefined,
  byteCodeHarToDependencyKeys: undefined,
  compileBlockPkg: [],
  mockParams: {
    decorator: '@MockSetup',
    packageName: '@ohos/hamock',
    etsSourceRootPath: 'src/main/ets',
    mockConfigPath: undefined,
    mockConfigKey2ModuleInfo: {},
    source2ModuleIdMap: {}
  },
  copyCodeResourceEnable: true,
  copyCodeResourceExcludes: [],
  copyCodeResourceIncludes: undefined,
  uiTransformOptimization: false,
  sdkPath: '/Applications/DevEco-Studio.app/Contents/sdk',
  needPreloadSoFileSet: {},
  preloadSoFilePath: '/Users/pange/Codes/genfee/worker-bee-atomic-service/entry/build/default/intermediates/preload/default/preload.json',
  useSourceHash: false,
  localModuleParamMap: {},
  otherPaths: {
    'entry/*': [ '../*', '../../../build/default/generated/profile/default/*' ]
  },
  collectImportersConfig: undefined
}
[2026-08-11T15:18:51.884] [DEBUG] debug-file - Compile arkts with external api path: /Applications/DevEco-Studio.app/Contents/sdk/default/hms/ets
[2026-08-11T15:18:51.884] [DEBUG] debug-file - default@CompileArkTS work[5] is submitted.
[2026-08-11T15:18:51.885] [DEBUG] debug-file - default@CompileArkTS work[5] is pushed to ready queue.
[2026-08-11T15:18:51.885] [DEBUG] debug-file - A work dispatched to worker[9] failed because unable to get work from ready queue.
[2026-08-11T15:18:51.885] [DEBUG] debug-file - A work dispatched to worker[8] failed because unable to get work from ready queue.
[2026-08-11T15:18:51.885] [DEBUG] debug-file - A work dispatched to worker[7] failed because unable to get work from ready queue.
[2026-08-11T15:18:51.885] [DEBUG] debug-file - A work dispatched to worker[6] failed because unable to get work from ready queue.
[2026-08-11T15:18:51.885] [DEBUG] debug-file - A work dispatched to worker[5] failed because unable to get work from ready queue.
[2026-08-11T15:18:51.885] [DEBUG] debug-file - default@CompileArkTS work[5] has been dispatched to worker[4].
[2026-08-11T15:18:51.885] [DEBUG] debug-file - default@CompileArkTS work[5] is dispatched.
[2026-08-11T15:18:51.885] [DEBUG] debug-file - CopyResources startTime: 1318354238579250
[2026-08-11T15:18:51.885] [DEBUG] debug-file - default@CompileArkTS work[6] is submitted.
[2026-08-11T15:18:51.885] [DEBUG] debug-file - default@CompileArkTS work[6] is pushed to ready queue.
[2026-08-11T15:18:51.885] [DEBUG] debug-file - A work dispatched to worker[9] failed because unable to get work from ready queue.
[2026-08-11T15:18:51.885] [DEBUG] debug-file - Create  resident worker with id: 8.
[2026-08-11T15:18:51.886] [DEBUG] debug-file - default@CompileArkTS work[6] has been dispatched to worker[8].
[2026-08-11T15:18:51.886] [DEBUG] debug-file - default@CompileArkTS work[6] is dispatched.
[2026-08-11T15:18:51.886] [DEBUG] debug-file - entry : default@CompileArkTS cost memory -3.5356216430664062
[2026-08-11T15:18:51.886] [DEBUG] debug-file - Executing task :entry:default@BuildJS
[2026-08-11T15:18:51.886] [DEBUG] debug-file - Task 'entry:default@BuildJS' cost while wrapping incremental declarations: 1 ms 
[2026-08-11T15:18:51.887] [DEBUG] debug-file - entry : default@BuildJS cost memory 0.11872100830078125
[2026-08-11T15:18:51.887] [DEBUG] debug-file - runTaskFromQueue task cost before running: 162 ms 
[2026-08-11T15:18:51.887] [INFO] debug-file - Finished :entry:default@BuildJS... after 1 ms 
[2026-08-11T15:18:51.887] [DEBUG] debug-file - Executing task :entry:default@CacheNativeLibs
[2026-08-11T15:18:51.887] [DEBUG] debug-file - File: '/Users/pange/Codes/genfee/worker-bee-atomic-service/entry/build/default/intermediates/binxo/default' from 'cacheBinxoNativeLibs' is not exists, just ignore.
[2026-08-11T15:18:51.887] [DEBUG] debug-file - Task 'entry:default@CacheNativeLibs' cost while wrapping incremental declarations: 1 ms 
[2026-08-11T15:18:51.888] [DEBUG] debug-file - Incremental task entry:default@CacheNativeLibs pre-execution cost: 1 ms .
[2026-08-11T15:18:51.888] [DEBUG] debug-file - entry : default@CacheNativeLibs cost memory 0.09051513671875
[2026-08-11T15:18:51.888] [INFO] debug-file - UP-TO-DATE :entry:default@CacheNativeLibs...  
[2026-08-11T15:18:52.373] [DEBUG] debug-file - worker[8] has one work done.
[2026-08-11T15:18:52.373] [DEBUG] debug-file - CopyResources is end, endTime: 1318354726646125
[2026-08-11T15:18:52.373] [DEBUG] debug-file - default@CompileArkTS work[6] done.
[2026-08-11T15:18:52.373] [DEBUG] debug-file - A work dispatched to worker[8] failed because unable to get work from ready queue.
[2026-08-11T15:18:52.445] [DEBUG] debug-file - Ark compile task finished.finished time is 1318354799137916
[2026-08-11T15:18:52.445] [DEBUG] debug-file - worker[4] has one work error.
[2026-08-11T15:18:52.445] [DEBUG] debug-file - default@CompileArkTS work[5] failed.
[2026-08-11T15:18:52.446] [ERROR] debug-file - Failed :entry:default@CompileArkTS... 
[2026-08-11T15:18:52.446] [WARN] debug-file - 
[33m1 WARN: [33m[33mArkTS:WARN: For details about ArkTS syntax errors, see FAQs[39m[39m
[33m2 WARN: [33m[33mArkTS:WARN File: /Users/pange/Codes/genfee/worker-bee-atomic-service/entry/src/main/ets/utils/Store.ets:11:19
 Function may throw exceptions. Special handling is required.
[39m[39m
[33m3 WARN: [33m[33mArkTS:WARN File: /Users/pange/Codes/genfee/worker-bee-atomic-service/entry/src/main/ets/utils/Store.ets:18:12
 Function may throw exceptions. Special handling is required.
[39m[39m
[33m4 WARN: [33m[33mArkTS:WARN File: /Users/pange/Codes/genfee/worker-bee-atomic-service/entry/src/main/ets/utils/Store.ets:25:5
 Function may throw exceptions. Special handling is required.
[39m[39m
[33m5 WARN: [33m[33mArkTS:WARN File: /Users/pange/Codes/genfee/worker-bee-atomic-service/entry/src/main/ets/utils/Store.ets:26:5
 Function may throw exceptions. Special handling is required.
[39m[39m
[33m6 WARN: [33m[33mArkTS:WARN File: /Users/pange/Codes/genfee/worker-bee-atomic-service/entry/src/main/ets/utils/Store.ets:33:12
 Function may throw exceptions. Special handling is required.
[39m[39m
[33m7 WARN: [33m[33mArkTS:WARN File: /Users/pange/Codes/genfee/worker-bee-atomic-service/entry/src/main/ets/utils/Store.ets:40:5
 Function may throw exceptions. Special handling is required.
[39m[39m
[33m8 WARN: [33m[33mArkTS:WARN File: /Users/pange/Codes/genfee/worker-bee-atomic-service/entry/src/main/ets/utils/Store.ets:41:5
 Function may throw exceptions. Special handling is required.
[39m[39m
[33m9 WARN: [33m[33mArkTS:WARN File: /Users/pange/Codes/genfee/worker-bee-atomic-service/entry/src/main/ets/entryability/EntryAbility.ets:18:49
 'px2vp' has been deprecated.
[39m[39m
[33m10 WARN: [33m[33mArkTS:WARN File: /Users/pange/Codes/genfee/worker-bee-atomic-service/entry/src/main/ets/utils/Dialer.ets:26:5
 Function may throw exceptions. Special handling is required.
[39m[39m
[33m11 WARN: [33m[33mArkTS:WARN File: /Users/pange/Codes/genfee/worker-bee-atomic-service/entry/src/main/ets/pages/TopicListPage.ets:40:5
 Function may throw exceptions. Special handling is required.
[39m[39m
[33m12 WARN: [33m[33mArkTS:WARN File: /Users/pange/Codes/genfee/worker-bee-atomic-service/entry/src/main/ets/pages/TopicListPage.ets:54:10
 'getContext' has been deprecated.
[39m[39m
[33m13 WARN: [33m[33mArkTS:WARN File: /Users/pange/Codes/genfee/worker-bee-atomic-service/entry/src/main/ets/pages/TopicListPage.ets:62:26
 'getContext' has been deprecated.
[39m[39m
[33m14 WARN: [33m[33mArkTS:WARN File: /Users/pange/Codes/genfee/worker-bee-atomic-service/entry/src/main/ets/pages/TopicListPage.ets:87:53
 'getContext' has been deprecated.
[39m[39m
[33m15 WARN: [33m[33mArkTS:WARN File: /Users/pange/Codes/genfee/worker-bee-atomic-service/entry/src/main/ets/pages/TopicListPage.ets:102:9
 Function may throw exceptions. Special handling is required.
[39m[39m
[33m16 WARN: [33m[33mArkTS:WARN File: /Users/pange/Codes/genfee/worker-bee-atomic-service/entry/src/main/ets/pages/TopicListPage.ets:209:32
 'pushUrl' has been deprecated.
[39m[39m
[33m17 WARN: [33m[33mArkTS:WARN File: /Users/pange/Codes/genfee/worker-bee-atomic-service/entry/src/main/ets/pages/TopicDetailPage.ets:17:27
 'getParams' has been deprecated.
[39m[39m
[33m18 WARN: [33m[33mArkTS:WARN File: /Users/pange/Codes/genfee/worker-bee-atomic-service/entry/src/main/ets/pages/TopicDetailPage.ets:30:7
 Function may throw exceptions. Special handling is required.
[39m[39m
[2026-08-11T15:18:52.446] [DEBUG] debug-file - hvigor build process will be closed with an error.
[2026-08-11T15:18:52.448] [DEBUG] debug-file - ERROR: stacktrace = Error: ArkTS Compiler Error
[31m1 ERROR: [31m10605038 ArkTS Compiler Error
Error Message: Object literal must correspond to some explicitly declared class or interface (arkts-no-untyped-obj-literals) At File: /Users/pange/Codes/genfee/worker-bee-atomic-service/entry/src/main/ets/services/TopicApi.ets:30:59
[39m
[39m
[31m2 ERROR: [31m11706010 can't support atomicservice application.
Error Message: 'identifier' can't support atomicservice application. At File: /Users/pange/Codes/genfee/worker-bee-atomic-service/entry/src/main/ets/services/AdService.ets:24:32

* Try the following:
  > Check the official API reference documentation,and switch to the supported interfaces.
[39m
[39m
[31m3 ERROR: [31m11706010 can't support atomicservice application.
Error Message: 'getOAID' can't support atomicservice application. At File: /Users/pange/Codes/genfee/worker-bee-atomic-service/entry/src/main/ets/services/AdService.ets:24:43

* Try the following:
  > Check the official API reference documentation,and switch to the supported interfaces.
[39m
[39m
[31m4 ERROR: [31m10505001 ArkTS Compiler Error
Error Message: Expected 3 arguments, but got 2. At File: /Users/pange/Codes/genfee/worker-bee-atomic-service/entry/src/main/ets/services/AdService.ets:52:32
[39m
[39m
[31m5 ERROR: [31m10505001 ArkTS Compiler Error
Error Message: Property 'length' does not exist on type 'void'. At File: /Users/pange/Codes/genfee/worker-bee-atomic-service/entry/src/main/ets/services/AdService.ets:53:69
[39m
[39m
[31m6 ERROR: [31m10505001 ArkTS Compiler Error
Error Message: Type 'void | undefined[]' is not assignable to type 'Advertisement[]'.
  Type 'void' is not assignable to type 'Advertisement[]'. At File: /Users/pange/Codes/genfee/worker-bee-atomic-service/entry/src/main/ets/services/AdService.ets:54:7
[39m
[39m
[31m7 ERROR: [31m10505001 ArkTS Compiler Error
Error Message: An expression of type 'void' cannot be tested for truthiness. At File: /Users/pange/Codes/genfee/worker-bee-atomic-service/entry/src/main/ets/services/AdService.ets:54:14
[39m
[39m
[31m8 ERROR: [31m10505001 ArkTS Compiler Error
Error Message: Cannot find name 'AdComponent'. Did you mean 'Component'? At File: /Users/pange/Codes/genfee/worker-bee-atomic-service/entry/src/main/ets/components/NativeAdCard.ets:18:9
[39m
[39m
[31m9 ERROR: [31m10505001 ArkTS Compiler Error
Error Message: Cannot find name 'AutoAdComponent'. Did you mean 'CustomComponent'? At File: /Users/pange/Codes/genfee/worker-bee-atomic-service/entry/src/main/ets/components/BannerAdView.ets:39:9
[39m
[39m
[31m10 ERROR: [31m10905204 ArkTS Compiler Error
Error Message: 'AutoAdComponent({
          adParam: this.adParam,
          adOptions: this.adOptions,
          displayOptions: this.displayOptions,
          interactionListener: {
            onStatusChanged: (status: string) => {
              hilog.info(0x0000, 'WorkerBeeAd', 'banner status %{public}s', status);
              // 用户关闭或加载失败时隐藏占位，避免留下空白区域
              if (status === 'onAdClose' || status === 'onAdFail') {
                this.visibilityState = Visibility.None;
              }
            }
          }
        })' does not meet UI component syntax. At File: /Users/pange/Codes/genfee/worker-bee-atomic-service/entry/src/main/ets/components/BannerAdView.ets:39:9
[39m
[39m
[31m11 ERROR: [31m10905204 ArkTS Compiler Error
Error Message: 'AdComponent({
          ads: [this.ad as advertising.Advertisement],
          displayOptions: this.displayOptions,
          interactionListener: {
            onStatusChanged: (status: string) => {
              hilog.info(0x0000, 'WorkerBeeAd', 'native ad status %{public}s', status);
            }
          }
        })
          .width('100%')
          .height(240)' does not meet UI component syntax. At File: /Users/pange/Codes/genfee/worker-bee-atomic-service/entry/src/main/ets/components/NativeAdCard.ets:18:9
[39m
[39m
[31mCOMPILE RESULT:FAIL {ERROR:12 WARN:18}[39m
    at runArkPack (/Applications/DevEco-Studio.app/Contents/tools/hvigor/hvigor-ohos-plugin/node_modules/@ohos/hvigor-arkts-compose/dist/src/arkts-pack.js:1:5965)
ArkTSCompilerError: ArkTS Compiler Error
    at throwArkTsCompilerError (/Applications/DevEco-Studio.app/Contents/tools/hvigor/hvigor-ohos-plugin/node_modules/@ohos/hvigor-arkts-compose/dist/src/data/compose-error.js:1:423)
    at throwErrorIfHasErrorInfo (/Applications/DevEco-Studio.app/Contents/tools/hvigor/hvigor-ohos-plugin/node_modules/@ohos/hvigor-arkts-compose/dist/src/plugins/common-plugin.js:1:4923)
    at Object.handler (/Applications/DevEco-Studio.app/Contents/tools/hvigor/hvigor-ohos-plugin/node_modules/@ohos/hvigor-arkts-compose/dist/src/plugins/common-plugin.js:1:3018)
    at /Applications/DevEco-Studio.app/Contents/tools/hvigor/hvigor-ohos-plugin/node_modules/@ohos/hvigor-arkts-base/node_modules/rollup/dist/shared/rollup.js:27864:40
[2026-08-11T15:18:52.448] [ERROR] debug-file - Error: ArkTS Compiler Error
[31m1 ERROR: [31m10605038 ArkTS Compiler Error
Error Message: Object literal must correspond to some explicitly declared class or interface (arkts-no-untyped-obj-literals) At File: /Users/pange/Codes/genfee/worker-bee-atomic-service/entry/src/main/ets/services/TopicApi.ets:30:59
[39m
[39m
[31m2 ERROR: [31m11706010 can't support atomicservice application.
Error Message: 'identifier' can't support atomicservice application. At File: /Users/pange/Codes/genfee/worker-bee-atomic-service/entry/src/main/ets/services/AdService.ets:24:32

* Try the following:
  > Check the official API reference documentation,and switch to the supported interfaces.
[39m
[39m
[31m3 ERROR: [31m11706010 can't support atomicservice application.
Error Message: 'getOAID' can't support atomicservice application. At File: /Users/pange/Codes/genfee/worker-bee-atomic-service/entry/src/main/ets/services/AdService.ets:24:43

* Try the following:
  > Check the official API reference documentation,and switch to the supported interfaces.
[39m
[39m
[31m4 ERROR: [31m10505001 ArkTS Compiler Error
Error Message: Expected 3 arguments, but got 2. At File: /Users/pange/Codes/genfee/worker-bee-atomic-service/entry/src/main/ets/services/AdService.ets:52:32
[39m
[39m
[31m5 ERROR: [31m10505001 ArkTS Compiler Error
Error Message: Property 'length' does not exist on type 'void'. At File: /Users/pange/Codes/genfee/worker-bee-atomic-service/entry/src/main/ets/services/AdService.ets:53:69
[39m
[39m
[31m6 ERROR: [31m10505001 ArkTS Compiler Error
Error Message: Type 'void | undefined[]' is not assignable to type 'Advertisement[]'.
  Type 'void' is not assignable to type 'Advertisement[]'. At File: /Users/pange/Codes/genfee/worker-bee-atomic-service/entry/src/main/ets/services/AdService.ets:54:7
[39m
[39m
[31m7 ERROR: [31m10505001 ArkTS Compiler Error
Error Message: An expression of type 'void' cannot be tested for truthiness. At File: /Users/pange/Codes/genfee/worker-bee-atomic-service/entry/src/main/ets/services/AdService.ets:54:14
[39m
[39m
[31m8 ERROR: [31m10505001 ArkTS Compiler Error
Error Message: Cannot find name 'AdComponent'. Did you mean 'Component'? At File: /Users/pange/Codes/genfee/worker-bee-atomic-service/entry/src/main/ets/components/NativeAdCard.ets:18:9
[39m
[39m
[31m9 ERROR: [31m10505001 ArkTS Compiler Error
Error Message: Cannot find name 'AutoAdComponent'. Did you mean 'CustomComponent'? At File: /Users/pange/Codes/genfee/worker-bee-atomic-service/entry/src/main/ets/components/BannerAdView.ets:39:9
[39m
[39m
[31m10 ERROR: [31m10905204 ArkTS Compiler Error
Error Message: 'AutoAdComponent({
          adParam: this.adParam,
          adOptions: this.adOptions,
          displayOptions: this.displayOptions,
          interactionListener: {
            onStatusChanged: (status: string) => {
              hilog.info(0x0000, 'WorkerBeeAd', 'banner status %{public}s', status);
              // 用户关闭或加载失败时隐藏占位，避免留下空白区域
              if (status === 'onAdClose' || status === 'onAdFail') {
                this.visibilityState = Visibility.None;
              }
            }
          }
        })' does not meet UI component syntax. At File: /Users/pange/Codes/genfee/worker-bee-atomic-service/entry/src/main/ets/components/BannerAdView.ets:39:9
[39m
[39m
[31m11 ERROR: [31m10905204 ArkTS Compiler Error
Error Message: 'AdComponent({
          ads: [this.ad as advertising.Advertisement],
          displayOptions: this.displayOptions,
          interactionListener: {
            onStatusChanged: (status: string) => {
              hilog.info(0x0000, 'WorkerBeeAd', 'native ad status %{public}s', status);
            }
          }
        })
          .width('100%')
          .height(240)' does not meet UI component syntax. At File: /Users/pange/Codes/genfee/worker-bee-atomic-service/entry/src/main/ets/components/NativeAdCard.ets:18:9
[39m
[39m
[31mCOMPILE RESULT:FAIL {ERROR:12 WARN:18}[39m
    at runArkPack (/Applications/DevEco-Studio.app/Contents/tools/hvigor/hvigor-ohos-plugin/node_modules/@ohos/hvigor-arkts-compose/dist/src/arkts-pack.js:1:5965)
ArkTSCompilerError: ArkTS Compiler Error
    at throwArkTsCompilerError (/Applications/DevEco-Studio.app/Contents/tools/hvigor/hvigor-ohos-plugin/node_modules/@ohos/hvigor-arkts-compose/dist/src/data/compose-error.js:1:423)
    at throwErrorIfHasErrorInfo (/Applications/DevEco-Studio.app/Contents/tools/hvigor/hvigor-ohos-plugin/node_modules/@ohos/hvigor-arkts-compose/dist/src/plugins/common-plugin.js:1:4923)
    at Object.handler (/Applications/DevEco-Studio.app/Contents/tools/hvigor/hvigor-ohos-plugin/node_modules/@ohos/hvigor-arkts-compose/dist/src/plugins/common-plugin.js:1:3018)
    at /Applications/DevEco-Studio.app/Contents/tools/hvigor/hvigor-ohos-plugin/node_modules/@ohos/hvigor-arkts-base/node_modules/rollup/dist/shared/rollup.js:27864:40
[2026-08-11T15:18:52.448] [ERROR] debug-file - BUILD FAILED in 723 ms 
[2026-08-11T15:18:52.448] [DEBUG] debug-file - There is no need to refresh cache, since the incremental task entry:default@PreBuild is up-to-date.
[2026-08-11T15:18:52.448] [DEBUG] debug-file - Update task entry:default@CreateModuleInfo output file:/Users/pange/Codes/genfee/worker-bee-atomic-service/entry/build/default/generated/profile/default/ModuleInfo.ts cache.
[2026-08-11T15:18:52.449] [DEBUG] debug-file - Incremental task entry:default@CreateModuleInfo post-execution cost:1 ms .
[2026-08-11T15:18:52.449] [DEBUG] debug-file - There is no need to refresh cache, since the incremental task entry:default@GenerateMetadata is up-to-date.
[2026-08-11T15:18:52.449] [DEBUG] debug-file - There is no need to refresh cache, since the incremental task entry:default@MergeProfile is up-to-date.
[2026-08-11T15:18:52.449] [DEBUG] debug-file - There is no need to refresh cache, since the incremental task entry:default@CreateBuildProfile is up-to-date.
[2026-08-11T15:18:52.449] [DEBUG] debug-file - Update task entry:default@GeneratePkgContextInfo output file:/Users/pange/Codes/genfee/worker-bee-atomic-service/entry/build/default/intermediates/loader/default/pkgContextInfo.json cache.
[2026-08-11T15:18:52.449] [DEBUG] debug-file - Incremental task entry:default@GeneratePkgContextInfo post-execution cost:1 ms .
[2026-08-11T15:18:52.449] [DEBUG] debug-file - There is no need to refresh cache, since the incremental task entry:default@GeneratePkgSdkInfo is up-to-date.
[2026-08-11T15:18:52.449] [DEBUG] debug-file - Update task entry:default@ProcessIntegratedHsp output file:/Users/pange/Codes/genfee/worker-bee-atomic-service/build/cache/default/integrated_hsp/integratedHspCache.json cache.
[2026-08-11T15:18:52.449] [DEBUG] debug-file - Incremental task entry:default@ProcessIntegratedHsp post-execution cost:1 ms .
[2026-08-11T15:18:52.449] [DEBUG] debug-file - There is no need to refresh cache, since the incremental task entry:default@MakePackInfo is up-to-date.
[2026-08-11T15:18:52.449] [DEBUG] debug-file - Update task entry:default@SyscapTransform input file:/Applications/DevEco-Studio.app/Contents/sdk/default/openharmony/toolchains/syscap_tool cache by regenerate.
[2026-08-11T15:18:52.449] [DEBUG] debug-file - Update task entry:default@SyscapTransform input file:/Applications/DevEco-Studio.app/Contents/sdk/default/openharmony/ets/api/device-define cache by regenerate.
[2026-08-11T15:18:52.449] [DEBUG] debug-file - Update task entry:default@SyscapTransform output file:/Users/pange/Codes/genfee/worker-bee-atomic-service/entry/build/default/intermediates/syscap/default/rpcid.sc cache.
[2026-08-11T15:18:52.449] [DEBUG] debug-file - Incremental task entry:default@SyscapTransform post-execution cost:1 ms .
[2026-08-11T15:18:52.449] [DEBUG] debug-file - There is no need to refresh cache, since the incremental task entry:default@ProcessProfile is up-to-date.
[2026-08-11T15:18:52.449] [DEBUG] debug-file - There is no need to refresh cache, since the incremental task entry:default@ProcessRouterMap is up-to-date.
[2026-08-11T15:18:52.449] [DEBUG] debug-file - There is no need to refresh cache, since the incremental task entry:default@ProcessShareConfig is up-to-date.
[2026-08-11T15:18:52.449] [DEBUG] debug-file - Update task entry:default@ProcessStartupConfig output file:/Users/pange/Codes/genfee/worker-bee-atomic-service/entry/build/default/intermediates/startup/default/startup_config.json cache.
[2026-08-11T15:18:52.449] [DEBUG] debug-file - Incremental task entry:default@ProcessStartupConfig post-execution cost:1 ms .
[2026-08-11T15:18:52.449] [DEBUG] debug-file - There is no need to refresh cache, since the incremental task entry:default@ProcessResource is up-to-date.
[2026-08-11T15:18:52.450] [DEBUG] debug-file - There is no need to refresh cache, since the incremental task entry:default@GenerateLoaderJson is up-to-date.
[2026-08-11T15:18:52.450] [DEBUG] debug-file - Update task entry:default@ProcessLibs input file:/Users/pange/Codes/genfee/worker-bee-atomic-service/build-profile.json5 cache by regenerate.
[2026-08-11T15:18:52.450] [DEBUG] debug-file - Update task entry:default@ProcessLibs input file:/Users/pange/Codes/genfee/worker-bee-atomic-service/entry/build-profile.json5 cache by regenerate.
[2026-08-11T15:18:52.450] [DEBUG] debug-file - Update task entry:default@ProcessLibs output file:/Users/pange/Codes/genfee/worker-bee-atomic-service/entry/build/default/intermediates/libs/default cache.
[2026-08-11T15:18:52.450] [DEBUG] debug-file - Incremental task entry:default@ProcessLibs post-execution cost:1 ms .
[2026-08-11T15:18:52.450] [DEBUG] debug-file - There is no need to refresh cache, since the incremental task entry:default@CompileResource is up-to-date.
[2026-08-11T15:18:52.450] [DEBUG] debug-file - There is no need to refresh cache, since the incremental task entry:default@DoNativeStrip is up-to-date.
[2026-08-11T15:18:52.450] [DEBUG] debug-file - Update task entry:default@CompileArkTS input file:/Users/pange/Codes/genfee/worker-bee-atomic-service/entry/build/default/intermediates/loader/default cache by regenerate.
[2026-08-11T15:18:52.450] [DEBUG] debug-file - Update task entry:default@CompileArkTS input file:/Users/pange/Codes/genfee/worker-bee-atomic-service/entry/build/default/intermediates/res/default/ResourceTable.txt cache by regenerate.
[2026-08-11T15:18:52.450] [DEBUG] debug-file - Update task entry:default@CompileArkTS input file:/Users/pange/Codes/genfee/worker-bee-atomic-service/entry/build/default/intermediates/res/default/ark_module.json cache by regenerate.
[2026-08-11T15:18:52.450] [DEBUG] debug-file - Update task entry:default@CompileArkTS input file:/Users/pange/Codes/genfee/worker-bee-atomic-service/entry/build/default/intermediates/res/default/resources/base/profile cache by regenerate.
[2026-08-11T15:18:52.450] [DEBUG] debug-file - Update task entry:default@CompileArkTS input file:/Users/pange/Codes/genfee/worker-bee-atomic-service/entry/src/main/ets cache by regenerate.
[2026-08-11T15:18:52.451] [DEBUG] debug-file - Update task entry:default@CompileArkTS input file:/Users/pange/Codes/genfee/worker-bee-atomic-service/entry/build/default/generated/profile/default/BuildProfile.ets cache by regenerate.
[2026-08-11T15:18:52.451] [DEBUG] debug-file - Update task entry:default@CompileArkTS output file:/Users/pange/Codes/genfee/worker-bee-atomic-service/entry/build/default/intermediates/loader_out/default/ets cache.
[2026-08-11T15:18:52.451] [DEBUG] debug-file - Incremental task entry:default@CompileArkTS post-execution cost:2 ms .
[2026-08-11T15:18:52.451] [DEBUG] debug-file - Update task entry:default@BuildJS input file:/Users/pange/Codes/genfee/worker-bee-atomic-service/entry/build/default/intermediates/loader/default cache by regenerate.
[2026-08-11T15:18:52.451] [DEBUG] debug-file - Update task entry:default@BuildJS input file:/Users/pange/Codes/genfee/worker-bee-atomic-service/entry/build/default/intermediates/res/default/ResourceTable.txt cache by regenerate.
[2026-08-11T15:18:52.451] [DEBUG] debug-file - Update task entry:default@BuildJS input file:/Users/pange/Codes/genfee/worker-bee-atomic-service/entry/build/default/intermediates/res/default/ark_module.json cache by regenerate.
[2026-08-11T15:18:52.451] [DEBUG] debug-file - Update task entry:default@BuildJS input file:/Users/pange/Codes/genfee/worker-bee-atomic-service/entry/build/default/intermediates/res/default/resources/base/profile cache by regenerate.
[2026-08-11T15:18:52.451] [DEBUG] debug-file - Update task entry:default@BuildJS output file:/Users/pange/Codes/genfee/worker-bee-atomic-service/entry/build/default/intermediates/loader_out/default/js cache.
[2026-08-11T15:18:52.451] [DEBUG] debug-file - Incremental task entry:default@BuildJS post-execution cost:1 ms .
[2026-08-11T15:18:52.451] [DEBUG] debug-file - There is no need to refresh cache, since the incremental task entry:default@CacheNativeLibs is up-to-date.
[2026-08-11T15:18:52.456] [DEBUG] debug-file - Cleanup worker 8.
[2026-08-11T15:18:52.456] [DEBUG] debug-file - Worker 8 has been cleaned up.
[2026-08-11T15:18:52.456] [DEBUG] debug-file - Current idle worker size: 1.
[2026-08-11T15:18:52.456] [DEBUG] debug-file - Current resident worker size: 2.
[2026-08-11T15:18:52.457] [DEBUG] debug-file - hvigor build process will be closed.
[2026-08-11T15:18:52.461] [DEBUG] debug-file - worker[8] exits with exit code 1.
[2026-08-11T15:18:52.462] [DEBUG] debug-file - session manager: send message to worker process.
[2026-08-11T15:18:52.462] [DEBUG] debug-file - session manager: send message to worker process.
[2026-08-11T15:18:52.462] [DEBUG] debug-file - watch worker: worker id should be larger than 0. Nothing will be sent to any worker thread.
[2026-08-11T15:18:52.462] [DEBUG] debug-file - watch worker: worker id should be larger than 0. Nothing will be sent to any worker thread.
[2026-08-11T15:28:34.480] [DEBUG] debug-file - session manager: set active socket. socketId=UEy1SUBhODDwuqyDAAAH
[2026-08-11T15:28:34.485] [DEBUG] debug-file - watch worker: worker id should be larger than 0. Nothing will be sent to any worker thread.
[2026-08-11T15:28:34.493] [DEBUG] debug-file - Workers' log level updated to INFO
[2026-08-11T15:28:34.499] [DEBUG] debug-file - Hvigor init with startParameters:{
  hvigorfileTypeCheck: false,
  parallelExecution: true,
  incrementalExecution: true,
  printStackTrace: false,
  daemon: true,
  analyze: 0,
  logLevel: Level { level: 20000, levelStr: 'INFO', colour: 'green' },
  optimizationStrategy: 'memory',
  hotCompile: undefined,
  hotReloadBuild: undefined,
  customizedParam: undefined
}
[2026-08-11T15:28:34.505] [DEBUG] debug-file - Cache service initialization finished in 6 ms 
[2026-08-11T15:28:34.507] [DEBUG] debug-file - hvigorfile, resolving /Users/pange/Codes/genfee/worker-bee-atomic-service/hvigorfile.ts
[2026-08-11T15:28:34.520] [DEBUG] debug-file - hvigorfile, require result:  { default: {} }
[2026-08-11T15:28:34.520] [DEBUG] debug-file - hvigorfile, binding system plugins null
[2026-08-11T15:28:34.520] [DEBUG] debug-file - Starting plugin build process
[2026-08-11T15:28:34.520] [DEBUG] debug-file - App plugin prepare start...
[2026-08-11T15:28:34.520] [DEBUG] debug-file - App plugin prepare end...
[2026-08-11T15:28:34.520] [DEBUG] debug-file - App plugin creating...
[2026-08-11T15:28:34.526] [DEBUG] debug-file - App plugin register hook start...
[2026-08-11T15:28:34.526] [DEBUG] debug-file - App plugin register hook end...
[2026-08-11T15:28:34.526] [DEBUG] debug-file - Plugin build process completed
[2026-08-11T15:28:34.528] [DEBUG] debug-file - Start initialize project's product build option map with build mode debug.
[2026-08-11T15:28:34.529] [DEBUG] debug-file - Picking option from product 'default' with build mode 'debug'.
[2026-08-11T15:28:34.529] [DEBUG] debug-file - Product 'default' build option initialized
[2026-08-11T15:28:34.530] [DEBUG] debug-file - End initialize project's product build option map with build mode 'debug'.
[2026-08-11T15:28:34.530] [DEBUG] debug-file - Obtain build option for product 'default'in this build.
[2026-08-11T15:28:34.531] [DEBUG] debug-file - /Users/pange/Codes/genfee/worker-bee-atomic-service/build/cache/default/remote_hsp/remoteHspCache.json not exists.
[2026-08-11T15:28:34.532] [DEBUG] debug-file - Start recording SDK configuration permission data.
[2026-08-11T15:28:34.553] [DEBUG] debug-file - Sdk init in 22 ms 
[2026-08-11T15:28:34.555] [DEBUG] debug-file - Project task initialization takes 2 ms 
[2026-08-11T15:28:34.555] [DEBUG] debug-file - hvigorfile, begin to bind custom plugins...
[2026-08-11T15:28:34.555] [DEBUG] debug-file - hvigorfile, no custom plugins were found in /Users/pange/Codes/genfee/worker-bee-atomic-service/hvigorfile.ts
[2026-08-11T15:28:34.555] [DEBUG] debug-file - hvigorfile, resolve finished /Users/pange/Codes/genfee/worker-bee-atomic-service/hvigorfile.ts
[2026-08-11T15:28:34.556] [DEBUG] debug-file - hvigorfile, resolving /Users/pange/Codes/genfee/worker-bee-atomic-service/entry/hvigorfile.ts
[2026-08-11T15:28:34.558] [DEBUG] debug-file - hvigorfile, require result:  { default: {} }
[2026-08-11T15:28:34.558] [DEBUG] debug-file - hvigorfile, binding system plugins null
[2026-08-11T15:28:34.558] [DEBUG] debug-file - Starting plugin build process
[2026-08-11T15:28:34.558] [DEBUG] debug-file - Hap plugin creating...
[2026-08-11T15:28:34.560] [DEBUG] debug-file - failed to load cangjie to dynamically generate schemas: Error: Cannot find module '@ohos/cangjie-build-support/index'
Require stack:
- /Applications/DevEco-Studio.app/Contents/tools/hvigor/hvigor-ohos-plugin/src/plugin/hooks/cangjie-register.js
- /Applications/DevEco-Studio.app/Contents/tools/hvigor/hvigor-ohos-plugin/src/plugin/strategy/stage-init-strategy.js
- /Applications/DevEco-Studio.app/Contents/tools/hvigor/hvigor-ohos-plugin/src/plugin/builder/abstract-plugin-builder.js
- /Applications/DevEco-Studio.app/Contents/tools/hvigor/hvigor-ohos-plugin/src/plugin/builder/app-plugin-builder.js
- /Applications/DevEco-Studio.app/Contents/tools/hvigor/hvigor-ohos-plugin/src/plugin/factory/plugin-factory.js
- /Applications/DevEco-Studio.app/Contents/tools/hvigor/hvigor-ohos-plugin/index.js
- /Users/pange/Codes/genfee/worker-bee-atomic-service/hvigorfile.ts
- /Applications/DevEco-Studio.app/Contents/tools/hvigor/hvigor/src/base/internal/lifecycle/configuration.js
- /Applications/DevEco-Studio.app/Contents/tools/hvigor/hvigor/src/base/boot/index.js
- /Applications/DevEco-Studio.app/Contents/tools/hvigor/hvigor/src/base/daemon/cluster/worker-process-lifecycle.js
- /Applications/DevEco-Studio.app/Contents/tools/hvigor/hvigor/src/base/daemon/process/daemon-process-boot-script.js
[2026-08-11T15:28:34.561] [DEBUG] debug-file - Start initialize module-target build option map, moduleName=entry, buildMode=debug
[2026-08-11T15:28:34.561] [DEBUG] debug-file - Target 'default' config initialized
[2026-08-11T15:28:34.561] [DEBUG] debug-file - Module 'entry' target 'default' build option initialized
[2026-08-11T15:28:34.561] [DEBUG] debug-file - End initialize module-target build option map, moduleName=entry
[2026-08-11T15:28:34.561] [DEBUG] debug-file - Start initialize module-target build option map, moduleName=entry, buildMode=release
[2026-08-11T15:28:34.561] [DEBUG] debug-file - Target 'default' config initialized
[2026-08-11T15:28:34.561] [DEBUG] debug-file - Module 'entry' target 'default' build option initialized
[2026-08-11T15:28:34.562] [DEBUG] debug-file - End initialize module-target build option map, moduleName=entry
[2026-08-11T15:28:34.562] [DEBUG] debug-file - Start initialize module-target build option map, moduleName=entry, buildMode=debug
[2026-08-11T15:28:34.562] [DEBUG] debug-file - Target 'default' config initialized
[2026-08-11T15:28:34.562] [DEBUG] debug-file - Module 'entry' target 'default' build option initialized
[2026-08-11T15:28:34.562] [DEBUG] debug-file - End initialize module-target build option map, moduleName=entry
[2026-08-11T15:28:34.562] [DEBUG] debug-file - Obtain build option for module 'entry' target 'default'in this build.
[2026-08-11T15:28:34.563] [DEBUG] debug-file - Module entry task initialization takes 1 ms 
[2026-08-11T15:28:34.563] [DEBUG] debug-file - Hap plugin register hook start...
[2026-08-11T15:28:34.563] [DEBUG] debug-file - Hap plugin register hook end...
[2026-08-11T15:28:34.563] [DEBUG] debug-file - Plugin build process completed
[2026-08-11T15:28:34.563] [DEBUG] debug-file - hvigorfile, begin to bind custom plugins...
[2026-08-11T15:28:34.563] [DEBUG] debug-file - hvigorfile, no custom plugins were found in /Users/pange/Codes/genfee/worker-bee-atomic-service/entry/hvigorfile.ts
[2026-08-11T15:28:34.563] [DEBUG] debug-file - hvigorfile, resolve finished /Users/pange/Codes/genfee/worker-bee-atomic-service/entry/hvigorfile.ts
[2026-08-11T15:28:34.615] [DEBUG] debug-file - hvigorfile, resolve hvigorfile dependencies in 52 ms 
[2026-08-11T15:28:34.615] [DEBUG] debug-file - project has submodules:entry
[2026-08-11T15:28:34.615] [DEBUG] debug-file - start to load updatedOhPackageInfo to the disk
[2026-08-11T15:28:34.616] [DEBUG] debug-file - load to the disk finished
[2026-08-11T15:28:34.616] [DEBUG] debug-file - Start to initialize dependency information.
[2026-08-11T15:28:34.617] [DEBUG] debug-file - Module worker-bee-atomic-service Collected Dependency: 
[2026-08-11T15:28:34.618] [DEBUG] debug-file - Module worker-bee-atomic-service's total dependency: 0
[2026-08-11T15:28:34.618] [DEBUG] debug-file - Start to initialize dependency information.
[2026-08-11T15:28:34.619] [DEBUG] debug-file - Module entry Collected Dependency: 
[2026-08-11T15:28:34.619] [DEBUG] debug-file - Module entry's total dependency: 0
[2026-08-11T15:28:34.619] [DEBUG] debug-file - Configuration phase cost:115 ms 
[2026-08-11T15:28:34.620] [DEBUG] debug-file - Configuration task cost before running: 127 ms 
[2026-08-11T15:28:34.621] [DEBUG] debug-file - Executing task :entry:default@PreBuild
[2026-08-11T15:28:34.621] [WARN] debug-file - The project has not explicitly set the 'targetSdkVersion' version at build-profile.json5. It is recommended to configure it. Reference: https://developer.huawei.com/consumer/cn/doc/harmonyos-guides/ide-hvigor-build-profile-app#section45865492619
[2026-08-11T15:28:34.623] [DEBUG] debug-file - Task 'entry:default@PreBuild' cost while wrapping incremental declarations: 1 ms 
[2026-08-11T15:28:34.624] [DEBUG] debug-file - entry:default@PreBuild is not up-to-date, since the input file '/Users/pange/Codes/genfee/worker-bee-atomic-service/entry/src/main/module.json5' has been changed.
[2026-08-11T15:28:34.624] [DEBUG] debug-file - Incremental task entry:default@PreBuild pre-execution cost: 1 ms .
[2026-08-11T15:28:34.636] [DEBUG] debug-file - Use tool [darwin: JAVA_HOME, CLASSPATH]
 [
  {
    JAVA_HOME: '/Applications/DevEco-Studio.app/Contents/jbr/Contents/Home'
  },
  { CLASSPATH: undefined }
]
[2026-08-11T15:28:34.636] [DEBUG] debug-file - Use tool [darwin: NODE_HOME]
 [
  {
    NODE_HOME: '/Applications/DevEco-Studio.app/Contents/tools/node/bin'
  }
]
[2026-08-11T15:28:34.636] [DEBUG] debug-file - entry : default@PreBuild cost memory 1.451507568359375
[2026-08-11T15:28:34.636] [DEBUG] debug-file - runTaskFromQueue task cost before running: 144 ms 
[2026-08-11T15:28:34.637] [INFO] debug-file - Finished :entry:default@PreBuild... after 16 ms 
[2026-08-11T15:28:34.637] [DEBUG] debug-file - Executing task :entry:default@CreateModuleInfo
[2026-08-11T15:28:34.637] [DEBUG] debug-file - Task 'entry:default@CreateModuleInfo' cost while wrapping incremental declarations: 1 ms 
[2026-08-11T15:28:34.637] [DEBUG] debug-file - entry : default@CreateModuleInfo cost memory 0.0401153564453125
[2026-08-11T15:28:34.637] [DEBUG] debug-file - runTaskFromQueue task cost before running: 145 ms 
[2026-08-11T15:28:34.638] [INFO] debug-file - Finished :entry:default@CreateModuleInfo... after 1 ms 
[2026-08-11T15:28:34.638] [DEBUG] debug-file - Executing task :entry:default@GenerateMetadata
[2026-08-11T15:28:34.638] [DEBUG] debug-file - Task 'entry:default@GenerateMetadata' cost while wrapping incremental declarations: 1 ms 
[2026-08-11T15:28:34.638] [DEBUG] debug-file - entry:default@GenerateMetadata is not up-to-date, since the input file '/Users/pange/Codes/genfee/worker-bee-atomic-service/entry/src/main/module.json5' has been changed.
[2026-08-11T15:28:34.638] [DEBUG] debug-file - Incremental task entry:default@GenerateMetadata pre-execution cost: 1 ms .
[2026-08-11T15:28:34.639] [DEBUG] debug-file - entry : default@GenerateMetadata cost memory 0.08379364013671875
[2026-08-11T15:28:34.639] [DEBUG] debug-file - runTaskFromQueue task cost before running: 147 ms 
[2026-08-11T15:28:34.640] [INFO] debug-file - Finished :entry:default@GenerateMetadata... after 2 ms 
[2026-08-11T15:28:34.640] [DEBUG] debug-file - Executing task :entry:default@ConfigureCmake
[2026-08-11T15:28:34.640] [DEBUG] debug-file - entry : default@ConfigureCmake cost memory 0.01446533203125
[2026-08-11T15:28:34.640] [DEBUG] debug-file - runTaskFromQueue task cost before running: 147 ms 
[2026-08-11T15:28:34.640] [INFO] debug-file - Finished :entry:default@ConfigureCmake... after 1 ms 
[2026-08-11T15:28:34.640] [DEBUG] debug-file - Executing task :entry:default@MergeProfile
[2026-08-11T15:28:34.640] [DEBUG] debug-file - Task 'entry:default@MergeProfile' cost while wrapping incremental declarations: 1 ms 
[2026-08-11T15:28:34.641] [DEBUG] debug-file - entry:default@MergeProfile is not up-to-date, since the input file '/Users/pange/Codes/genfee/worker-bee-atomic-service/entry/src/main/module.json5' has been changed.
[2026-08-11T15:28:34.641] [DEBUG] debug-file - Incremental task entry:default@MergeProfile pre-execution cost: 1 ms .
[2026-08-11T15:28:34.641] [DEBUG] debug-file - Change app api release type with 'Release'
[2026-08-11T15:28:34.641] [DEBUG] debug-file - Change app compile API version with '6.1.1.125'
[2026-08-11T15:28:34.641] [DEBUG] debug-file - Change app target API version with '60101024'
[2026-08-11T15:28:34.641] [DEBUG] debug-file - Change app minimum API version with '50000012'
[2026-08-11T15:28:34.641] [DEBUG] debug-file - Use cli appEnvironment
[2026-08-11T15:28:34.642] [DEBUG] debug-file - entry : default@MergeProfile cost memory 0.20925140380859375
[2026-08-11T15:28:34.642] [DEBUG] debug-file - runTaskFromQueue task cost before running: 150 ms 
[2026-08-11T15:28:34.643] [INFO] debug-file - Finished :entry:default@MergeProfile... after 2 ms 
[2026-08-11T15:28:34.643] [DEBUG] debug-file - Executing task :entry:default@CreateBuildProfile
[2026-08-11T15:28:34.643] [DEBUG] debug-file - Task 'entry:default@CreateBuildProfile' cost while wrapping incremental declarations: 1 ms 
[2026-08-11T15:28:34.643] [DEBUG] debug-file - Incremental task entry:default@CreateBuildProfile pre-execution cost: 1 ms .
[2026-08-11T15:28:34.643] [DEBUG] debug-file - entry : default@CreateBuildProfile cost memory 0.0906982421875
[2026-08-11T15:28:34.644] [INFO] debug-file - UP-TO-DATE :entry:default@CreateBuildProfile...  
[2026-08-11T15:28:34.644] [DEBUG] debug-file - Executing task :entry:default@PreCheckSyscap
[2026-08-11T15:28:34.644] [DEBUG] debug-file - entry : default@PreCheckSyscap cost memory 0.01468658447265625
[2026-08-11T15:28:34.644] [DEBUG] debug-file - runTaskFromQueue task cost before running: 151 ms 
[2026-08-11T15:28:34.644] [INFO] debug-file - Finished :entry:default@PreCheckSyscap... after 1 ms 
[2026-08-11T15:28:34.644] [DEBUG] debug-file - Executing task :entry:default@GeneratePkgContextInfo
[2026-08-11T15:28:34.648] [DEBUG] debug-file - Task 'entry:default@GeneratePkgContextInfo' cost while wrapping incremental declarations: 1 ms 
[2026-08-11T15:28:34.648] [DEBUG] debug-file - entry : default@GeneratePkgContextInfo cost memory 0.226043701171875
[2026-08-11T15:28:34.648] [DEBUG] debug-file - runTaskFromQueue task cost before running: 155 ms 
[2026-08-11T15:28:34.648] [INFO] debug-file - Finished :entry:default@GeneratePkgContextInfo... after 4 ms 
[2026-08-11T15:28:34.649] [DEBUG] debug-file - Executing task :entry:default@GeneratePkgSdkInfo
[2026-08-11T15:28:34.649] [DEBUG] debug-file - Task 'entry:default@GeneratePkgSdkInfo' cost while wrapping incremental declarations: 1 ms 
[2026-08-11T15:28:34.649] [DEBUG] debug-file - Incremental task entry:default@GeneratePkgSdkInfo pre-execution cost: 1 ms .
[2026-08-11T15:28:34.649] [DEBUG] debug-file - entry : default@GeneratePkgSdkInfo cost memory 0.11894989013671875
[2026-08-11T15:28:34.650] [INFO] debug-file - UP-TO-DATE :entry:default@GeneratePkgSdkInfo...  
[2026-08-11T15:28:34.651] [DEBUG] debug-file - Executing task :entry:default@ProcessIntegratedHsp
[2026-08-11T15:28:34.651] [DEBUG] debug-file - entry:default@ProcessIntegratedHsp is not up-to-date, since the output file '/Users/pange/Codes/genfee/worker-bee-atomic-service/build/cache/default/integrated_hsp/integratedHspCache.json' does not exist.
[2026-08-11T15:28:34.651] [DEBUG] debug-file - Incremental task entry:default@ProcessIntegratedHsp pre-execution cost: 1 ms .
[2026-08-11T15:28:34.652] [DEBUG] debug-file - entry : default@ProcessIntegratedHsp cost memory 0.05704498291015625
[2026-08-11T15:28:34.652] [DEBUG] debug-file - runTaskFromQueue task cost before running: 159 ms 
[2026-08-11T15:28:34.652] [INFO] debug-file - Finished :entry:default@ProcessIntegratedHsp... after 1 ms 
[2026-08-11T15:28:34.652] [DEBUG] debug-file - Executing task :entry:default@BuildNativeWithCmake
[2026-08-11T15:28:34.652] [DEBUG] debug-file - entry : default@BuildNativeWithCmake cost memory 0.0144805908203125
[2026-08-11T15:28:34.652] [DEBUG] debug-file - runTaskFromQueue task cost before running: 160 ms 
[2026-08-11T15:28:34.652] [INFO] debug-file - Finished :entry:default@BuildNativeWithCmake... after 1 ms 
[2026-08-11T15:28:34.653] [DEBUG] debug-file - Executing task :entry:default@MakePackInfo
[2026-08-11T15:28:34.653] [DEBUG] debug-file - entry:default@MakePackInfo is not up-to-date, since the input file '/Users/pange/Codes/genfee/worker-bee-atomic-service/entry/src/main/module.json5' has been changed.
[2026-08-11T15:28:34.653] [DEBUG] debug-file - Incremental task entry:default@MakePackInfo pre-execution cost: 1 ms .
[2026-08-11T15:28:34.653] [DEBUG] debug-file - Module Pack Info:  {
  summary: {
    app: {
      bundleName: 'c***7',
      bundleType: 'atomicService',
      version: [Object]
    },
    modules: [ [Object] ]
  },
  packages: [
    {
      deviceType: [Array],
      moduleType: 'entry',
      deliveryWithInstall: true,
      name: 'entry-default'
    }
  ]
}
[2026-08-11T15:28:34.654] [DEBUG] debug-file - entry : default@MakePackInfo cost memory 0.119110107421875
[2026-08-11T15:28:34.654] [DEBUG] debug-file - runTaskFromQueue task cost before running: 161 ms 
[2026-08-11T15:28:34.654] [INFO] debug-file - Finished :entry:default@MakePackInfo... after 1 ms 
[2026-08-11T15:28:34.654] [DEBUG] debug-file - Executing task :entry:default@SyscapTransform
[2026-08-11T15:28:34.654] [DEBUG] debug-file - File: '/Users/pange/Codes/genfee/worker-bee-atomic-service/entry/src/main/syscap.json' from 'sysCapJsonPath' is not exists, just ignore.
[2026-08-11T15:28:34.654] [DEBUG] debug-file - Task 'entry:default@SyscapTransform' cost while wrapping incremental declarations: 1 ms 
[2026-08-11T15:28:34.655] [DEBUG] debug-file - entry:default@SyscapTransform is not up-to-date, since the output file '/Users/pange/Codes/genfee/worker-bee-atomic-service/entry/build/default/intermediates/syscap/default/rpcid.sc' does not exist.
[2026-08-11T15:28:34.655] [DEBUG] debug-file - Incremental task entry:default@SyscapTransform pre-execution cost: 1 ms .
[2026-08-11T15:28:34.655] [DEBUG] debug-file - entry : default@SyscapTransform cost memory 0.1063079833984375
[2026-08-11T15:28:34.655] [DEBUG] debug-file - runTaskFromQueue task cost before running: 162 ms 
[2026-08-11T15:28:34.655] [INFO] debug-file - Finished :entry:default@SyscapTransform... after 2 ms 
[2026-08-11T15:28:34.656] [DEBUG] debug-file - Executing task :entry:default@ProcessProfile
[2026-08-11T15:28:34.656] [DEBUG] debug-file - Task 'entry:default@ProcessProfile' cost while wrapping incremental declarations: 1 ms 
[2026-08-11T15:28:34.656] [DEBUG] debug-file - entry:default@ProcessProfile is not up-to-date, since the input file '/Users/pange/Codes/genfee/worker-bee-atomic-service/entry/build/default/intermediates/merge_profile/default/module.json' has been changed.
[2026-08-11T15:28:34.656] [DEBUG] debug-file - Incremental task entry:default@ProcessProfile pre-execution cost: 1 ms .
[2026-08-11T15:28:34.656] [DEBUG] debug-file - [
  '/Applications/DevEco-Studio.app/Contents/tools/node/bin/node',
  '/Applications/DevEco-Studio.app/Contents/sdk/default/openharmony/ets/build-tools/ets-loader/bin/ark/ts2abc.js',
  '--target-api-version',
  '12',
  '--target-api-sub-version',
  'beta1'
]
[2026-08-11T15:28:34.727] [DEBUG] debug-file - 12.0.2.0
[2026-08-11T15:28:34.727] [DEBUG] debug-file - No need to add fake ui ability because of not in preview process.
[2026-08-11T15:28:34.727] [DEBUG] debug-file - entry : default@ProcessProfile cost memory 0.54022216796875
[2026-08-11T15:28:34.728] [DEBUG] debug-file - runTaskFromQueue task cost before running: 235 ms 
[2026-08-11T15:28:34.728] [INFO] debug-file - Finished :entry:default@ProcessProfile... after 72 ms 
[2026-08-11T15:28:34.728] [DEBUG] debug-file - Executing task :entry:default@ProcessRouterMap
[2026-08-11T15:28:34.728] [DEBUG] debug-file - entry:default@ProcessRouterMap is not up-to-date, since the input file '/Users/pange/Codes/genfee/worker-bee-atomic-service/entry/src/main/module.json5' has been changed.
[2026-08-11T15:28:34.728] [DEBUG] debug-file - Incremental task entry:default@ProcessRouterMap pre-execution cost: 1 ms .
[2026-08-11T15:28:34.729] [DEBUG] debug-file - entry : default@ProcessRouterMap cost memory 0.09342193603515625
[2026-08-11T15:28:34.729] [DEBUG] debug-file - runTaskFromQueue task cost before running: 236 ms 
[2026-08-11T15:28:34.729] [INFO] debug-file - Finished :entry:default@ProcessRouterMap... after 1 ms 
[2026-08-11T15:28:34.729] [DEBUG] debug-file - Executing task :entry:default@ProcessShareConfig
[2026-08-11T15:28:34.729] [DEBUG] debug-file - entry:default@ProcessShareConfig is not up-to-date, since the input file '/Users/pange/Codes/genfee/worker-bee-atomic-service/entry/src/main/module.json5' has been changed.
[2026-08-11T15:28:34.729] [DEBUG] debug-file - Incremental task entry:default@ProcessShareConfig pre-execution cost: 1 ms .
[2026-08-11T15:28:34.730] [DEBUG] debug-file - entry : default@ProcessShareConfig cost memory 0.0864105224609375
[2026-08-11T15:28:34.730] [DEBUG] debug-file - runTaskFromQueue task cost before running: 237 ms 
[2026-08-11T15:28:34.730] [INFO] debug-file - Finished :entry:default@ProcessShareConfig... after 1 ms 
[2026-08-11T15:28:34.730] [DEBUG] debug-file - Executing task :entry:default@ProcessStartupConfig
[2026-08-11T15:28:34.730] [DEBUG] debug-file - Task 'entry:default@ProcessStartupConfig' cost while wrapping incremental declarations: 1 ms 
[2026-08-11T15:28:34.730] [DEBUG] debug-file - entry:default@ProcessStartupConfig is not up-to-date, since the output file '/Users/pange/Codes/genfee/worker-bee-atomic-service/entry/build/default/intermediates/startup/default/startup_config.json' does not exist.
[2026-08-11T15:28:34.730] [DEBUG] debug-file - Incremental task entry:default@ProcessStartupConfig pre-execution cost: 1 ms .
[2026-08-11T15:28:34.730] [DEBUG] debug-file - entry : default@ProcessStartupConfig cost memory 0.0867156982421875
[2026-08-11T15:28:34.730] [DEBUG] debug-file - runTaskFromQueue task cost before running: 238 ms 
[2026-08-11T15:28:34.730] [INFO] debug-file - Finished :entry:default@ProcessStartupConfig... after 1 ms 
[2026-08-11T15:28:34.731] [DEBUG] debug-file - Executing task :entry:default@BuildNativeWithNinja
[2026-08-11T15:28:34.731] [DEBUG] debug-file - entry : default@BuildNativeWithNinja cost memory 0.0199737548828125
[2026-08-11T15:28:34.731] [DEBUG] debug-file - runTaskFromQueue task cost before running: 238 ms 
[2026-08-11T15:28:34.731] [INFO] debug-file - Finished :entry:default@BuildNativeWithNinja... after 1 ms 
[2026-08-11T15:28:34.731] [DEBUG] debug-file - restool module names: entry; moduleName=entry, taskName=default@ProcessResource
[2026-08-11T15:28:34.732] [DEBUG] debug-file - Executing task :entry:default@ProcessResource
[2026-08-11T15:28:34.732] [DEBUG] debug-file - Task 'entry:default@ProcessResource' cost while wrapping incremental declarations: 1 ms 
[2026-08-11T15:28:34.732] [DEBUG] debug-file - Incremental task entry:default@ProcessResource pre-execution cost: 1 ms .
[2026-08-11T15:28:34.732] [DEBUG] debug-file - entry : default@ProcessResource cost memory 0.123992919921875
[2026-08-11T15:28:34.733] [INFO] debug-file - UP-TO-DATE :entry:default@ProcessResource...  
[2026-08-11T15:28:34.733] [DEBUG] debug-file - Executing task :entry:default@GenerateLoaderJson
[2026-08-11T15:28:34.733] [DEBUG] debug-file - Task 'entry:default@GenerateLoaderJson' cost while wrapping incremental declarations: 1 ms 
[2026-08-11T15:28:34.735] [DEBUG] debug-file - entry:default@GenerateLoaderJson is not up-to-date, since the input file '/Users/pange/Codes/genfee/worker-bee-atomic-service/entry/build/default/intermediates/router_map/default/temp-router-map.json' has been changed.
[2026-08-11T15:28:34.735] [DEBUG] debug-file - Incremental task entry:default@GenerateLoaderJson pre-execution cost: 1 ms .
[2026-08-11T15:28:34.737] [DEBUG] debug-file - entry : default@GenerateLoaderJson cost memory 0.4868927001953125
[2026-08-11T15:28:34.737] [DEBUG] debug-file - runTaskFromQueue task cost before running: 244 ms 
[2026-08-11T15:28:34.737] [INFO] debug-file - Finished :entry:default@GenerateLoaderJson... after 4 ms 
[2026-08-11T15:28:34.738] [DEBUG] debug-file - Executing task :entry:default@ProcessLibs
[2026-08-11T15:28:34.738] [DEBUG] debug-file - entry : default@ProcessLibs cost memory 0.05095672607421875
[2026-08-11T15:28:34.738] [DEBUG] debug-file - runTaskFromQueue task cost before running: 245 ms 
[2026-08-11T15:28:34.738] [INFO] debug-file - Finished :entry:default@ProcessLibs... after 1 ms 
[2026-08-11T15:28:34.738] [DEBUG] debug-file - restool module names: entry; moduleName=entry, taskName=default@CompileResource
[2026-08-11T15:28:34.739] [DEBUG] debug-file - Executing task :entry:default@CompileResource
[2026-08-11T15:28:34.740] [DEBUG] debug-file - entry:default@CompileResource is not up-to-date, since the input file '/Users/pange/Codes/genfee/worker-bee-atomic-service/entry/build/default/intermediates/process_profile/default/module.json' has been changed.
[2026-08-11T15:28:34.740] [DEBUG] debug-file - Incremental task entry:default@CompileResource pre-execution cost: 1 ms .
[2026-08-11T15:28:34.771] [DEBUG] debug-file - Use tool [/Applications/DevEco-Studio.app/Contents/sdk/default/openharmony/toolchains/restool]
 [
  '/Applications/DevEco-Studio.app/Contents/sdk/default/openharmony/toolchains/restool',
  '-l',
  '/Users/pange/Codes/genfee/worker-bee-atomic-service/entry/build/default/intermediates/res/default/resConfig.json'
]
[2026-08-11T15:28:34.771] [DEBUG] debug-file - current process  memoryUsage: {
  rss: 159875072,
  heapTotal: 168116224,
  heapUsed: 122985744,
  external: 3463920,
  arrayBuffers: 1378047
} os memoryUsage :31.912353515625
[2026-08-11T15:28:34.795] [DEBUG] debug-file - Info: Pack: normal pack mode

[2026-08-11T15:28:34.853] [DEBUG] debug-file - Info: hardware concurrency count is : 10
Info: thread count is : 10

[2026-08-11T15:28:34.853] [DEBUG] debug-file - Info: thread pool is started

[2026-08-11T15:28:34.854] [DEBUG] debug-file - Info: GenericCompiler::CompileFiles

[2026-08-11T15:28:34.856] [DEBUG] debug-file - Info: GenericCompiler::CompileFiles

[2026-08-11T15:28:34.856] [DEBUG] debug-file - Warning: '/Users/pange/Codes/genfee/worker-bee-atomic-service/entry/src/main/resources/base/media/app_icon.png' is defined repeatedly.

[2026-08-11T15:28:34.857] [DEBUG] debug-file - Info: GenericCompiler::CompileFiles

[2026-08-11T15:28:34.858] [DEBUG] debug-file - 08-11 15:28:34.858 32989 19605132 E C01400/ImageTranscoderUtils: DecodeToRGBA IN
08-11 15:28:34.858 32989 19605132 E C01400/ImageTranscoderUtils: ImageFilter IN /Users/pange/Codes/genfee/worker-bee-atomic-service/AppScope/resources/base/media/app_icon.png

[2026-08-11T15:28:34.864] [DEBUG] debug-file - 08-11 15:28:34.864 32989 19605132 E C01400/ImageTranscoder: TranscodeSLR ScalePixelsWithSLR failed

[2026-08-11T15:28:34.864] [DEBUG] debug-file - Warning: ScaleImage failed, file path = /Users/pange/Codes/genfee/worker-bee-atomic-service/AppScope/resources/base/media/app_icon.png

[2026-08-11T15:28:34.865] [DEBUG] debug-file - Info: restool resources compile success.

[2026-08-11T15:28:34.865] [DEBUG] debug-file - Info: thread pool is stopped

[2026-08-11T15:28:34.869] [DEBUG] debug-file - entry : default@CompileResource cost memory -8.871917724609375
[2026-08-11T15:28:34.869] [DEBUG] debug-file - runTaskFromQueue task cost before running: 376 ms 
[2026-08-11T15:28:34.869] [INFO] debug-file - Finished :entry:default@CompileResource... after 131 ms 
[2026-08-11T15:28:34.870] [DEBUG] debug-file - Executing task :entry:default@DoNativeStrip
[2026-08-11T15:28:34.870] [DEBUG] debug-file - File: '/Users/pange/Codes/genfee/worker-bee-atomic-service/entry/build/default/intermediates/binxo/default' from 'doBinxoNativeLibs' is not exists, just ignore.
[2026-08-11T15:28:34.870] [DEBUG] debug-file - Task 'entry:default@DoNativeStrip' cost while wrapping incremental declarations: 1 ms 
[2026-08-11T15:28:34.870] [DEBUG] debug-file - Incremental task entry:default@DoNativeStrip pre-execution cost: 1 ms .
[2026-08-11T15:28:34.870] [DEBUG] debug-file - entry : default@DoNativeStrip cost memory 0.07756805419921875
[2026-08-11T15:28:34.870] [INFO] debug-file - UP-TO-DATE :entry:default@DoNativeStrip...  
[2026-08-11T15:28:34.871] [DEBUG] debug-file - Executing task :entry:default@CompileArkTS
[2026-08-11T15:28:34.871] [DEBUG] debug-file - obfuscationOptions: undefined
[2026-08-11T15:28:34.871] [DEBUG] debug-file - Task 'entry:default@CompileArkTS' cost while wrapping incremental declarations: 1 ms 
[2026-08-11T15:28:34.878] [DEBUG] debug-file - build config:
[2026-08-11T15:28:34.878] [DEBUG] debug-file - {
  moduleType: 'entry',
  perf: 0,
  targetName: '.default',
  packageManagerType: 'ohpm',
  localPropertiesPath: '/Users/pange/Codes/genfee/worker-bee-atomic-service/local.properties',
  isPreview: false,
  isOhosTest: false,
  isLocalTest: false,
  buildMode: 'Debug',
  hotReloadBuild: undefined,
  watchMode: 'false',
  aceProfilePath: '/Users/pange/Codes/genfee/worker-bee-atomic-service/entry/build/default/intermediates/res/default/resources/base/profile',
  etsLoaderPath: '/Applications/DevEco-Studio.app/Contents/sdk/default/openharmony/ets/build-tools/ets-loader',
  modulePath: '/Users/pange/Codes/genfee/worker-bee-atomic-service/entry',
  testFrameworkPar: {
    testMode: undefined,
    coveragePathFilter: undefined,
    coverageMode: undefined
  },
  needCoverageInsert: false,
  debugLine: false,
  projectTopDir: '/Users/pange/Codes/genfee/worker-bee-atomic-service',
  compileSdkVersion: 24,
  compatibleSdkVersion: 12,
  originCompatibleSdkVersion: '5.0.0(12)',
  compatibleSdkVersionStage: 'beta1',
  bundleName: 'c***7',
  etsLoaderVersion: '6.1.1.125',
  etsLoaderReleaseType: 'Release',
  aotCompileMode: 'type',
  apPath: '/Users/pange/Codes/genfee/worker-bee-atomic-service/entry/modules.ap',
  entryModuleName: 'entry',
  entryModuleVersion: '1.0.0',
  entryPackageName: 'entry',
  allModuleNameHash: 'b6b811d2f71314b7490cc7ab3d975985978821104ce9c72f43777df40513d96d',
  externalApiPaths: [ '/Applications/DevEco-Studio.app/Contents/sdk/default/hms/ets' ],
  compilerTypes: [],
  isCrossplatform: false,
  hvigorPluginFile: undefined,
  compilePluginPath: undefined,
  buildGeneratedProfilePath: '/Users/pange/Codes/genfee/worker-bee-atomic-service/entry/build/default/generated/profile/default',
  bundleType: 'atomicService',
  arkTSVersion: undefined,
  apiVersion: 24,
  needCompleteSourcesMap: false,
  isFaMode: false,
  buildDir: '/Users/pange/Codes/genfee/worker-bee-atomic-service/entry/build',
  deviceTypes: [ 'phone', 'tablet' ],
  pkgContextInfo: undefined,
  ohPackagePathMap: {},
  dependencyAliasMap: {},
  permission: { requestPermissions: [ [Object] ], definePermissions: undefined },
  useGetCurrentBundleName: false,
  projectArkOption: undefined,
  sourceMapDir: undefined,
  branchElimination: false,
  transformLib: undefined,
  tsImportSendable: false,
  resolveConflictMode: true,
  depName2RootPath: {},
  depName2DepInfo: {},
  depName2OhExports: {},
  rootPathSet: [ '/Users/pange/Codes/genfee/worker-bee-atomic-service' ],
  useNativeResolver: true,
  shouldEmitJs: true,
  useTscResolve: false,
  singleFileEmit: false,
  userProjectConfig: {
    autoLazyImport: false,
    allowEmptyBundleName: false,
    reExportCheckMode: 'noCheck',
    executionMode: 'memory',
    usePathPlaceholder: false,
    writeRollupCache: true,
    isExpandImportEnabled: false,
    expandImportExclude: '',
    lazyImportExclude: '',
    lazyImportInclude: '',
    ignoreCrossplatformCheck: false,
    isHarDeduplicateEnabled: false,
    skipOhModulesLint: false,
    enableStrictCheckOHModule: false,
    disableSendableCheckRules: [],
    useDeclarationFileSignature: false,
    customizedOptions: undefined,
    integratedHsp: false,
    isPreloadSoEnabled: false
  },
  executionMode: 'memory',
  arkCompileCachePath: '/Users/pange/Codes/genfee/worker-bee-atomic-service/entry/build/default/cache/default/default@CompileArkTS/esmodule',
  autoLazyFilter: undefined,
  isHarDeduplicateEnabled: false,
  intermediateHarDuplicateDirPath: '/Users/pange/Codes/genfee/worker-bee-atomic-service/entry/build/default/intermediates/har_duplicate/default',
  autoLazyImport: false,
  allowEmptyBundleName: false,
  reExportCheckMode: 'noCheck',
  usePathPlaceholder: false,
  writeRollupCache: true,
  isExpandImportEnabled: false,
  expandImportExclude: '',
  lazyImportExclude: '',
  lazyImportInclude: '',
  ignoreCrossplatformCheck: false,
  skipOhModulesLint: false,
  enableStrictCheckOHModule: false,
  disableSendableCheckRules: [],
  useDeclarationFileSignature: false,
  customizedOptions: undefined,
  integratedHsp: false,
  isPreloadSoEnabled: false,
  strictMode: undefined,
  useNormalizedOHMUrl: false,
  caseSensitiveCheck: false,
  strictCheckerOnly: false,
  aceModuleJsonPath: '/Users/pange/Codes/genfee/worker-bee-atomic-service/entry/build/default/intermediates/res/default/ark_module.json',
  appResource: '/Users/pange/Codes/genfee/worker-bee-atomic-service/entry/build/default/intermediates/res/default/ResourceTable.txt',
  rawFileResource: '/Users/pange/Codes/genfee/worker-bee-atomic-service/entry/build/default/intermediates/res/default/resources/rawfile',
  resourceTableHash: '506ce0e8708a79f6b40d6c8e4f650136eb16e8713370ef7716f6ba58e9e43fd6',
  runtimeOS: 'HarmonyOS',
  sdkInfo: 'false:24:6.1.1.125:Release',
  aceModuleRoot: '/Users/pange/Codes/genfee/worker-bee-atomic-service/entry/src/main/ets',
  compileMode: 'esmodule',
  aceSuperVisualPath: '/Users/pange/Codes/genfee/worker-bee-atomic-service/entry/src/main/supervisual',
  aceBuildJson: '/Users/pange/Codes/genfee/worker-bee-atomic-service/entry/build/default/intermediates/loader/default/loader.json',
  cachePath: '/Users/pange/Codes/genfee/worker-bee-atomic-service/entry/build/default/cache/default/default@CompileArkTS/esmodule/debug',
  aceModuleBuild: '/Users/pange/Codes/genfee/worker-bee-atomic-service/entry/build/default/intermediates/loader_out/default/ets',
  supportChunks: true,
  declaredFilesPath: undefined,
  shouldCollectDirectImportees: false,
  isByteCodeHarOptimize: false,
  expandImportPath: undefined,
  resourceTableTs: '/Users/pange/Codes/genfee/worker-bee-atomic-service/entry/build/default/generated/r/default/ResourceTable.ts',
  moduleMetaInfoFiles: [
    {
      filePath: '/Users/pange/Codes/genfee/worker-bee-atomic-service/entry/build/default/generated/r/default/ResourceTable.ts',
      ohmurl: 'com.atomicservice.6917611690461753557/entry/build/generated/r/ResourceTable'
    }
  ],
  pkgNameToPkgBriefInfo: {
    entry: {
      pkgRoot: '/Users/pange/Codes/genfee/worker-bee-atomic-service/entry',
      originalSourceRoots: undefined,
      sourceRoots: [Array],
      pkgName: 'entry'
    }
  },
  projectModel: {
    '/Users/pange/Codes/genfee/worker-bee-atomic-service/entry/src/main': {
      moduleName: 'entry',
      modulePkgPath: '/Users/pange/Codes/genfee/worker-bee-atomic-service/entry',
      belongProjectPath: '/Users/pange/Codes/genfee/worker-bee-atomic-service'
    },
    '/Users/pange/Codes/genfee/worker-bee-atomic-service/entry': {
      moduleName: 'entry',
      modulePkgPath: '/Users/pange/Codes/genfee/worker-bee-atomic-service/entry',
      belongProjectPath: '/Users/pange/Codes/genfee/worker-bee-atomic-service'
    },
    '/Users/pange/Codes/genfee/worker-bee-atomic-service': {
      moduleName: 'worker-bee-atomic-service',
      modulePkgPath: '/Users/pange/Codes/genfee/worker-bee-atomic-service',
      belongProjectPath: '/Users/pange/Codes/genfee/worker-bee-atomic-service'
    }
  },
  pkgJsonFileHash: 'd093999bbf80ff4df7c1e84053d0c2af6caa837eb0ab3d9bdb5b5c7cad72dd5a',
  allModulePaths: [ '/Users/pange/Codes/genfee/worker-bee-atomic-service/entry' ],
  routerMap: {},
  obfuscationOptions: undefined,
  byteCodeHarToDependencyKeys: undefined,
  compileBlockPkg: [],
  mockParams: {
    decorator: '@MockSetup',
    packageName: '@ohos/hamock',
    etsSourceRootPath: 'src/main/ets',
    mockConfigPath: undefined,
    mockConfigKey2ModuleInfo: {},
    source2ModuleIdMap: {}
  },
  copyCodeResourceEnable: true,
  copyCodeResourceExcludes: [],
  copyCodeResourceIncludes: undefined,
  uiTransformOptimization: false,
  sdkPath: '/Applications/DevEco-Studio.app/Contents/sdk',
  needPreloadSoFileSet: {},
  preloadSoFilePath: '/Users/pange/Codes/genfee/worker-bee-atomic-service/entry/build/default/intermediates/preload/default/preload.json',
  useSourceHash: false,
  localModuleParamMap: {},
  otherPaths: {
    'entry/*': [ '../*', '../../../build/default/generated/profile/default/*' ]
  },
  collectImportersConfig: undefined
}
[2026-08-11T15:28:34.878] [DEBUG] debug-file - Compile arkts with external api path: /Applications/DevEco-Studio.app/Contents/sdk/default/hms/ets
[2026-08-11T15:28:34.879] [DEBUG] debug-file - default@CompileArkTS work[7] is submitted.
[2026-08-11T15:28:34.879] [DEBUG] debug-file - default@CompileArkTS work[7] is pushed to ready queue.
[2026-08-11T15:28:34.879] [DEBUG] debug-file - A work dispatched to worker[9] failed because unable to get work from ready queue.
[2026-08-11T15:28:34.879] [DEBUG] debug-file - A work dispatched to worker[8] failed because unable to get work from ready queue.
[2026-08-11T15:28:34.879] [DEBUG] debug-file - A work dispatched to worker[7] failed because unable to get work from ready queue.
[2026-08-11T15:28:34.879] [DEBUG] debug-file - A work dispatched to worker[6] failed because unable to get work from ready queue.
[2026-08-11T15:28:34.879] [DEBUG] debug-file - A work dispatched to worker[5] failed because unable to get work from ready queue.
[2026-08-11T15:28:34.879] [DEBUG] debug-file - default@CompileArkTS work[7] has been dispatched to worker[4].
[2026-08-11T15:28:34.879] [DEBUG] debug-file - default@CompileArkTS work[7] is dispatched.
[2026-08-11T15:28:34.879] [DEBUG] debug-file - CopyResources startTime: 1318937233047750
[2026-08-11T15:28:34.879] [DEBUG] debug-file - default@CompileArkTS work[8] is submitted.
[2026-08-11T15:28:34.879] [DEBUG] debug-file - default@CompileArkTS work[8] is pushed to ready queue.
[2026-08-11T15:28:34.879] [DEBUG] debug-file - A work dispatched to worker[9] failed because unable to get work from ready queue.
[2026-08-11T15:28:34.879] [DEBUG] debug-file - Create  resident worker with id: 8.
[2026-08-11T15:28:34.880] [DEBUG] debug-file - default@CompileArkTS work[8] has been dispatched to worker[8].
[2026-08-11T15:28:34.880] [DEBUG] debug-file - default@CompileArkTS work[8] is dispatched.
[2026-08-11T15:28:34.880] [DEBUG] debug-file - entry : default@CompileArkTS cost memory 1.1768875122070312
[2026-08-11T15:28:34.881] [DEBUG] debug-file - Executing task :entry:default@BuildJS
[2026-08-11T15:28:34.881] [DEBUG] debug-file - Task 'entry:default@BuildJS' cost while wrapping incremental declarations: 1 ms 
[2026-08-11T15:28:34.881] [DEBUG] debug-file - entry : default@BuildJS cost memory 0.119537353515625
[2026-08-11T15:28:34.881] [DEBUG] debug-file - runTaskFromQueue task cost before running: 389 ms 
[2026-08-11T15:28:34.882] [INFO] debug-file - Finished :entry:default@BuildJS... after 1 ms 
[2026-08-11T15:28:34.882] [DEBUG] debug-file - Executing task :entry:default@CacheNativeLibs
[2026-08-11T15:28:34.882] [DEBUG] debug-file - File: '/Users/pange/Codes/genfee/worker-bee-atomic-service/entry/build/default/intermediates/binxo/default' from 'cacheBinxoNativeLibs' is not exists, just ignore.
[2026-08-11T15:28:34.882] [DEBUG] debug-file - Task 'entry:default@CacheNativeLibs' cost while wrapping incremental declarations: 1 ms 
[2026-08-11T15:28:34.882] [DEBUG] debug-file - Incremental task entry:default@CacheNativeLibs pre-execution cost: 1 ms .
[2026-08-11T15:28:34.882] [DEBUG] debug-file - entry : default@CacheNativeLibs cost memory 0.0897674560546875
[2026-08-11T15:28:34.882] [INFO] debug-file - UP-TO-DATE :entry:default@CacheNativeLibs...  
[2026-08-11T15:28:35.406] [DEBUG] debug-file - worker[8] has one work done.
[2026-08-11T15:28:35.406] [DEBUG] debug-file - CopyResources is end, endTime: 1318937760180750
[2026-08-11T15:28:35.406] [DEBUG] debug-file - default@CompileArkTS work[8] done.
[2026-08-11T15:28:35.406] [DEBUG] debug-file - A work dispatched to worker[8] failed because unable to get work from ready queue.
[2026-08-11T15:28:35.875] [DEBUG] debug-file - Ark compile task finished.finished time is 1318938229218375
[2026-08-11T15:28:35.875] [DEBUG] debug-file - worker[4] has one work error.
[2026-08-11T15:28:35.875] [DEBUG] debug-file - default@CompileArkTS work[7] failed.
[2026-08-11T15:28:35.876] [ERROR] debug-file - Failed :entry:default@CompileArkTS... 
[2026-08-11T15:28:35.876] [WARN] debug-file - 
[33m1 WARN: [33m[33mArkTS:WARN: For details about ArkTS syntax errors, see FAQs[39m[39m
[33m2 WARN: [33m[33mArkTS:WARN File: /Users/pange/Codes/genfee/worker-bee-atomic-service/entry/src/main/ets/utils/Store.ets:11:19
 Function may throw exceptions. Special handling is required.
[39m[39m
[33m3 WARN: [33m[33mArkTS:WARN File: /Users/pange/Codes/genfee/worker-bee-atomic-service/entry/src/main/ets/utils/Store.ets:18:12
 Function may throw exceptions. Special handling is required.
[39m[39m
[33m4 WARN: [33m[33mArkTS:WARN File: /Users/pange/Codes/genfee/worker-bee-atomic-service/entry/src/main/ets/utils/Store.ets:25:5
 Function may throw exceptions. Special handling is required.
[39m[39m
[33m5 WARN: [33m[33mArkTS:WARN File: /Users/pange/Codes/genfee/worker-bee-atomic-service/entry/src/main/ets/utils/Store.ets:26:5
 Function may throw exceptions. Special handling is required.
[39m[39m
[33m6 WARN: [33m[33mArkTS:WARN File: /Users/pange/Codes/genfee/worker-bee-atomic-service/entry/src/main/ets/utils/Store.ets:33:12
 Function may throw exceptions. Special handling is required.
[39m[39m
[33m7 WARN: [33m[33mArkTS:WARN File: /Users/pange/Codes/genfee/worker-bee-atomic-service/entry/src/main/ets/utils/Store.ets:40:5
 Function may throw exceptions. Special handling is required.
[39m[39m
[33m8 WARN: [33m[33mArkTS:WARN File: /Users/pange/Codes/genfee/worker-bee-atomic-service/entry/src/main/ets/utils/Store.ets:41:5
 Function may throw exceptions. Special handling is required.
[39m[39m
[33m9 WARN: [33m[33mArkTS:WARN File: /Users/pange/Codes/genfee/worker-bee-atomic-service/entry/src/main/ets/entryability/EntryAbility.ets:18:49
 'px2vp' has been deprecated.
[39m[39m
[33m10 WARN: [33m[33mArkTS:WARN File: /Users/pange/Codes/genfee/worker-bee-atomic-service/entry/src/main/ets/utils/Dialer.ets:26:5
 Function may throw exceptions. Special handling is required.
[39m[39m
[33m11 WARN: [33m[33mArkTS:WARN File: /Users/pange/Codes/genfee/worker-bee-atomic-service/entry/src/main/ets/pages/TopicListPage.ets:40:5
 Function may throw exceptions. Special handling is required.
[39m[39m
[33m12 WARN: [33m[33mArkTS:WARN File: /Users/pange/Codes/genfee/worker-bee-atomic-service/entry/src/main/ets/pages/TopicListPage.ets:54:10
 'getContext' has been deprecated.
[39m[39m
[33m13 WARN: [33m[33mArkTS:WARN File: /Users/pange/Codes/genfee/worker-bee-atomic-service/entry/src/main/ets/pages/TopicListPage.ets:84:53
 'getContext' has been deprecated.
[39m[39m
[33m14 WARN: [33m[33mArkTS:WARN File: /Users/pange/Codes/genfee/worker-bee-atomic-service/entry/src/main/ets/pages/TopicListPage.ets:99:9
 Function may throw exceptions. Special handling is required.
[39m[39m
[33m15 WARN: [33m[33mArkTS:WARN File: /Users/pange/Codes/genfee/worker-bee-atomic-service/entry/src/main/ets/pages/TopicListPage.ets:206:32
 'pushUrl' has been deprecated.
[39m[39m
[33m16 WARN: [33m[33mArkTS:WARN File: /Users/pange/Codes/genfee/worker-bee-atomic-service/entry/src/main/ets/pages/TopicDetailPage.ets:17:27
 'getParams' has been deprecated.
[39m[39m
[33m17 WARN: [33m[33mArkTS:WARN File: /Users/pange/Codes/genfee/worker-bee-atomic-service/entry/src/main/ets/pages/TopicDetailPage.ets:30:7
 Function may throw exceptions. Special handling is required.
[39m[39m
[2026-08-11T15:28:35.876] [DEBUG] debug-file - hvigor build process will be closed with an error.
[2026-08-11T15:28:35.878] [DEBUG] debug-file - ERROR: stacktrace = Error: ArkTS Compiler Error
[31m1 ERROR: [31m10605038 ArkTS Compiler Error
Error Message: Object literal must correspond to some explicitly declared class or interface (arkts-no-untyped-obj-literals) At File: /Users/pange/Codes/genfee/worker-bee-atomic-service/entry/src/main/ets/services/TopicApi.ets:30:52
[39m
[39m
[31mCOMPILE RESULT:FAIL {ERROR:2 WARN:17}[39m
    at runArkPack (/Applications/DevEco-Studio.app/Contents/tools/hvigor/hvigor-ohos-plugin/node_modules/@ohos/hvigor-arkts-compose/dist/src/arkts-pack.js:1:5965)
ArkTSCompilerError: ArkTS Compiler Error
    at throwArkTsCompilerError (/Applications/DevEco-Studio.app/Contents/tools/hvigor/hvigor-ohos-plugin/node_modules/@ohos/hvigor-arkts-compose/dist/src/data/compose-error.js:1:423)
    at throwErrorIfHasErrorInfo (/Applications/DevEco-Studio.app/Contents/tools/hvigor/hvigor-ohos-plugin/node_modules/@ohos/hvigor-arkts-compose/dist/src/plugins/common-plugin.js:1:4923)
    at Object.handler (/Applications/DevEco-Studio.app/Contents/tools/hvigor/hvigor-ohos-plugin/node_modules/@ohos/hvigor-arkts-compose/dist/src/plugins/common-plugin.js:1:3018)
    at /Applications/DevEco-Studio.app/Contents/tools/hvigor/hvigor-ohos-plugin/node_modules/@ohos/hvigor-arkts-base/node_modules/rollup/dist/shared/rollup.js:27864:40
[2026-08-11T15:28:35.878] [ERROR] debug-file - Error: ArkTS Compiler Error
[31m1 ERROR: [31m10605038 ArkTS Compiler Error
Error Message: Object literal must correspond to some explicitly declared class or interface (arkts-no-untyped-obj-literals) At File: /Users/pange/Codes/genfee/worker-bee-atomic-service/entry/src/main/ets/services/TopicApi.ets:30:52
[39m
[39m
[31mCOMPILE RESULT:FAIL {ERROR:2 WARN:17}[39m
    at runArkPack (/Applications/DevEco-Studio.app/Contents/tools/hvigor/hvigor-ohos-plugin/node_modules/@ohos/hvigor-arkts-compose/dist/src/arkts-pack.js:1:5965)
ArkTSCompilerError: ArkTS Compiler Error
    at throwArkTsCompilerError (/Applications/DevEco-Studio.app/Contents/tools/hvigor/hvigor-ohos-plugin/node_modules/@ohos/hvigor-arkts-compose/dist/src/data/compose-error.js:1:423)
    at throwErrorIfHasErrorInfo (/Applications/DevEco-Studio.app/Contents/tools/hvigor/hvigor-ohos-plugin/node_modules/@ohos/hvigor-arkts-compose/dist/src/plugins/common-plugin.js:1:4923)
    at Object.handler (/Applications/DevEco-Studio.app/Contents/tools/hvigor/hvigor-ohos-plugin/node_modules/@ohos/hvigor-arkts-compose/dist/src/plugins/common-plugin.js:1:3018)
    at /Applications/DevEco-Studio.app/Contents/tools/hvigor/hvigor-ohos-plugin/node_modules/@ohos/hvigor-arkts-base/node_modules/rollup/dist/shared/rollup.js:27864:40
[2026-08-11T15:28:35.879] [ERROR] debug-file - BUILD FAILED in 1 s 386 ms 
[2026-08-11T15:28:35.879] [DEBUG] debug-file - Update task entry:default@PreBuild input file:/Users/pange/Codes/genfee/worker-bee-atomic-service/AppScope/app.json5 cache by regenerate.
[2026-08-11T15:28:35.879] [DEBUG] debug-file - Update task entry:default@PreBuild input file:/Users/pange/Codes/genfee/worker-bee-atomic-service/entry/src/main/module.json5 cache from map.
[2026-08-11T15:28:35.879] [DEBUG] debug-file - Update task entry:default@PreBuild input file:/Users/pange/Codes/genfee/worker-bee-atomic-service/build-profile.json5 cache by regenerate.
[2026-08-11T15:28:35.879] [DEBUG] debug-file - Update task entry:default@PreBuild input file:/Users/pange/Codes/genfee/worker-bee-atomic-service/entry/build-profile.json5 cache by regenerate.
[2026-08-11T15:28:35.879] [DEBUG] debug-file - Update task entry:default@PreBuild input file:/Users/pange/Codes/genfee/worker-bee-atomic-service/entry/src/main/resources/base/profile/main_pages.json cache by regenerate.
[2026-08-11T15:28:35.879] [DEBUG] debug-file - Update task entry:default@PreBuild input file:/Users/pange/Codes/genfee/worker-bee-atomic-service/hvigor/hvigor-config.json5 cache by regenerate.
[2026-08-11T15:28:35.879] [DEBUG] debug-file - Update task entry:default@PreBuild input file:/Users/pange/Codes/genfee/worker-bee-atomic-service/entry/oh-package.json5 cache by regenerate.
[2026-08-11T15:28:35.879] [DEBUG] debug-file - Update task entry:default@PreBuild input file:/Users/pange/Codes/genfee/worker-bee-atomic-service/oh-package.json5 cache by regenerate.
[2026-08-11T15:28:35.879] [DEBUG] debug-file - Incremental task entry:default@PreBuild post-execution cost:1 ms .
[2026-08-11T15:28:35.879] [DEBUG] debug-file - Update task entry:default@CreateModuleInfo output file:/Users/pange/Codes/genfee/worker-bee-atomic-service/entry/build/default/generated/profile/default/ModuleInfo.ts cache.
[2026-08-11T15:28:35.879] [DEBUG] debug-file - Incremental task entry:default@CreateModuleInfo post-execution cost:1 ms .
[2026-08-11T15:28:35.879] [DEBUG] debug-file - Update task entry:default@GenerateMetadata input file:/Users/pange/Codes/genfee/worker-bee-atomic-service/entry/src/main/module.json5 cache from map.
[2026-08-11T15:28:35.879] [DEBUG] debug-file - Update task entry:default@GenerateMetadata output file:/Users/pange/Codes/genfee/worker-bee-atomic-service/entry/build/default/intermediates/hap_metadata/default/output_metadata.json cache.
[2026-08-11T15:28:35.879] [DEBUG] debug-file - Incremental task entry:default@GenerateMetadata post-execution cost:1 ms .
[2026-08-11T15:28:35.879] [DEBUG] debug-file - Update task entry:default@MergeProfile input file:/Users/pange/Codes/genfee/worker-bee-atomic-service/AppScope/app.json5 cache by regenerate.
[2026-08-11T15:28:35.879] [DEBUG] debug-file - Update task entry:default@MergeProfile input file:/Users/pange/Codes/genfee/worker-bee-atomic-service/build-profile.json5 cache by regenerate.
[2026-08-11T15:28:35.879] [DEBUG] debug-file - Update task entry:default@MergeProfile input file:/Users/pange/Codes/genfee/worker-bee-atomic-service/entry/src/main/module.json5 cache from map.
[2026-08-11T15:28:35.879] [DEBUG] debug-file - Update task entry:default@MergeProfile output file:/Users/pange/Codes/genfee/worker-bee-atomic-service/entry/build/default/intermediates/merge_profile/default/module.json cache.
[2026-08-11T15:28:35.879] [DEBUG] debug-file - Incremental task entry:default@MergeProfile post-execution cost:1 ms .
[2026-08-11T15:28:35.879] [DEBUG] debug-file - There is no need to refresh cache, since the incremental task entry:default@CreateBuildProfile is up-to-date.
[2026-08-11T15:28:35.879] [DEBUG] debug-file - Update task entry:default@GeneratePkgContextInfo output file:/Users/pange/Codes/genfee/worker-bee-atomic-service/entry/build/default/intermediates/loader/default/pkgContextInfo.json cache.
[2026-08-11T15:28:35.879] [DEBUG] debug-file - Incremental task entry:default@GeneratePkgContextInfo post-execution cost:1 ms .
[2026-08-11T15:28:35.880] [DEBUG] debug-file - There is no need to refresh cache, since the incremental task entry:default@GeneratePkgSdkInfo is up-to-date.
[2026-08-11T15:28:35.880] [DEBUG] debug-file - Update task entry:default@ProcessIntegratedHsp output file:/Users/pange/Codes/genfee/worker-bee-atomic-service/build/cache/default/integrated_hsp/integratedHspCache.json cache.
[2026-08-11T15:28:35.880] [DEBUG] debug-file - Incremental task entry:default@ProcessIntegratedHsp post-execution cost:1 ms .
[2026-08-11T15:28:35.880] [DEBUG] debug-file - Update task entry:default@MakePackInfo input file:/Users/pange/Codes/genfee/worker-bee-atomic-service/AppScope/app.json5 cache by regenerate.
[2026-08-11T15:28:35.880] [DEBUG] debug-file - Update task entry:default@MakePackInfo input file:/Users/pange/Codes/genfee/worker-bee-atomic-service/entry/src/main/module.json5 cache from map.
[2026-08-11T15:28:35.880] [DEBUG] debug-file - Update task entry:default@MakePackInfo input file:/Users/pange/Codes/genfee/worker-bee-atomic-service/build-profile.json5 cache by regenerate.
[2026-08-11T15:28:35.880] [DEBUG] debug-file - Update task entry:default@MakePackInfo output file:/Users/pange/Codes/genfee/worker-bee-atomic-service/entry/build/default/outputs/default/pack.info cache.
[2026-08-11T15:28:35.880] [DEBUG] debug-file - Incremental task entry:default@MakePackInfo post-execution cost:1 ms .
[2026-08-11T15:28:35.880] [DEBUG] debug-file - Update task entry:default@SyscapTransform input file:/Applications/DevEco-Studio.app/Contents/sdk/default/openharmony/toolchains/syscap_tool cache by regenerate.
[2026-08-11T15:28:35.880] [DEBUG] debug-file - Update task entry:default@SyscapTransform input file:/Applications/DevEco-Studio.app/Contents/sdk/default/openharmony/ets/api/device-define cache by regenerate.
[2026-08-11T15:28:35.880] [DEBUG] debug-file - Update task entry:default@SyscapTransform output file:/Users/pange/Codes/genfee/worker-bee-atomic-service/entry/build/default/intermediates/syscap/default/rpcid.sc cache.
[2026-08-11T15:28:35.880] [DEBUG] debug-file - Incremental task entry:default@SyscapTransform post-execution cost:1 ms .
[2026-08-11T15:28:35.880] [DEBUG] debug-file - Update task entry:default@ProcessProfile input file:/Users/pange/Codes/genfee/worker-bee-atomic-service/entry/build/default/intermediates/merge_profile/default/module.json cache from map.
[2026-08-11T15:28:35.880] [DEBUG] debug-file - Update task entry:default@ProcessProfile output file:/Users/pange/Codes/genfee/worker-bee-atomic-service/entry/build/default/intermediates/process_profile/default/module.json cache.
[2026-08-11T15:28:35.880] [DEBUG] debug-file - Incremental task entry:default@ProcessProfile post-execution cost:1 ms .
[2026-08-11T15:28:35.880] [DEBUG] debug-file - Update task entry:default@ProcessRouterMap input file:/Users/pange/Codes/genfee/worker-bee-atomic-service/entry/oh-package.json5 cache by regenerate.
[2026-08-11T15:28:35.880] [DEBUG] debug-file - Update task entry:default@ProcessRouterMap input file:/Users/pange/Codes/genfee/worker-bee-atomic-service/oh-package.json5 cache by regenerate.
[2026-08-11T15:28:35.880] [DEBUG] debug-file - Update task entry:default@ProcessRouterMap input file:/Users/pange/Codes/genfee/worker-bee-atomic-service/entry/src/main/module.json5 cache from map.
[2026-08-11T15:28:35.880] [DEBUG] debug-file - Update task entry:default@ProcessRouterMap output file:/Users/pange/Codes/genfee/worker-bee-atomic-service/entry/build/default/intermediates/router_map/default/temp-router-map.json cache.
[2026-08-11T15:28:35.880] [DEBUG] debug-file - Update task entry:default@ProcessRouterMap output file:/Users/pange/Codes/genfee/worker-bee-atomic-service/entry/build/default/intermediates/router_map/default/loader-router-map.json cache.
[2026-08-11T15:28:35.881] [DEBUG] debug-file - Incremental task entry:default@ProcessRouterMap post-execution cost:1 ms .
[2026-08-11T15:28:35.881] [DEBUG] debug-file - Update task entry:default@ProcessShareConfig input file:/Users/pange/Codes/genfee/worker-bee-atomic-service/entry/oh-package.json5 cache by regenerate.
[2026-08-11T15:28:35.881] [DEBUG] debug-file - Update task entry:default@ProcessShareConfig input file:/Users/pange/Codes/genfee/worker-bee-atomic-service/oh-package.json5 cache by regenerate.
[2026-08-11T15:28:35.881] [DEBUG] debug-file - Update task entry:default@ProcessShareConfig input file:/Users/pange/Codes/genfee/worker-bee-atomic-service/entry/src/main/module.json5 cache from map.
[2026-08-11T15:28:35.881] [DEBUG] debug-file - Update task entry:default@ProcessShareConfig output file:/Users/pange/Codes/genfee/worker-bee-atomic-service/entry/build/default/intermediates/share_config/default/temp-share-config.json cache.
[2026-08-11T15:28:35.881] [DEBUG] debug-file - Incremental task entry:default@ProcessShareConfig post-execution cost:1 ms .
[2026-08-11T15:28:35.881] [DEBUG] debug-file - Update task entry:default@ProcessStartupConfig output file:/Users/pange/Codes/genfee/worker-bee-atomic-service/entry/build/default/intermediates/startup/default/startup_config.json cache.
[2026-08-11T15:28:35.881] [DEBUG] debug-file - Incremental task entry:default@ProcessStartupConfig post-execution cost:1 ms .
[2026-08-11T15:28:35.881] [DEBUG] debug-file - There is no need to refresh cache, since the incremental task entry:default@ProcessResource is up-to-date.
[2026-08-11T15:28:35.881] [DEBUG] debug-file - Update task entry:default@GenerateLoaderJson input file:/Users/pange/Codes/genfee/worker-bee-atomic-service/entry/build/default/intermediates/router_map/default/temp-router-map.json cache from map.
[2026-08-11T15:28:35.881] [DEBUG] debug-file - Update task entry:default@GenerateLoaderJson output file:/Users/pange/Codes/genfee/worker-bee-atomic-service/entry/build/default/intermediates/loader/default/loader.json cache.
[2026-08-11T15:28:35.881] [DEBUG] debug-file - Incremental task entry:default@GenerateLoaderJson post-execution cost:1 ms .
[2026-08-11T15:28:35.881] [DEBUG] debug-file - Update task entry:default@ProcessLibs input file:/Users/pange/Codes/genfee/worker-bee-atomic-service/build-profile.json5 cache by regenerate.
[2026-08-11T15:28:35.881] [DEBUG] debug-file - Update task entry:default@ProcessLibs input file:/Users/pange/Codes/genfee/worker-bee-atomic-service/entry/build-profile.json5 cache by regenerate.
[2026-08-11T15:28:35.881] [DEBUG] debug-file - Update task entry:default@ProcessLibs output file:/Users/pange/Codes/genfee/worker-bee-atomic-service/entry/build/default/intermediates/libs/default cache.
[2026-08-11T15:28:35.881] [DEBUG] debug-file - Incremental task entry:default@ProcessLibs post-execution cost:1 ms .
[2026-08-11T15:28:35.882] [DEBUG] debug-file - Update task entry:default@CompileResource input file:/Users/pange/Codes/genfee/worker-bee-atomic-service/entry/src/main/resources cache by regenerate.
[2026-08-11T15:28:35.882] [DEBUG] debug-file - Update task entry:default@CompileResource input file:/Users/pange/Codes/genfee/worker-bee-atomic-service/AppScope/resources cache by regenerate.
[2026-08-11T15:28:35.882] [DEBUG] debug-file - Update task entry:default@CompileResource input file:/Users/pange/Codes/genfee/worker-bee-atomic-service/entry/build/default/intermediates/process_profile/default/module.json cache from map.
[2026-08-11T15:28:35.882] [DEBUG] debug-file - Update task entry:default@CompileResource input file:/Users/pange/Codes/genfee/worker-bee-atomic-service/entry/build/default/intermediates/res/default/resConfig.json cache by regenerate.
[2026-08-11T15:28:35.882] [DEBUG] debug-file - Update task entry:default@CompileResource output file:/Users/pange/Codes/genfee/worker-bee-atomic-service/entry/build/default/intermediates/res/default cache.
[2026-08-11T15:28:35.883] [DEBUG] debug-file - Update task entry:default@CompileResource output file:/Users/pange/Codes/genfee/worker-bee-atomic-service/entry/build/default/generated/r/default/ResourceTable.h cache.
[2026-08-11T15:28:35.883] [DEBUG] debug-file - Update task entry:default@CompileResource output file:/Users/pange/Codes/genfee/worker-bee-atomic-service/entry/build/default/generated/r/default/ResourceTable.ts cache.
[2026-08-11T15:28:35.883] [DEBUG] debug-file - Update task entry:default@CompileResource output file:/Users/pange/Codes/genfee/worker-bee-atomic-service/entry/build/default/generated/r/default cache.
[2026-08-11T15:28:35.883] [DEBUG] debug-file - Incremental task entry:default@CompileResource post-execution cost:2 ms .
[2026-08-11T15:28:35.883] [DEBUG] debug-file - There is no need to refresh cache, since the incremental task entry:default@DoNativeStrip is up-to-date.
[2026-08-11T15:28:35.884] [DEBUG] debug-file - Update task entry:default@CompileArkTS input file:/Users/pange/Codes/genfee/worker-bee-atomic-service/entry/build/default/intermediates/loader/default cache by regenerate.
[2026-08-11T15:28:35.884] [DEBUG] debug-file - Update task entry:default@CompileArkTS input file:/Users/pange/Codes/genfee/worker-bee-atomic-service/entry/build/default/intermediates/res/default/ResourceTable.txt cache by regenerate.
[2026-08-11T15:28:35.884] [DEBUG] debug-file - Update task entry:default@CompileArkTS input file:/Users/pange/Codes/genfee/worker-bee-atomic-service/entry/build/default/intermediates/res/default/ark_module.json cache by regenerate.
[2026-08-11T15:28:35.884] [DEBUG] debug-file - Update task entry:default@CompileArkTS input file:/Users/pange/Codes/genfee/worker-bee-atomic-service/entry/build/default/intermediates/res/default/resources/base/profile cache by regenerate.
[2026-08-11T15:28:35.884] [DEBUG] debug-file - Update task entry:default@CompileArkTS input file:/Users/pange/Codes/genfee/worker-bee-atomic-service/entry/src/main/ets cache by regenerate.
[2026-08-11T15:28:35.884] [DEBUG] debug-file - Update task entry:default@CompileArkTS input file:/Users/pange/Codes/genfee/worker-bee-atomic-service/entry/build/default/generated/profile/default/BuildProfile.ets cache by regenerate.
[2026-08-11T15:28:35.884] [DEBUG] debug-file - Update task entry:default@CompileArkTS output file:/Users/pange/Codes/genfee/worker-bee-atomic-service/entry/build/default/intermediates/loader_out/default/ets cache.
[2026-08-11T15:28:35.884] [DEBUG] debug-file - Incremental task entry:default@CompileArkTS post-execution cost:1 ms .
[2026-08-11T15:28:35.884] [DEBUG] debug-file - Update task entry:default@BuildJS input file:/Users/pange/Codes/genfee/worker-bee-atomic-service/entry/build/default/intermediates/loader/default cache by regenerate.
[2026-08-11T15:28:35.885] [DEBUG] debug-file - Update task entry:default@BuildJS input file:/Users/pange/Codes/genfee/worker-bee-atomic-service/entry/build/default/intermediates/res/default/ResourceTable.txt cache by regenerate.
[2026-08-11T15:28:35.885] [DEBUG] debug-file - Update task entry:default@BuildJS input file:/Users/pange/Codes/genfee/worker-bee-atomic-service/entry/build/default/intermediates/res/default/ark_module.json cache by regenerate.
[2026-08-11T15:28:35.885] [DEBUG] debug-file - Update task entry:default@BuildJS input file:/Users/pange/Codes/genfee/worker-bee-atomic-service/entry/build/default/intermediates/res/default/resources/base/profile cache by regenerate.
[2026-08-11T15:28:35.885] [DEBUG] debug-file - Update task entry:default@BuildJS output file:/Users/pange/Codes/genfee/worker-bee-atomic-service/entry/build/default/intermediates/loader_out/default/js cache.
[2026-08-11T15:28:35.885] [DEBUG] debug-file - Incremental task entry:default@BuildJS post-execution cost:1 ms .
[2026-08-11T15:28:35.885] [DEBUG] debug-file - There is no need to refresh cache, since the incremental task entry:default@CacheNativeLibs is up-to-date.
[2026-08-11T15:28:35.890] [DEBUG] debug-file - Cleanup worker 8.
[2026-08-11T15:28:35.890] [DEBUG] debug-file - Worker 8 has been cleaned up.
[2026-08-11T15:28:35.890] [DEBUG] debug-file - Current idle worker size: 1.
[2026-08-11T15:28:35.890] [DEBUG] debug-file - Current resident worker size: 2.
[2026-08-11T15:28:35.890] [DEBUG] debug-file - hvigor build process will be closed.
[2026-08-11T15:28:35.893] [DEBUG] debug-file - worker[8] exits with exit code 1.
[2026-08-11T15:28:35.896] [DEBUG] debug-file - session manager: send message to worker process.
[2026-08-11T15:28:35.896] [DEBUG] debug-file - session manager: send message to worker process.
[2026-08-11T15:28:35.896] [DEBUG] debug-file - watch worker: worker id should be larger than 0. Nothing will be sent to any worker thread.
[2026-08-11T15:28:35.896] [DEBUG] debug-file - watch worker: worker id should be larger than 0. Nothing will be sent to any worker thread.
[2026-08-11T15:33:01.732] [DEBUG] debug-file - session manager: set active socket. socketId=hHn06drlK9BLRu1EAAAJ
[2026-08-11T15:33:01.737] [DEBUG] debug-file - watch worker: worker id should be larger than 0. Nothing will be sent to any worker thread.
[2026-08-11T15:33:01.741] [DEBUG] debug-file - Workers' log level updated to INFO
[2026-08-11T15:33:01.744] [DEBUG] debug-file - Hvigor init with startParameters:{
  hvigorfileTypeCheck: false,
  parallelExecution: true,
  incrementalExecution: true,
  printStackTrace: false,
  daemon: true,
  analyze: 0,
  logLevel: Level { level: 20000, levelStr: 'INFO', colour: 'green' },
  optimizationStrategy: 'memory',
  hotCompile: undefined,
  hotReloadBuild: undefined,
  customizedParam: undefined
}
[2026-08-11T15:33:01.751] [DEBUG] debug-file - Cache service initialization finished in 7 ms 
[2026-08-11T15:33:01.752] [DEBUG] debug-file - hvigorfile, resolving /Users/pange/Codes/genfee/worker-bee-atomic-service/hvigorfile.ts
[2026-08-11T15:33:01.772] [DEBUG] debug-file - hvigorfile, require result:  { default: {} }
[2026-08-11T15:33:01.772] [DEBUG] debug-file - hvigorfile, binding system plugins null
[2026-08-11T15:33:01.772] [DEBUG] debug-file - Starting plugin build process
[2026-08-11T15:33:01.772] [DEBUG] debug-file - App plugin prepare start...
[2026-08-11T15:33:01.773] [DEBUG] debug-file - App plugin prepare end...
[2026-08-11T15:33:01.773] [DEBUG] debug-file - App plugin creating...
[2026-08-11T15:33:01.777] [DEBUG] debug-file - App plugin register hook start...
[2026-08-11T15:33:01.777] [DEBUG] debug-file - App plugin register hook end...
[2026-08-11T15:33:01.777] [DEBUG] debug-file - Plugin build process completed
[2026-08-11T15:33:01.777] [DEBUG] debug-file - Start initialize project's product build option map with build mode debug.
[2026-08-11T15:33:01.777] [DEBUG] debug-file - Picking option from product 'default' with build mode 'debug'.
[2026-08-11T15:33:01.777] [DEBUG] debug-file - Product 'default' build option initialized
[2026-08-11T15:33:01.777] [DEBUG] debug-file - End initialize project's product build option map with build mode 'debug'.
[2026-08-11T15:33:01.777] [DEBUG] debug-file - Obtain build option for product 'default'in this build.
[2026-08-11T15:33:01.778] [DEBUG] debug-file - /Users/pange/Codes/genfee/worker-bee-atomic-service/build/cache/default/remote_hsp/remoteHspCache.json not exists.
[2026-08-11T15:33:01.779] [DEBUG] debug-file - Start recording SDK configuration permission data.
[2026-08-11T15:33:01.804] [DEBUG] debug-file - Sdk init in 26 ms 
[2026-08-11T15:33:01.807] [DEBUG] debug-file - Project task initialization takes 2 ms 
[2026-08-11T15:33:01.807] [DEBUG] debug-file - hvigorfile, begin to bind custom plugins...
[2026-08-11T15:33:01.807] [DEBUG] debug-file - hvigorfile, no custom plugins were found in /Users/pange/Codes/genfee/worker-bee-atomic-service/hvigorfile.ts
[2026-08-11T15:33:01.807] [DEBUG] debug-file - hvigorfile, resolve finished /Users/pange/Codes/genfee/worker-bee-atomic-service/hvigorfile.ts
[2026-08-11T15:33:01.807] [DEBUG] debug-file - hvigorfile, resolving /Users/pange/Codes/genfee/worker-bee-atomic-service/entry/hvigorfile.ts
[2026-08-11T15:33:01.810] [DEBUG] debug-file - hvigorfile, require result:  { default: {} }
[2026-08-11T15:33:01.810] [DEBUG] debug-file - hvigorfile, binding system plugins null
[2026-08-11T15:33:01.811] [DEBUG] debug-file - Starting plugin build process
[2026-08-11T15:33:01.811] [DEBUG] debug-file - Hap plugin creating...
[2026-08-11T15:33:01.811] [DEBUG] debug-file - failed to load cangjie to dynamically generate schemas: Error: Cannot find module '@ohos/cangjie-build-support/index'
Require stack:
- /Applications/DevEco-Studio.app/Contents/tools/hvigor/hvigor-ohos-plugin/src/plugin/hooks/cangjie-register.js
- /Applications/DevEco-Studio.app/Contents/tools/hvigor/hvigor-ohos-plugin/src/plugin/strategy/stage-init-strategy.js
- /Applications/DevEco-Studio.app/Contents/tools/hvigor/hvigor-ohos-plugin/src/plugin/builder/abstract-plugin-builder.js
- /Applications/DevEco-Studio.app/Contents/tools/hvigor/hvigor-ohos-plugin/src/plugin/builder/app-plugin-builder.js
- /Applications/DevEco-Studio.app/Contents/tools/hvigor/hvigor-ohos-plugin/src/plugin/factory/plugin-factory.js
- /Applications/DevEco-Studio.app/Contents/tools/hvigor/hvigor-ohos-plugin/index.js
- /Users/pange/Codes/genfee/worker-bee-atomic-service/hvigorfile.ts
- /Applications/DevEco-Studio.app/Contents/tools/hvigor/hvigor/src/base/internal/lifecycle/configuration.js
- /Applications/DevEco-Studio.app/Contents/tools/hvigor/hvigor/src/base/boot/index.js
- /Applications/DevEco-Studio.app/Contents/tools/hvigor/hvigor/src/base/daemon/cluster/worker-process-lifecycle.js
- /Applications/DevEco-Studio.app/Contents/tools/hvigor/hvigor/src/base/daemon/process/daemon-process-boot-script.js
[2026-08-11T15:33:01.812] [DEBUG] debug-file - Start initialize module-target build option map, moduleName=entry, buildMode=debug
[2026-08-11T15:33:01.812] [DEBUG] debug-file - Target 'default' config initialized
[2026-08-11T15:33:01.812] [DEBUG] debug-file - Module 'entry' target 'default' build option initialized
[2026-08-11T15:33:01.813] [DEBUG] debug-file - End initialize module-target build option map, moduleName=entry
[2026-08-11T15:33:01.813] [DEBUG] debug-file - Start initialize module-target build option map, moduleName=entry, buildMode=release
[2026-08-11T15:33:01.813] [DEBUG] debug-file - Target 'default' config initialized
[2026-08-11T15:33:01.813] [DEBUG] debug-file - Module 'entry' target 'default' build option initialized
[2026-08-11T15:33:01.813] [DEBUG] debug-file - End initialize module-target build option map, moduleName=entry
[2026-08-11T15:33:01.813] [DEBUG] debug-file - Start initialize module-target build option map, moduleName=entry, buildMode=debug
[2026-08-11T15:33:01.813] [DEBUG] debug-file - Target 'default' config initialized
[2026-08-11T15:33:01.813] [DEBUG] debug-file - Module 'entry' target 'default' build option initialized
[2026-08-11T15:33:01.813] [DEBUG] debug-file - End initialize module-target build option map, moduleName=entry
[2026-08-11T15:33:01.813] [DEBUG] debug-file - Obtain build option for module 'entry' target 'default'in this build.
[2026-08-11T15:33:01.814] [DEBUG] debug-file - Module entry task initialization takes 1 ms 
[2026-08-11T15:33:01.814] [DEBUG] debug-file - Hap plugin register hook start...
[2026-08-11T15:33:01.814] [DEBUG] debug-file - Hap plugin register hook end...
[2026-08-11T15:33:01.814] [DEBUG] debug-file - Plugin build process completed
[2026-08-11T15:33:01.814] [DEBUG] debug-file - hvigorfile, begin to bind custom plugins...
[2026-08-11T15:33:01.814] [DEBUG] debug-file - hvigorfile, no custom plugins were found in /Users/pange/Codes/genfee/worker-bee-atomic-service/entry/hvigorfile.ts
[2026-08-11T15:33:01.814] [DEBUG] debug-file - hvigorfile, resolve finished /Users/pange/Codes/genfee/worker-bee-atomic-service/entry/hvigorfile.ts
[2026-08-11T15:33:01.872] [DEBUG] debug-file - hvigorfile, resolve hvigorfile dependencies in 58 ms 
[2026-08-11T15:33:01.872] [DEBUG] debug-file - project has submodules:entry
[2026-08-11T15:33:01.873] [DEBUG] debug-file - start to load updatedOhPackageInfo to the disk
[2026-08-11T15:33:01.874] [DEBUG] debug-file - load to the disk finished
[2026-08-11T15:33:01.874] [DEBUG] debug-file - Start to initialize dependency information.
[2026-08-11T15:33:01.875] [DEBUG] debug-file - Module worker-bee-atomic-service Collected Dependency: 
[2026-08-11T15:33:01.875] [DEBUG] debug-file - Module worker-bee-atomic-service's total dependency: 0
[2026-08-11T15:33:01.875] [DEBUG] debug-file - Start to initialize dependency information.
[2026-08-11T15:33:01.876] [DEBUG] debug-file - Module entry Collected Dependency: 
[2026-08-11T15:33:01.876] [DEBUG] debug-file - Module entry's total dependency: 0
[2026-08-11T15:33:01.876] [DEBUG] debug-file - Configuration phase cost:125 ms 
[2026-08-11T15:33:01.877] [DEBUG] debug-file - Configuration task cost before running: 136 ms 
[2026-08-11T15:33:01.878] [DEBUG] debug-file - Executing task :entry:default@PreBuild
[2026-08-11T15:33:01.878] [WARN] debug-file - The project has not explicitly set the 'targetSdkVersion' version at build-profile.json5. It is recommended to configure it. Reference: https://developer.huawei.com/consumer/cn/doc/harmonyos-guides/ide-hvigor-build-profile-app#section45865492619
[2026-08-11T15:33:01.880] [DEBUG] debug-file - Task 'entry:default@PreBuild' cost while wrapping incremental declarations: 1 ms 
[2026-08-11T15:33:01.881] [DEBUG] debug-file - Incremental task entry:default@PreBuild pre-execution cost: 1 ms .
[2026-08-11T15:33:01.881] [DEBUG] debug-file - entry : default@PreBuild cost memory 0.504669189453125
[2026-08-11T15:33:01.881] [INFO] debug-file - UP-TO-DATE :entry:default@PreBuild...  
[2026-08-11T15:33:01.881] [DEBUG] debug-file - Executing task :entry:default@CreateModuleInfo
[2026-08-11T15:33:01.882] [DEBUG] debug-file - Task 'entry:default@CreateModuleInfo' cost while wrapping incremental declarations: 1 ms 
[2026-08-11T15:33:01.882] [DEBUG] debug-file - entry : default@CreateModuleInfo cost memory 0.0400238037109375
[2026-08-11T15:33:01.882] [DEBUG] debug-file - runTaskFromQueue task cost before running: 141 ms 
[2026-08-11T15:33:01.882] [INFO] debug-file - Finished :entry:default@CreateModuleInfo... after 1 ms 
[2026-08-11T15:33:01.882] [DEBUG] debug-file - Executing task :entry:default@GenerateMetadata
[2026-08-11T15:33:01.882] [DEBUG] debug-file - Task 'entry:default@GenerateMetadata' cost while wrapping incremental declarations: 1 ms 
[2026-08-11T15:33:01.882] [DEBUG] debug-file - Incremental task entry:default@GenerateMetadata pre-execution cost: 1 ms .
[2026-08-11T15:33:01.883] [DEBUG] debug-file - entry : default@GenerateMetadata cost memory 0.07619476318359375
[2026-08-11T15:33:01.883] [INFO] debug-file - UP-TO-DATE :entry:default@GenerateMetadata...  
[2026-08-11T15:33:01.883] [DEBUG] debug-file - Executing task :entry:default@ConfigureCmake
[2026-08-11T15:33:01.883] [DEBUG] debug-file - entry : default@ConfigureCmake cost memory 0.01446533203125
[2026-08-11T15:33:01.883] [DEBUG] debug-file - runTaskFromQueue task cost before running: 142 ms 
[2026-08-11T15:33:01.883] [INFO] debug-file - Finished :entry:default@ConfigureCmake... after 1 ms 
[2026-08-11T15:33:01.883] [DEBUG] debug-file - Executing task :entry:default@MergeProfile
[2026-08-11T15:33:01.883] [DEBUG] debug-file - Task 'entry:default@MergeProfile' cost while wrapping incremental declarations: 1 ms 
[2026-08-11T15:33:01.884] [DEBUG] debug-file - Incremental task entry:default@MergeProfile pre-execution cost: 1 ms .
[2026-08-11T15:33:01.884] [DEBUG] debug-file - entry : default@MergeProfile cost memory 0.10602569580078125
[2026-08-11T15:33:01.884] [INFO] debug-file - UP-TO-DATE :entry:default@MergeProfile...  
[2026-08-11T15:33:01.884] [DEBUG] debug-file - Executing task :entry:default@CreateBuildProfile
[2026-08-11T15:33:01.884] [DEBUG] debug-file - Task 'entry:default@CreateBuildProfile' cost while wrapping incremental declarations: 1 ms 
[2026-08-11T15:33:01.884] [DEBUG] debug-file - Incremental task entry:default@CreateBuildProfile pre-execution cost: 1 ms .
[2026-08-11T15:33:01.884] [DEBUG] debug-file - entry : default@CreateBuildProfile cost memory 0.09033966064453125
[2026-08-11T15:33:01.884] [INFO] debug-file - UP-TO-DATE :entry:default@CreateBuildProfile...  
[2026-08-11T15:33:01.884] [DEBUG] debug-file - Executing task :entry:default@PreCheckSyscap
[2026-08-11T15:33:01.885] [DEBUG] debug-file - entry : default@PreCheckSyscap cost memory 0.01468658447265625
[2026-08-11T15:33:01.885] [DEBUG] debug-file - runTaskFromQueue task cost before running: 144 ms 
[2026-08-11T15:33:01.885] [INFO] debug-file - Finished :entry:default@PreCheckSyscap... after 1 ms 
[2026-08-11T15:33:01.885] [DEBUG] debug-file - Executing task :entry:default@GeneratePkgContextInfo
[2026-08-11T15:33:01.886] [DEBUG] debug-file - Task 'entry:default@GeneratePkgContextInfo' cost while wrapping incremental declarations: 1 ms 
[2026-08-11T15:33:01.886] [DEBUG] debug-file - entry : default@GeneratePkgContextInfo cost memory 0.22074127197265625
[2026-08-11T15:33:01.886] [DEBUG] debug-file - runTaskFromQueue task cost before running: 146 ms 
[2026-08-11T15:33:01.886] [INFO] debug-file - Finished :entry:default@GeneratePkgContextInfo... after 2 ms 
[2026-08-11T15:33:01.887] [DEBUG] debug-file - Executing task :entry:default@GeneratePkgSdkInfo
[2026-08-11T15:33:01.888] [DEBUG] debug-file - Task 'entry:default@GeneratePkgSdkInfo' cost while wrapping incremental declarations: 1 ms 
[2026-08-11T15:33:01.889] [DEBUG] debug-file - Incremental task entry:default@GeneratePkgSdkInfo pre-execution cost: 1 ms .
[2026-08-11T15:33:01.889] [DEBUG] debug-file - entry : default@GeneratePkgSdkInfo cost memory -3.3410415649414062
[2026-08-11T15:33:01.889] [INFO] debug-file - UP-TO-DATE :entry:default@GeneratePkgSdkInfo...  
[2026-08-11T15:33:01.889] [DEBUG] debug-file - Executing task :entry:default@ProcessIntegratedHsp
[2026-08-11T15:33:01.889] [DEBUG] debug-file - entry:default@ProcessIntegratedHsp is not up-to-date, since the output file '/Users/pange/Codes/genfee/worker-bee-atomic-service/build/cache/default/integrated_hsp/integratedHspCache.json' does not exist.
[2026-08-11T15:33:01.889] [DEBUG] debug-file - Incremental task entry:default@ProcessIntegratedHsp pre-execution cost: 1 ms .
[2026-08-11T15:33:01.889] [DEBUG] debug-file - entry : default@ProcessIntegratedHsp cost memory 0.05706024169921875
[2026-08-11T15:33:01.890] [DEBUG] debug-file - runTaskFromQueue task cost before running: 149 ms 
[2026-08-11T15:33:01.890] [INFO] debug-file - Finished :entry:default@ProcessIntegratedHsp... after 1 ms 
[2026-08-11T15:33:01.890] [DEBUG] debug-file - Executing task :entry:default@BuildNativeWithCmake
[2026-08-11T15:33:01.890] [DEBUG] debug-file - entry : default@BuildNativeWithCmake cost memory 0.0144805908203125
[2026-08-11T15:33:01.890] [DEBUG] debug-file - runTaskFromQueue task cost before running: 149 ms 
[2026-08-11T15:33:01.890] [INFO] debug-file - Finished :entry:default@BuildNativeWithCmake... after 1 ms 
[2026-08-11T15:33:01.890] [DEBUG] debug-file - Executing task :entry:default@MakePackInfo
[2026-08-11T15:33:01.890] [DEBUG] debug-file - Incremental task entry:default@MakePackInfo pre-execution cost: 1 ms .
[2026-08-11T15:33:01.890] [DEBUG] debug-file - entry : default@MakePackInfo cost memory 0.0902557373046875
[2026-08-11T15:33:01.891] [INFO] debug-file - UP-TO-DATE :entry:default@MakePackInfo...  
[2026-08-11T15:33:01.891] [DEBUG] debug-file - Executing task :entry:default@SyscapTransform
[2026-08-11T15:33:01.891] [DEBUG] debug-file - File: '/Users/pange/Codes/genfee/worker-bee-atomic-service/entry/src/main/syscap.json' from 'sysCapJsonPath' is not exists, just ignore.
[2026-08-11T15:33:01.891] [DEBUG] debug-file - Task 'entry:default@SyscapTransform' cost while wrapping incremental declarations: 1 ms 
[2026-08-11T15:33:01.891] [DEBUG] debug-file - entry:default@SyscapTransform is not up-to-date, since the output file '/Users/pange/Codes/genfee/worker-bee-atomic-service/entry/build/default/intermediates/syscap/default/rpcid.sc' does not exist.
[2026-08-11T15:33:01.891] [DEBUG] debug-file - Incremental task entry:default@SyscapTransform pre-execution cost: 1 ms .
[2026-08-11T15:33:01.891] [DEBUG] debug-file - entry : default@SyscapTransform cost memory 0.10550689697265625
[2026-08-11T15:33:01.891] [DEBUG] debug-file - runTaskFromQueue task cost before running: 151 ms 
[2026-08-11T15:33:01.891] [INFO] debug-file - Finished :entry:default@SyscapTransform... after 1 ms 
[2026-08-11T15:33:01.892] [DEBUG] debug-file - Executing task :entry:default@ProcessProfile
[2026-08-11T15:33:01.892] [DEBUG] debug-file - Task 'entry:default@ProcessProfile' cost while wrapping incremental declarations: 1 ms 
[2026-08-11T15:33:01.893] [DEBUG] debug-file - Incremental task entry:default@ProcessProfile pre-execution cost: 1 ms .
[2026-08-11T15:33:01.893] [DEBUG] debug-file - entry : default@ProcessProfile cost memory 0.10642242431640625
[2026-08-11T15:33:01.893] [INFO] debug-file - UP-TO-DATE :entry:default@ProcessProfile...  
[2026-08-11T15:33:01.893] [DEBUG] debug-file - Executing task :entry:default@ProcessRouterMap
[2026-08-11T15:33:01.894] [DEBUG] debug-file - Incremental task entry:default@ProcessRouterMap pre-execution cost: 1 ms .
[2026-08-11T15:33:01.894] [DEBUG] debug-file - entry : default@ProcessRouterMap cost memory 0.1049346923828125
[2026-08-11T15:33:01.894] [INFO] debug-file - UP-TO-DATE :entry:default@ProcessRouterMap...  
[2026-08-11T15:33:01.894] [DEBUG] debug-file - Executing task :entry:default@ProcessShareConfig
[2026-08-11T15:33:01.894] [DEBUG] debug-file - Incremental task entry:default@ProcessShareConfig pre-execution cost: 1 ms .
[2026-08-11T15:33:01.895] [DEBUG] debug-file - entry : default@ProcessShareConfig cost memory 0.08734130859375
[2026-08-11T15:33:01.895] [INFO] debug-file - UP-TO-DATE :entry:default@ProcessShareConfig...  
[2026-08-11T15:33:01.895] [DEBUG] debug-file - Executing task :entry:default@ProcessStartupConfig
[2026-08-11T15:33:01.895] [DEBUG] debug-file - Task 'entry:default@ProcessStartupConfig' cost while wrapping incremental declarations: 1 ms 
[2026-08-11T15:33:01.895] [DEBUG] debug-file - entry:default@ProcessStartupConfig is not up-to-date, since the output file '/Users/pange/Codes/genfee/worker-bee-atomic-service/entry/build/default/intermediates/startup/default/startup_config.json' does not exist.
[2026-08-11T15:33:01.895] [DEBUG] debug-file - Incremental task entry:default@ProcessStartupConfig pre-execution cost: 1 ms .
[2026-08-11T15:33:01.895] [DEBUG] debug-file - entry : default@ProcessStartupConfig cost memory 0.0867156982421875
[2026-08-11T15:33:01.895] [DEBUG] debug-file - runTaskFromQueue task cost before running: 155 ms 
[2026-08-11T15:33:01.895] [INFO] debug-file - Finished :entry:default@ProcessStartupConfig... after 1 ms 
[2026-08-11T15:33:01.895] [DEBUG] debug-file - Executing task :entry:default@BuildNativeWithNinja
[2026-08-11T15:33:01.896] [DEBUG] debug-file - entry : default@BuildNativeWithNinja cost memory 0.01995849609375
[2026-08-11T15:33:01.896] [DEBUG] debug-file - runTaskFromQueue task cost before running: 155 ms 
[2026-08-11T15:33:01.896] [INFO] debug-file - Finished :entry:default@BuildNativeWithNinja... after 1 ms 
[2026-08-11T15:33:01.896] [DEBUG] debug-file - restool module names: entry; moduleName=entry, taskName=default@ProcessResource
[2026-08-11T15:33:01.897] [DEBUG] debug-file - Executing task :entry:default@ProcessResource
[2026-08-11T15:33:01.897] [DEBUG] debug-file - Task 'entry:default@ProcessResource' cost while wrapping incremental declarations: 1 ms 
[2026-08-11T15:33:01.897] [DEBUG] debug-file - Incremental task entry:default@ProcessResource pre-execution cost: 1 ms .
[2026-08-11T15:33:01.897] [DEBUG] debug-file - entry : default@ProcessResource cost memory 0.12453460693359375
[2026-08-11T15:33:01.897] [INFO] debug-file - UP-TO-DATE :entry:default@ProcessResource...  
[2026-08-11T15:33:01.898] [DEBUG] debug-file - Executing task :entry:default@GenerateLoaderJson
[2026-08-11T15:33:01.898] [DEBUG] debug-file - Task 'entry:default@GenerateLoaderJson' cost while wrapping incremental declarations: 1 ms 
[2026-08-11T15:33:01.899] [DEBUG] debug-file - Incremental task entry:default@GenerateLoaderJson pre-execution cost: 1 ms .
[2026-08-11T15:33:01.899] [DEBUG] debug-file - entry : default@GenerateLoaderJson cost memory 0.3864288330078125
[2026-08-11T15:33:01.900] [INFO] debug-file - UP-TO-DATE :entry:default@GenerateLoaderJson...  
[2026-08-11T15:33:01.900] [DEBUG] debug-file - Executing task :entry:default@ProcessLibs
[2026-08-11T15:33:01.901] [DEBUG] debug-file - entry : default@ProcessLibs cost memory 0.05106353759765625
[2026-08-11T15:33:01.901] [DEBUG] debug-file - runTaskFromQueue task cost before running: 160 ms 
[2026-08-11T15:33:01.901] [INFO] debug-file - Finished :entry:default@ProcessLibs... after 1 ms 
[2026-08-11T15:33:01.901] [DEBUG] debug-file - restool module names: entry; moduleName=entry, taskName=default@CompileResource
[2026-08-11T15:33:01.901] [DEBUG] debug-file - Executing task :entry:default@CompileResource
[2026-08-11T15:33:01.904] [DEBUG] debug-file - Incremental task entry:default@CompileResource pre-execution cost: 2 ms .
[2026-08-11T15:33:01.904] [DEBUG] debug-file - entry : default@CompileResource cost memory 0.405242919921875
[2026-08-11T15:33:01.905] [INFO] debug-file - UP-TO-DATE :entry:default@CompileResource...  
[2026-08-11T15:33:01.905] [DEBUG] debug-file - Executing task :entry:default@DoNativeStrip
[2026-08-11T15:33:01.905] [DEBUG] debug-file - File: '/Users/pange/Codes/genfee/worker-bee-atomic-service/entry/build/default/intermediates/binxo/default' from 'doBinxoNativeLibs' is not exists, just ignore.
[2026-08-11T15:33:01.905] [DEBUG] debug-file - Task 'entry:default@DoNativeStrip' cost while wrapping incremental declarations: 1 ms 
[2026-08-11T15:33:01.906] [DEBUG] debug-file - Incremental task entry:default@DoNativeStrip pre-execution cost: 1 ms .
[2026-08-11T15:33:01.906] [DEBUG] debug-file - entry : default@DoNativeStrip cost memory 0.07675933837890625
[2026-08-11T15:33:01.906] [INFO] debug-file - UP-TO-DATE :entry:default@DoNativeStrip...  
[2026-08-11T15:33:01.907] [DEBUG] debug-file - Executing task :entry:default@CompileArkTS
[2026-08-11T15:33:01.908] [DEBUG] debug-file - obfuscationOptions: undefined
[2026-08-11T15:33:01.908] [DEBUG] debug-file - Task 'entry:default@CompileArkTS' cost while wrapping incremental declarations: 1 ms 
[2026-08-11T15:33:01.913] [DEBUG] debug-file - build config:
[2026-08-11T15:33:01.913] [DEBUG] debug-file - {
  moduleType: 'entry',
  perf: 0,
  targetName: '.default',
  packageManagerType: 'ohpm',
  localPropertiesPath: '/Users/pange/Codes/genfee/worker-bee-atomic-service/local.properties',
  isPreview: false,
  isOhosTest: false,
  isLocalTest: false,
  buildMode: 'Debug',
  hotReloadBuild: undefined,
  watchMode: 'false',
  aceProfilePath: '/Users/pange/Codes/genfee/worker-bee-atomic-service/entry/build/default/intermediates/res/default/resources/base/profile',
  etsLoaderPath: '/Applications/DevEco-Studio.app/Contents/sdk/default/openharmony/ets/build-tools/ets-loader',
  modulePath: '/Users/pange/Codes/genfee/worker-bee-atomic-service/entry',
  testFrameworkPar: {
    testMode: undefined,
    coveragePathFilter: undefined,
    coverageMode: undefined
  },
  needCoverageInsert: false,
  debugLine: false,
  projectTopDir: '/Users/pange/Codes/genfee/worker-bee-atomic-service',
  compileSdkVersion: 24,
  compatibleSdkVersion: 12,
  originCompatibleSdkVersion: '5.0.0(12)',
  compatibleSdkVersionStage: 'beta1',
  bundleName: 'c***7',
  etsLoaderVersion: '6.1.1.125',
  etsLoaderReleaseType: 'Release',
  aotCompileMode: 'type',
  apPath: '/Users/pange/Codes/genfee/worker-bee-atomic-service/entry/modules.ap',
  entryModuleName: 'entry',
  entryModuleVersion: '1.0.0',
  entryPackageName: 'entry',
  allModuleNameHash: 'b6b811d2f71314b7490cc7ab3d975985978821104ce9c72f43777df40513d96d',
  externalApiPaths: [ '/Applications/DevEco-Studio.app/Contents/sdk/default/hms/ets' ],
  compilerTypes: [],
  isCrossplatform: false,
  hvigorPluginFile: undefined,
  compilePluginPath: undefined,
  buildGeneratedProfilePath: '/Users/pange/Codes/genfee/worker-bee-atomic-service/entry/build/default/generated/profile/default',
  bundleType: 'atomicService',
  arkTSVersion: undefined,
  apiVersion: 24,
  needCompleteSourcesMap: false,
  isFaMode: false,
  buildDir: '/Users/pange/Codes/genfee/worker-bee-atomic-service/entry/build',
  deviceTypes: [ 'phone', 'tablet' ],
  pkgContextInfo: undefined,
  ohPackagePathMap: {},
  dependencyAliasMap: {},
  permission: { requestPermissions: [ [Object] ], definePermissions: undefined },
  useGetCurrentBundleName: false,
  projectArkOption: undefined,
  sourceMapDir: undefined,
  branchElimination: false,
  transformLib: undefined,
  tsImportSendable: false,
  resolveConflictMode: true,
  depName2RootPath: {},
  depName2DepInfo: {},
  depName2OhExports: {},
  rootPathSet: [ '/Users/pange/Codes/genfee/worker-bee-atomic-service' ],
  useNativeResolver: true,
  shouldEmitJs: true,
  useTscResolve: false,
  singleFileEmit: false,
  userProjectConfig: {
    autoLazyImport: false,
    allowEmptyBundleName: false,
    reExportCheckMode: 'noCheck',
    executionMode: 'memory',
    usePathPlaceholder: false,
    writeRollupCache: true,
    isExpandImportEnabled: false,
    expandImportExclude: '',
    lazyImportExclude: '',
    lazyImportInclude: '',
    ignoreCrossplatformCheck: false,
    isHarDeduplicateEnabled: false,
    skipOhModulesLint: false,
    enableStrictCheckOHModule: false,
    disableSendableCheckRules: [],
    useDeclarationFileSignature: false,
    customizedOptions: undefined,
    integratedHsp: false,
    isPreloadSoEnabled: false
  },
  executionMode: 'memory',
  arkCompileCachePath: '/Users/pange/Codes/genfee/worker-bee-atomic-service/entry/build/default/cache/default/default@CompileArkTS/esmodule',
  autoLazyFilter: undefined,
  isHarDeduplicateEnabled: false,
  intermediateHarDuplicateDirPath: '/Users/pange/Codes/genfee/worker-bee-atomic-service/entry/build/default/intermediates/har_duplicate/default',
  autoLazyImport: false,
  allowEmptyBundleName: false,
  reExportCheckMode: 'noCheck',
  usePathPlaceholder: false,
  writeRollupCache: true,
  isExpandImportEnabled: false,
  expandImportExclude: '',
  lazyImportExclude: '',
  lazyImportInclude: '',
  ignoreCrossplatformCheck: false,
  skipOhModulesLint: false,
  enableStrictCheckOHModule: false,
  disableSendableCheckRules: [],
  useDeclarationFileSignature: false,
  customizedOptions: undefined,
  integratedHsp: false,
  isPreloadSoEnabled: false,
  strictMode: undefined,
  useNormalizedOHMUrl: false,
  caseSensitiveCheck: false,
  strictCheckerOnly: false,
  aceModuleJsonPath: '/Users/pange/Codes/genfee/worker-bee-atomic-service/entry/build/default/intermediates/res/default/ark_module.json',
  appResource: '/Users/pange/Codes/genfee/worker-bee-atomic-service/entry/build/default/intermediates/res/default/ResourceTable.txt',
  rawFileResource: '/Users/pange/Codes/genfee/worker-bee-atomic-service/entry/build/default/intermediates/res/default/resources/rawfile',
  resourceTableHash: '506ce0e8708a79f6b40d6c8e4f650136eb16e8713370ef7716f6ba58e9e43fd6',
  runtimeOS: 'HarmonyOS',
  sdkInfo: 'false:24:6.1.1.125:Release',
  aceModuleRoot: '/Users/pange/Codes/genfee/worker-bee-atomic-service/entry/src/main/ets',
  compileMode: 'esmodule',
  aceSuperVisualPath: '/Users/pange/Codes/genfee/worker-bee-atomic-service/entry/src/main/supervisual',
  aceBuildJson: '/Users/pange/Codes/genfee/worker-bee-atomic-service/entry/build/default/intermediates/loader/default/loader.json',
  cachePath: '/Users/pange/Codes/genfee/worker-bee-atomic-service/entry/build/default/cache/default/default@CompileArkTS/esmodule/debug',
  aceModuleBuild: '/Users/pange/Codes/genfee/worker-bee-atomic-service/entry/build/default/intermediates/loader_out/default/ets',
  supportChunks: true,
  declaredFilesPath: undefined,
  shouldCollectDirectImportees: false,
  isByteCodeHarOptimize: false,
  expandImportPath: undefined,
  resourceTableTs: '/Users/pange/Codes/genfee/worker-bee-atomic-service/entry/build/default/generated/r/default/ResourceTable.ts',
  moduleMetaInfoFiles: [
    {
      filePath: '/Users/pange/Codes/genfee/worker-bee-atomic-service/entry/build/default/generated/r/default/ResourceTable.ts',
      ohmurl: 'com.atomicservice.6917611690461753557/entry/build/generated/r/ResourceTable'
    }
  ],
  pkgNameToPkgBriefInfo: {
    entry: {
      pkgRoot: '/Users/pange/Codes/genfee/worker-bee-atomic-service/entry',
      originalSourceRoots: undefined,
      sourceRoots: [Array],
      pkgName: 'entry'
    }
  },
  projectModel: {
    '/Users/pange/Codes/genfee/worker-bee-atomic-service/entry/src/main': {
      moduleName: 'entry',
      modulePkgPath: '/Users/pange/Codes/genfee/worker-bee-atomic-service/entry',
      belongProjectPath: '/Users/pange/Codes/genfee/worker-bee-atomic-service'
    },
    '/Users/pange/Codes/genfee/worker-bee-atomic-service/entry': {
      moduleName: 'entry',
      modulePkgPath: '/Users/pange/Codes/genfee/worker-bee-atomic-service/entry',
      belongProjectPath: '/Users/pange/Codes/genfee/worker-bee-atomic-service'
    },
    '/Users/pange/Codes/genfee/worker-bee-atomic-service': {
      moduleName: 'worker-bee-atomic-service',
      modulePkgPath: '/Users/pange/Codes/genfee/worker-bee-atomic-service',
      belongProjectPath: '/Users/pange/Codes/genfee/worker-bee-atomic-service'
    }
  },
  pkgJsonFileHash: 'd093999bbf80ff4df7c1e84053d0c2af6caa837eb0ab3d9bdb5b5c7cad72dd5a',
  allModulePaths: [ '/Users/pange/Codes/genfee/worker-bee-atomic-service/entry' ],
  routerMap: {},
  obfuscationOptions: undefined,
  byteCodeHarToDependencyKeys: undefined,
  compileBlockPkg: [],
  mockParams: {
    decorator: '@MockSetup',
    packageName: '@ohos/hamock',
    etsSourceRootPath: 'src/main/ets',
    mockConfigPath: undefined,
    mockConfigKey2ModuleInfo: {},
    source2ModuleIdMap: {}
  },
  copyCodeResourceEnable: true,
  copyCodeResourceExcludes: [],
  copyCodeResourceIncludes: undefined,
  uiTransformOptimization: false,
  sdkPath: '/Applications/DevEco-Studio.app/Contents/sdk',
  needPreloadSoFileSet: {},
  preloadSoFilePath: '/Users/pange/Codes/genfee/worker-bee-atomic-service/entry/build/default/intermediates/preload/default/preload.json',
  useSourceHash: false,
  localModuleParamMap: {},
  otherPaths: {
    'entry/*': [ '../*', '../../../build/default/generated/profile/default/*' ]
  },
  collectImportersConfig: undefined
}
[2026-08-11T15:33:01.914] [DEBUG] debug-file - Compile arkts with external api path: /Applications/DevEco-Studio.app/Contents/sdk/default/hms/ets
[2026-08-11T15:33:01.915] [DEBUG] debug-file - default@CompileArkTS work[9] is submitted.
[2026-08-11T15:33:01.915] [DEBUG] debug-file - default@CompileArkTS work[9] is pushed to ready queue.
[2026-08-11T15:33:01.915] [DEBUG] debug-file - A work dispatched to worker[9] failed because unable to get work from ready queue.
[2026-08-11T15:33:01.915] [DEBUG] debug-file - A work dispatched to worker[8] failed because unable to get work from ready queue.
[2026-08-11T15:33:01.915] [DEBUG] debug-file - A work dispatched to worker[7] failed because unable to get work from ready queue.
[2026-08-11T15:33:01.915] [DEBUG] debug-file - A work dispatched to worker[6] failed because unable to get work from ready queue.
[2026-08-11T15:33:01.915] [DEBUG] debug-file - A work dispatched to worker[5] failed because unable to get work from ready queue.
[2026-08-11T15:33:01.915] [DEBUG] debug-file - default@CompileArkTS work[9] has been dispatched to worker[4].
[2026-08-11T15:33:01.915] [DEBUG] debug-file - default@CompileArkTS work[9] is dispatched.
[2026-08-11T15:33:01.915] [DEBUG] debug-file - CopyResources startTime: 1319204243922583
[2026-08-11T15:33:01.915] [DEBUG] debug-file - default@CompileArkTS work[10] is submitted.
[2026-08-11T15:33:01.915] [DEBUG] debug-file - default@CompileArkTS work[10] is pushed to ready queue.
[2026-08-11T15:33:01.915] [DEBUG] debug-file - A work dispatched to worker[9] failed because unable to get work from ready queue.
[2026-08-11T15:33:01.915] [DEBUG] debug-file - Create  resident worker with id: 8.
[2026-08-11T15:33:01.916] [DEBUG] debug-file - default@CompileArkTS work[10] has been dispatched to worker[8].
[2026-08-11T15:33:01.916] [DEBUG] debug-file - default@CompileArkTS work[10] is dispatched.
[2026-08-11T15:33:01.916] [DEBUG] debug-file - entry : default@CompileArkTS cost memory -3.4814834594726562
[2026-08-11T15:33:01.916] [DEBUG] debug-file - Executing task :entry:default@BuildJS
[2026-08-11T15:33:01.916] [DEBUG] debug-file - Task 'entry:default@BuildJS' cost while wrapping incremental declarations: 1 ms 
[2026-08-11T15:33:01.917] [DEBUG] debug-file - entry : default@BuildJS cost memory 0.11798095703125
[2026-08-11T15:33:01.917] [DEBUG] debug-file - runTaskFromQueue task cost before running: 176 ms 
[2026-08-11T15:33:01.917] [INFO] debug-file - Finished :entry:default@BuildJS... after 1 ms 
[2026-08-11T15:33:01.917] [DEBUG] debug-file - Executing task :entry:default@CacheNativeLibs
[2026-08-11T15:33:01.917] [DEBUG] debug-file - File: '/Users/pange/Codes/genfee/worker-bee-atomic-service/entry/build/default/intermediates/binxo/default' from 'cacheBinxoNativeLibs' is not exists, just ignore.
[2026-08-11T15:33:01.917] [DEBUG] debug-file - Task 'entry:default@CacheNativeLibs' cost while wrapping incremental declarations: 1 ms 
[2026-08-11T15:33:01.918] [DEBUG] debug-file - Incremental task entry:default@CacheNativeLibs pre-execution cost: 1 ms .
[2026-08-11T15:33:01.918] [DEBUG] debug-file - entry : default@CacheNativeLibs cost memory 0.0897674560546875
[2026-08-11T15:33:01.918] [INFO] debug-file - UP-TO-DATE :entry:default@CacheNativeLibs...  
[2026-08-11T15:33:02.354] [DEBUG] debug-file - worker[8] has one work done.
[2026-08-11T15:33:02.354] [DEBUG] debug-file - CopyResources is end, endTime: 1319204682484750
[2026-08-11T15:33:02.354] [DEBUG] debug-file - default@CompileArkTS work[10] done.
[2026-08-11T15:33:02.354] [DEBUG] debug-file - A work dispatched to worker[8] failed because unable to get work from ready queue.
[2026-08-11T15:33:02.844] [WARN] debug-file - [33mWARN: [33m[33mArkTS:WARN File: /Users/pange/Codes/genfee/worker-bee-atomic-service/entry/src/main/ets/utils/Store.ets:11:19
 Function may throw exceptions. Special handling is required.
[39m[39m
[33mWARN: [33m[33mArkTS:WARN File: /Users/pange/Codes/genfee/worker-bee-atomic-service/entry/src/main/ets/utils/Store.ets:18:12
 Function may throw exceptions. Special handling is required.
[39m[39m
[33mWARN: [33m[33mArkTS:WARN File: /Users/pange/Codes/genfee/worker-bee-atomic-service/entry/src/main/ets/utils/Store.ets:25:5
 Function may throw exceptions. Special handling is required.
[39m[39m
[33mWARN: [33m[33mArkTS:WARN File: /Users/pange/Codes/genfee/worker-bee-atomic-service/entry/src/main/ets/utils/Store.ets:26:5
 Function may throw exceptions. Special handling is required.
[39m[39m
[33mWARN: [33m[33mArkTS:WARN File: /Users/pange/Codes/genfee/worker-bee-atomic-service/entry/src/main/ets/utils/Store.ets:33:12
 Function may throw exceptions. Special handling is required.
[39m[39m
[33mWARN: [33m[33mArkTS:WARN File: /Users/pange/Codes/genfee/worker-bee-atomic-service/entry/src/main/ets/utils/Store.ets:40:5
 Function may throw exceptions. Special handling is required.
[39m[39m
[33mWARN: [33m[33mArkTS:WARN File: /Users/pange/Codes/genfee/worker-bee-atomic-service/entry/src/main/ets/utils/Store.ets:41:5
 Function may throw exceptions. Special handling is required.
[39m[39m
[33mWARN: [33m[33mArkTS:WARN File: /Users/pange/Codes/genfee/worker-bee-atomic-service/entry/src/main/ets/entryability/EntryAbility.ets:18:49
 'px2vp' has been deprecated.
[39m[39m
[33mWARN: [33m[33mArkTS:WARN File: /Users/pange/Codes/genfee/worker-bee-atomic-service/entry/src/main/ets/utils/Dialer.ets:26:5
 Function may throw exceptions. Special handling is required.
[39m[39m
[33mWARN: [33m[33mArkTS:WARN File: /Users/pange/Codes/genfee/worker-bee-atomic-service/entry/src/main/ets/pages/TopicListPage.ets:40:5
 Function may throw exceptions. Special handling is required.
[39m[39m
[33mWARN: [33m[33mArkTS:WARN File: /Users/pange/Codes/genfee/worker-bee-atomic-service/entry/src/main/ets/pages/TopicListPage.ets:54:10
 'getContext' has been deprecated.
[39m[39m
[33mWARN: [33m[33mArkTS:WARN File: /Users/pange/Codes/genfee/worker-bee-atomic-service/entry/src/main/ets/pages/TopicListPage.ets:84:53
 'getContext' has been deprecated.
[39m[39m
[33mWARN: [33m[33mArkTS:WARN File: /Users/pange/Codes/genfee/worker-bee-atomic-service/entry/src/main/ets/pages/TopicListPage.ets:99:9
 Function may throw exceptions. Special handling is required.
[39m[39m
[33mWARN: [33m[33mArkTS:WARN File: /Users/pange/Codes/genfee/worker-bee-atomic-service/entry/src/main/ets/pages/TopicListPage.ets:206:32
 'pushUrl' has been deprecated.
[39m[39m
[33mWARN: [33m[33mArkTS:WARN File: /Users/pange/Codes/genfee/worker-bee-atomic-service/entry/src/main/ets/pages/TopicDetailPage.ets:17:27
 'getParams' has been deprecated.
[39m[39m
[33mWARN: [33m[33mArkTS:WARN File: /Users/pange/Codes/genfee/worker-bee-atomic-service/entry/src/main/ets/pages/TopicDetailPage.ets:30:7
 Function may throw exceptions. Special handling is required.
[39m[39m

[2026-08-11T15:33:02.844] [DEBUG] debug-file - Ark compile task finished.finished time is 1319205172420583
[2026-08-11T15:33:02.844] [DEBUG] debug-file - worker[4] has one work done.
[2026-08-11T15:33:02.845] [DEBUG] debug-file - default@CompileArkTS work[9] done.
[2026-08-11T15:33:02.845] [DEBUG] debug-file - A work dispatched to worker[4] failed because unable to get work from ready queue.
[2026-08-11T15:33:02.846] [INFO] debug-file - Finished :entry:default@CompileArkTS... after 930 ms 
[2026-08-11T15:33:02.847] [DEBUG] debug-file - Executing task :entry:default@GeneratePkgModuleJson
[2026-08-11T15:33:02.847] [DEBUG] debug-file - File: '/Users/pange/Codes/genfee/worker-bee-atomic-service/entry/build/default/intermediates/preload/default/preload.json' from 'preloadSoJsonPath' is not exists, just ignore.
[2026-08-11T15:33:02.847] [DEBUG] debug-file - Error occurs while handling @Input 'shouldDeduplicateHar': The "data" argument must be of type string or an instance of Buffer, TypedArray, or DataView. Received undefined
[2026-08-11T15:33:02.847] [DEBUG] debug-file - Task 'entry:default@GeneratePkgModuleJson' cost while wrapping incremental declarations: 1 ms 
[2026-08-11T15:33:02.848] [DEBUG] debug-file - entry : default@GeneratePkgModuleJson cost memory 0.1363067626953125
[2026-08-11T15:33:02.848] [DEBUG] debug-file - runTaskFromQueue task cost before running: 1 s 107 ms 
[2026-08-11T15:33:02.848] [INFO] debug-file - Finished :entry:default@GeneratePkgModuleJson... after 2 ms 
[2026-08-11T15:33:02.848] [DEBUG] debug-file - Executing task :entry:default@ProcessCompiledResources
[2026-08-11T15:33:02.848] [DEBUG] debug-file - File: '/Users/pange/Codes/genfee/worker-bee-atomic-service/entry/build/default/intermediates/preload/default/preload.json' from 'preloadSoJsonPath' is not exists, just ignore.
[2026-08-11T15:33:02.849] [DEBUG] debug-file - Task 'entry:default@ProcessCompiledResources' cost while wrapping incremental declarations: 1 ms 
[2026-08-11T15:33:02.849] [DEBUG] debug-file - entry : default@ProcessCompiledResources cost memory 0.05645751953125
[2026-08-11T15:33:02.849] [DEBUG] debug-file - runTaskFromQueue task cost before running: 1 s 108 ms 
[2026-08-11T15:33:02.849] [INFO] debug-file - Finished :entry:default@ProcessCompiledResources... after 1 ms 
[2026-08-11T15:33:02.850] [DEBUG] debug-file - Executing task :entry:default@PackageHap
[2026-08-11T15:33:02.851] [DEBUG] debug-file - Use tool [/Applications/DevEco-Studio.app/Contents/sdk/default/openharmony/toolchains/lib/app_packing_tool.jar]
 [
  'java',
  '-Dfile.encoding=utf-8',
  '-jar',
  '/Applications/DevEco-Studio.app/Contents/sdk/default/openharmony/toolchains/lib/app_packing_tool.jar',
  '--mode',
  'hap',
  '--force',
  'true',
  '--lib-path',
  '/Users/pange/Codes/genfee/worker-bee-atomic-service/entry/build/default/intermediates/stripped_native_libs/default',
  '--json-path',
  '/Users/pange/Codes/genfee/worker-bee-atomic-service/entry/build/default/intermediates/package/default/module.json',
  '--resources-path',
  '/Users/pange/Codes/genfee/worker-bee-atomic-service/entry/build/default/intermediates/res/default/resources',
  '--index-path',
  '/Users/pange/Codes/genfee/worker-bee-atomic-service/entry/build/default/intermediates/res/default/resources.index',
  '--pack-info-path',
  '/Users/pange/Codes/genfee/worker-bee-atomic-service/entry/build/default/outputs/default/pack.info',
  '--out-path',
  '/Users/pange/Codes/genfee/worker-bee-atomic-service/entry/build/default/outputs/default/entry-default-unsigned.hap',
  '--ets-path',
  '/Users/pange/Codes/genfee/worker-bee-atomic-service/entry/build/default/intermediates/loader_out/default/ets',
  '--pkg-sdk-info-path',
  '/Users/pange/Codes/genfee/worker-bee-atomic-service/entry/build/default/intermediates/loader/default/pkgSdkInfo.json'
]
[2026-08-11T15:33:02.851] [DEBUG] debug-file - default@PackageHap work[11] is submitted.
[2026-08-11T15:33:02.852] [DEBUG] debug-file - default@PackageHap work[11] is pushed to ready queue.
[2026-08-11T15:33:02.852] [DEBUG] debug-file - A work dispatched to worker[9] failed because unable to get work from ready queue.
[2026-08-11T15:33:02.852] [DEBUG] debug-file - default@PackageHap work[11] has been dispatched to worker[8].
[2026-08-11T15:33:02.852] [DEBUG] debug-file - default@PackageHap work[11] is dispatched.
[2026-08-11T15:33:02.853] [DEBUG] debug-file - entry : default@PackageHap cost memory 0.28766632080078125
[2026-08-11T15:33:02.946] [DEBUG] debug-file - current process  memoryUsage: {
  rss: 537952256,
  heapTotal: 81821696,
  heapUsed: 50151840,
  external: 2227068,
  arrayBuffers: 73614
} os memoryUsage :31.896163940429688
[2026-08-11T15:33:03.331] [DEBUG] debug-file - worker[8] has one work done.
[2026-08-11T15:33:03.331] [DEBUG] debug-file - default@PackageHap work[11] done.
[2026-08-11T15:33:03.331] [DEBUG] debug-file - A work dispatched to worker[8] failed because unable to get work from ready queue.
[2026-08-11T15:33:03.332] [INFO] debug-file - Finished :entry:default@PackageHap... after 391 ms 
[2026-08-11T15:33:03.333] [DEBUG] debug-file - Executing task :entry:default@PackingCheck
[2026-08-11T15:33:03.336] [DEBUG] debug-file - entry : default@PackingCheck cost memory 0.48641204833984375
[2026-08-11T15:33:03.336] [DEBUG] debug-file - runTaskFromQueue task cost before running: 1 s 595 ms 
[2026-08-11T15:33:03.336] [INFO] debug-file - Finished :entry:default@PackingCheck... after 4 ms 
[2026-08-11T15:33:03.336] [DEBUG] debug-file - Executing task :entry:default@SignHap
[2026-08-11T15:33:03.339] [DEBUG] debug-file - java daemon remote sign failed undefined fallback to local java -jar sign
[2026-08-11T15:33:03.340] [ERROR] debug-file - Failed :entry:default@SignHap... 
[2026-08-11T15:33:03.340] [DEBUG] debug-file - hvigor build process will be closed with an error.
[2026-08-11T15:33:03.342] [ERROR] debug-file - [31m00303107 Configuration Error
Error Message: Invalid profile value. Make sure it is not null or empty. The file must be included in '/Users/pange/Codes/genfee/工蜂元应用profileRelease.p7b'. At file: /Users/pange/Codes/genfee/worker-bee-atomic-service/build-profile.json5

* Try the following:
  > Please check signingConfigs in root project file
[39m

[31m* Try:
> Run with --stacktrace option to get the stack trace.
> Run with --debug option to get more log output.

[2026-08-11T15:33:03.342] [DEBUG] debug-file - ERROR: stacktrace = AdaptorError: [31m00303107 Configuration Error
Error Message: Invalid profile value. Make sure it is not null or empty. The file must be included in '/Users/pange/Codes/genfee/工蜂元应用profileRelease.p7b'. At file: /Users/pange/Codes/genfee/worker-bee-atomic-service/build-profile.json5

* Try the following:
  > Please check signingConfigs in root project file
[39m
    at OhosLogger.printErrorExit (/Applications/DevEco-Studio.app/Contents/tools/hvigor/hvigor/src/base/log/hvigor-log.js:1:5087)
    at HapSignCommandBuilder.validateMaterial (/Applications/DevEco-Studio.app/Contents/tools/hvigor/hvigor-ohos-plugin/src/tasks/sign/command-builder-impl/common-sign-command-builder.js:1:2545)
    at HapSignCommandBuilder.checkValidMaterial (/Applications/DevEco-Studio.app/Contents/tools/hvigor/hvigor-ohos-plugin/src/tasks/sign/command-builder-impl/common-sign-command-builder.js:1:2128)
    at HapSignCommandBuilder.getSignCommand (/Applications/DevEco-Studio.app/Contents/tools/hvigor/hvigor-ohos-plugin/src/tasks/sign/command-builder-impl/common-sign-command-builder.js:1:1026)
    at SignUtil.executeSign (/Applications/DevEco-Studio.app/Contents/tools/hvigor/hvigor-ohos-plugin/src/tasks/sign/sign-util.js:1:4163)
    at SignUtil.sign (/Applications/DevEco-Studio.app/Contents/tools/hvigor/hvigor-ohos-plugin/src/tasks/sign/sign-util.js:1:2286)
    at async SignHap.doTaskAction (/Applications/DevEco-Studio.app/Contents/tools/hvigor/hvigor-ohos-plugin/src/tasks/sign-hap.js:1:1743)
    at async SignHap.<anonymous> (/Applications/DevEco-Studio.app/Contents/tools/hvigor/hvigor-ohos-plugin/src/tasks/task/ohos-module-task.js:1:2126)
    at async SignHap.execute (/Applications/DevEco-Studio.app/Contents/tools/hvigor/hvigor/src/base/external/task/core-task-impl.js:1:2258)
    at async TaskProxy.execute (/Applications/DevEco-Studio.app/Contents/tools/hvigor/hvigor/src/base/internal/task/proxy/task-proxy.js:1:6613)
[2026-08-11T15:33:03.342] [ERROR] debug-file - AdaptorError: [31m00303107 Configuration Error
Error Message: Invalid profile value. Make sure it is not null or empty. The file must be included in '/Users/pange/Codes/genfee/工蜂元应用profileRelease.p7b'. At file: /Users/pange/Codes/genfee/worker-bee-atomic-service/build-profile.json5

* Try the following:
  > Please check signingConfigs in root project file
[39m
    at OhosLogger.printErrorExit (/Applications/DevEco-Studio.app/Contents/tools/hvigor/hvigor/src/base/log/hvigor-log.js:1:5087)
    at HapSignCommandBuilder.validateMaterial (/Applications/DevEco-Studio.app/Contents/tools/hvigor/hvigor-ohos-plugin/src/tasks/sign/command-builder-impl/common-sign-command-builder.js:1:2545)
    at HapSignCommandBuilder.checkValidMaterial (/Applications/DevEco-Studio.app/Contents/tools/hvigor/hvigor-ohos-plugin/src/tasks/sign/command-builder-impl/common-sign-command-builder.js:1:2128)
    at HapSignCommandBuilder.getSignCommand (/Applications/DevEco-Studio.app/Contents/tools/hvigor/hvigor-ohos-plugin/src/tasks/sign/command-builder-impl/common-sign-command-builder.js:1:1026)
    at SignUtil.executeSign (/Applications/DevEco-Studio.app/Contents/tools/hvigor/hvigor-ohos-plugin/src/tasks/sign/sign-util.js:1:4163)
    at SignUtil.sign (/Applications/DevEco-Studio.app/Contents/tools/hvigor/hvigor-ohos-plugin/src/tasks/sign/sign-util.js:1:2286)
    at async SignHap.doTaskAction (/Applications/DevEco-Studio.app/Contents/tools/hvigor/hvigor-ohos-plugin/src/tasks/sign-hap.js:1:1743)
    at async SignHap.<anonymous> (/Applications/DevEco-Studio.app/Contents/tools/hvigor/hvigor-ohos-plugin/src/tasks/task/ohos-module-task.js:1:2126)
    at async SignHap.execute (/Applications/DevEco-Studio.app/Contents/tools/hvigor/hvigor/src/base/external/task/core-task-impl.js:1:2258)
    at async TaskProxy.execute (/Applications/DevEco-Studio.app/Contents/tools/hvigor/hvigor/src/base/internal/task/proxy/task-proxy.js:1:6613)
[2026-08-11T15:33:03.343] [ERROR] debug-file - BUILD FAILED in 1 s 602 ms 
[2026-08-11T15:33:03.343] [DEBUG] debug-file - There is no need to refresh cache, since the incremental task entry:default@PreBuild is up-to-date.
[2026-08-11T15:33:03.343] [DEBUG] debug-file - Update task entry:default@CreateModuleInfo output file:/Users/pange/Codes/genfee/worker-bee-atomic-service/entry/build/default/generated/profile/default/ModuleInfo.ts cache.
[2026-08-11T15:33:03.343] [DEBUG] debug-file - Incremental task entry:default@CreateModuleInfo post-execution cost:1 ms .
[2026-08-11T15:33:03.343] [DEBUG] debug-file - There is no need to refresh cache, since the incremental task entry:default@GenerateMetadata is up-to-date.
[2026-08-11T15:33:03.343] [DEBUG] debug-file - There is no need to refresh cache, since the incremental task entry:default@MergeProfile is up-to-date.
[2026-08-11T15:33:03.343] [DEBUG] debug-file - There is no need to refresh cache, since the incremental task entry:default@CreateBuildProfile is up-to-date.
[2026-08-11T15:33:03.343] [DEBUG] debug-file - Update task entry:default@GeneratePkgContextInfo output file:/Users/pange/Codes/genfee/worker-bee-atomic-service/entry/build/default/intermediates/loader/default/pkgContextInfo.json cache.
[2026-08-11T15:33:03.343] [DEBUG] debug-file - Incremental task entry:default@GeneratePkgContextInfo post-execution cost:1 ms .
[2026-08-11T15:33:03.343] [DEBUG] debug-file - There is no need to refresh cache, since the incremental task entry:default@GeneratePkgSdkInfo is up-to-date.
[2026-08-11T15:33:03.343] [DEBUG] debug-file - Update task entry:default@ProcessIntegratedHsp output file:/Users/pange/Codes/genfee/worker-bee-atomic-service/build/cache/default/integrated_hsp/integratedHspCache.json cache.
[2026-08-11T15:33:03.343] [DEBUG] debug-file - Incremental task entry:default@ProcessIntegratedHsp post-execution cost:1 ms .
[2026-08-11T15:33:03.343] [DEBUG] debug-file - There is no need to refresh cache, since the incremental task entry:default@MakePackInfo is up-to-date.
[2026-08-11T15:33:03.343] [DEBUG] debug-file - Update task entry:default@SyscapTransform input file:/Applications/DevEco-Studio.app/Contents/sdk/default/openharmony/toolchains/syscap_tool cache by regenerate.
[2026-08-11T15:33:03.343] [DEBUG] debug-file - Update task entry:default@SyscapTransform input file:/Applications/DevEco-Studio.app/Contents/sdk/default/openharmony/ets/api/device-define cache by regenerate.
[2026-08-11T15:33:03.344] [DEBUG] debug-file - Update task entry:default@SyscapTransform output file:/Users/pange/Codes/genfee/worker-bee-atomic-service/entry/build/default/intermediates/syscap/default/rpcid.sc cache.
[2026-08-11T15:33:03.344] [DEBUG] debug-file - Incremental task entry:default@SyscapTransform post-execution cost:1 ms .
[2026-08-11T15:33:03.344] [DEBUG] debug-file - There is no need to refresh cache, since the incremental task entry:default@ProcessProfile is up-to-date.
[2026-08-11T15:33:03.344] [DEBUG] debug-file - There is no need to refresh cache, since the incremental task entry:default@ProcessRouterMap is up-to-date.
[2026-08-11T15:33:03.344] [DEBUG] debug-file - There is no need to refresh cache, since the incremental task entry:default@ProcessShareConfig is up-to-date.
[2026-08-11T15:33:03.344] [DEBUG] debug-file - Update task entry:default@ProcessStartupConfig output file:/Users/pange/Codes/genfee/worker-bee-atomic-service/entry/build/default/intermediates/startup/default/startup_config.json cache.
[2026-08-11T15:33:03.344] [DEBUG] debug-file - Incremental task entry:default@ProcessStartupConfig post-execution cost:1 ms .
[2026-08-11T15:33:03.344] [DEBUG] debug-file - There is no need to refresh cache, since the incremental task entry:default@ProcessResource is up-to-date.
[2026-08-11T15:33:03.344] [DEBUG] debug-file - There is no need to refresh cache, since the incremental task entry:default@GenerateLoaderJson is up-to-date.
[2026-08-11T15:33:03.344] [DEBUG] debug-file - Update task entry:default@ProcessLibs input file:/Users/pange/Codes/genfee/worker-bee-atomic-service/build-profile.json5 cache by regenerate.
[2026-08-11T15:33:03.344] [DEBUG] debug-file - Update task entry:default@ProcessLibs input file:/Users/pange/Codes/genfee/worker-bee-atomic-service/entry/build-profile.json5 cache by regenerate.
[2026-08-11T15:33:03.344] [DEBUG] debug-file - Update task entry:default@ProcessLibs output file:/Users/pange/Codes/genfee/worker-bee-atomic-service/entry/build/default/intermediates/libs/default cache.
[2026-08-11T15:33:03.344] [DEBUG] debug-file - Incremental task entry:default@ProcessLibs post-execution cost:1 ms .
[2026-08-11T15:33:03.344] [DEBUG] debug-file - There is no need to refresh cache, since the incremental task entry:default@CompileResource is up-to-date.
[2026-08-11T15:33:03.344] [DEBUG] debug-file - There is no need to refresh cache, since the incremental task entry:default@DoNativeStrip is up-to-date.
[2026-08-11T15:33:03.344] [DEBUG] debug-file - Update task entry:default@CompileArkTS input file:/Users/pange/Codes/genfee/worker-bee-atomic-service/entry/build/default/intermediates/loader/default cache by regenerate.
[2026-08-11T15:33:03.344] [DEBUG] debug-file - Update task entry:default@CompileArkTS input file:/Users/pange/Codes/genfee/worker-bee-atomic-service/entry/build/default/intermediates/res/default/ResourceTable.txt cache by regenerate.
[2026-08-11T15:33:03.345] [DEBUG] debug-file - Update task entry:default@CompileArkTS input file:/Users/pange/Codes/genfee/worker-bee-atomic-service/entry/build/default/intermediates/res/default/ark_module.json cache by regenerate.
[2026-08-11T15:33:03.345] [DEBUG] debug-file - Update task entry:default@CompileArkTS input file:/Users/pange/Codes/genfee/worker-bee-atomic-service/entry/build/default/intermediates/res/default/resources/base/profile cache by regenerate.
[2026-08-11T15:33:03.345] [DEBUG] debug-file - Update task entry:default@CompileArkTS input file:/Users/pange/Codes/genfee/worker-bee-atomic-service/entry/src/main/ets cache by regenerate.
[2026-08-11T15:33:03.345] [DEBUG] debug-file - Update task entry:default@CompileArkTS input file:/Users/pange/Codes/genfee/worker-bee-atomic-service/entry/build/default/generated/profile/default/BuildProfile.ets cache by regenerate.
[2026-08-11T15:33:03.345] [DEBUG] debug-file - Update task entry:default@CompileArkTS output file:/Users/pange/Codes/genfee/worker-bee-atomic-service/entry/build/default/intermediates/loader_out/default/ets cache.
[2026-08-11T15:33:03.345] [DEBUG] debug-file - Incremental task entry:default@CompileArkTS post-execution cost:2 ms .
[2026-08-11T15:33:03.346] [DEBUG] debug-file - Update task entry:default@BuildJS input file:/Users/pange/Codes/genfee/worker-bee-atomic-service/entry/build/default/intermediates/loader/default cache by regenerate.
[2026-08-11T15:33:03.346] [DEBUG] debug-file - Update task entry:default@BuildJS input file:/Users/pange/Codes/genfee/worker-bee-atomic-service/entry/build/default/intermediates/res/default/ResourceTable.txt cache by regenerate.
[2026-08-11T15:33:03.346] [DEBUG] debug-file - Update task entry:default@BuildJS input file:/Users/pange/Codes/genfee/worker-bee-atomic-service/entry/build/default/intermediates/res/default/ark_module.json cache by regenerate.
[2026-08-11T15:33:03.346] [DEBUG] debug-file - Update task entry:default@BuildJS input file:/Users/pange/Codes/genfee/worker-bee-atomic-service/entry/build/default/intermediates/res/default/resources/base/profile cache by regenerate.
[2026-08-11T15:33:03.346] [DEBUG] debug-file - Update task entry:default@BuildJS output file:/Users/pange/Codes/genfee/worker-bee-atomic-service/entry/build/default/intermediates/loader_out/default/js cache.
[2026-08-11T15:33:03.346] [DEBUG] debug-file - Incremental task entry:default@BuildJS post-execution cost:1 ms .
[2026-08-11T15:33:03.346] [DEBUG] debug-file - There is no need to refresh cache, since the incremental task entry:default@CacheNativeLibs is up-to-date.
[2026-08-11T15:33:03.346] [DEBUG] debug-file - Update task entry:default@GeneratePkgModuleJson input file:/Users/pange/Codes/genfee/worker-bee-atomic-service/entry/build/default/intermediates/res/default/module.json cache by regenerate.
[2026-08-11T15:33:03.346] [DEBUG] debug-file - Update task entry:default@GeneratePkgModuleJson output file:/Users/pange/Codes/genfee/worker-bee-atomic-service/entry/build/default/intermediates/package/default/module.json cache.
[2026-08-11T15:33:03.346] [DEBUG] debug-file - Incremental task entry:default@GeneratePkgModuleJson post-execution cost:1 ms .
[2026-08-11T15:33:03.346] [DEBUG] debug-file - Incremental task entry:default@ProcessCompiledResources post-execution cost:1 ms .
[2026-08-11T15:33:03.346] [DEBUG] debug-file - Update task entry:default@PackageHap input file:/Users/pange/Codes/genfee/worker-bee-atomic-service/entry/build/default/intermediates/stripped_native_libs/default cache by regenerate.
[2026-08-11T15:33:03.346] [DEBUG] debug-file - Update task entry:default@PackageHap input file:/Users/pange/Codes/genfee/worker-bee-atomic-service/entry/build/default/intermediates/res/default/module.json cache by regenerate.
[2026-08-11T15:33:03.346] [DEBUG] debug-file - Update task entry:default@PackageHap input file:/Users/pange/Codes/genfee/worker-bee-atomic-service/entry/build/default/intermediates/res/default/resources cache by regenerate.
[2026-08-11T15:33:03.346] [DEBUG] debug-file - Update task entry:default@PackageHap input file:/Users/pange/Codes/genfee/worker-bee-atomic-service/entry/build/default/intermediates/res/default/resources.index cache by regenerate.
[2026-08-11T15:33:03.347] [DEBUG] debug-file - Update task entry:default@PackageHap input file:/Users/pange/Codes/genfee/worker-bee-atomic-service/entry/build/default/outputs/default/pack.info cache by regenerate.
[2026-08-11T15:33:03.347] [DEBUG] debug-file - Update task entry:default@PackageHap input file:/Users/pange/Codes/genfee/worker-bee-atomic-service/entry/build/default/intermediates/loader_out/default/ets cache by regenerate.
[2026-08-11T15:33:03.347] [DEBUG] debug-file - Update task entry:default@PackageHap input file:/Users/pange/Codes/genfee/worker-bee-atomic-service/entry/build/default/intermediates/loader/default/pkgSdkInfo.json cache by regenerate.
[2026-08-11T15:33:03.347] [DEBUG] debug-file - Update task entry:default@PackageHap input file:/Users/pange/Codes/genfee/worker-bee-atomic-service/entry/build/default/intermediates/loader_out/default/ets/sourceMaps.map cache by regenerate.
[2026-08-11T15:33:03.347] [DEBUG] debug-file - Update task entry:default@PackageHap input file:/Users/pange/Codes/genfee/worker-bee-atomic-service/entry/build/default/generated/profile/default/BuildProfile.ets cache by regenerate.
[2026-08-11T15:33:03.347] [DEBUG] debug-file - Update task entry:default@PackageHap output file:/Users/pange/Codes/genfee/worker-bee-atomic-service/entry/build/default/outputs/default/entry-default-unsigned.hap cache.
[2026-08-11T15:33:03.347] [DEBUG] debug-file - Update task entry:default@PackageHap output file:/Users/pange/Codes/genfee/worker-bee-atomic-service/entry/build/default/intermediates/source_map/default/sourceMaps.map cache.
[2026-08-11T15:33:03.347] [DEBUG] debug-file - Update task entry:default@PackageHap output file:/Users/pange/Codes/genfee/worker-bee-atomic-service/entry/build/default/outputs/default/mapping/sourceMaps.map cache.
[2026-08-11T15:33:03.347] [DEBUG] debug-file - Incremental task entry:default@PackageHap post-execution cost:1 ms .
[2026-08-11T15:33:03.347] [DEBUG] debug-file - Update task entry:default@SignHap input file:/Users/pange/Codes/genfee/工蜂元服务.cer cache by regenerate.
[2026-08-11T15:33:03.347] [DEBUG] debug-file - Update task entry:default@SignHap input file:/Users/pange/Codes/genfee/genfee.p12 cache by regenerate.
[2026-08-11T15:33:03.347] [DEBUG] debug-file - Update task entry:default@SignHap input file:/Users/pange/Codes/genfee/worker-bee-atomic-service/entry/build/default/outputs/default/entry-default-unsigned.hap cache by regenerate.
[2026-08-11T15:33:03.347] [DEBUG] debug-file - Update task entry:default@SignHap output file:/Users/pange/Codes/genfee/worker-bee-atomic-service/entry/build/default/outputs/default/entry-default-signed.hap cache.
[2026-08-11T15:33:03.347] [DEBUG] debug-file - Incremental task entry:default@SignHap post-execution cost:1 ms .
[2026-08-11T15:33:03.352] [DEBUG] debug-file - Cleanup worker 8.
[2026-08-11T15:33:03.352] [DEBUG] debug-file - Worker 8 has been cleaned up.
[2026-08-11T15:33:03.352] [DEBUG] debug-file - Current idle worker size: 1.
[2026-08-11T15:33:03.352] [DEBUG] debug-file - Current resident worker size: 2.
[2026-08-11T15:33:03.352] [DEBUG] debug-file - hvigor build process will be closed.
[2026-08-11T15:33:03.355] [DEBUG] debug-file - session manager: send message to worker process.
[2026-08-11T15:33:03.355] [DEBUG] debug-file - session manager: send message to worker process.
[2026-08-11T15:33:03.355] [DEBUG] debug-file - watch worker: worker id should be larger than 0. Nothing will be sent to any worker thread.
[2026-08-11T15:33:03.355] [DEBUG] debug-file - watch worker: worker id should be larger than 0. Nothing will be sent to any worker thread.
[2026-08-11T15:33:03.358] [DEBUG] debug-file - worker[8] exits with exit code 1.
[2026-08-11T15:35:05.705] [DEBUG] debug-file - session manager: set active socket. socketId=LUurCU4XDsC-NsXzAAAL
[2026-08-11T15:35:05.708] [DEBUG] debug-file - watch worker: worker id should be larger than 0. Nothing will be sent to any worker thread.
[2026-08-11T15:35:05.711] [DEBUG] debug-file - Workers' log level updated to INFO
[2026-08-11T15:35:05.714] [DEBUG] debug-file - Hvigor init with startParameters:{
  hvigorfileTypeCheck: false,
  parallelExecution: true,
  incrementalExecution: true,
  printStackTrace: false,
  daemon: true,
  analyze: 0,
  logLevel: Level { level: 20000, levelStr: 'INFO', colour: 'green' },
  optimizationStrategy: 'memory',
  hotCompile: undefined,
  hotReloadBuild: undefined,
  customizedParam: undefined
}
[2026-08-11T15:35:05.721] [DEBUG] debug-file - Cache service initialization finished in 8 ms 
[2026-08-11T15:35:05.723] [DEBUG] debug-file - hvigorfile, resolving /Users/pange/Codes/genfee/worker-bee-atomic-service/hvigorfile.ts
[2026-08-11T15:35:05.737] [DEBUG] debug-file - hvigorfile, require result:  { default: {} }
[2026-08-11T15:35:05.737] [DEBUG] debug-file - hvigorfile, binding system plugins null
[2026-08-11T15:35:05.737] [DEBUG] debug-file - Starting plugin build process
[2026-08-11T15:35:05.737] [DEBUG] debug-file - App plugin prepare start...
[2026-08-11T15:35:05.737] [DEBUG] debug-file - App plugin prepare end...
[2026-08-11T15:35:05.737] [DEBUG] debug-file - App plugin creating...
[2026-08-11T15:35:05.742] [DEBUG] debug-file - App plugin register hook start...
[2026-08-11T15:35:05.742] [DEBUG] debug-file - App plugin register hook end...
[2026-08-11T15:35:05.742] [DEBUG] debug-file - Plugin build process completed
[2026-08-11T15:35:05.742] [DEBUG] debug-file - Start initialize project's product build option map with build mode debug.
[2026-08-11T15:35:05.742] [DEBUG] debug-file - Picking option from product 'default' with build mode 'debug'.
[2026-08-11T15:35:05.742] [DEBUG] debug-file - Product 'default' build option initialized
[2026-08-11T15:35:05.742] [DEBUG] debug-file - End initialize project's product build option map with build mode 'debug'.
[2026-08-11T15:35:05.743] [DEBUG] debug-file - Obtain build option for product 'default'in this build.
[2026-08-11T15:35:05.743] [DEBUG] debug-file - /Users/pange/Codes/genfee/worker-bee-atomic-service/build/cache/default/remote_hsp/remoteHspCache.json not exists.
[2026-08-11T15:35:05.744] [DEBUG] debug-file - Start recording SDK configuration permission data.
[2026-08-11T15:35:05.764] [DEBUG] debug-file - Sdk init in 21 ms 
[2026-08-11T15:35:05.765] [DEBUG] debug-file - Project task initialization takes 2 ms 
[2026-08-11T15:35:05.765] [DEBUG] debug-file - hvigorfile, begin to bind custom plugins...
[2026-08-11T15:35:05.765] [DEBUG] debug-file - hvigorfile, no custom plugins were found in /Users/pange/Codes/genfee/worker-bee-atomic-service/hvigorfile.ts
[2026-08-11T15:35:05.765] [DEBUG] debug-file - hvigorfile, resolve finished /Users/pange/Codes/genfee/worker-bee-atomic-service/hvigorfile.ts
[2026-08-11T15:35:05.766] [DEBUG] debug-file - hvigorfile, resolving /Users/pange/Codes/genfee/worker-bee-atomic-service/entry/hvigorfile.ts
[2026-08-11T15:35:05.770] [DEBUG] debug-file - hvigorfile, require result:  { default: {} }
[2026-08-11T15:35:05.770] [DEBUG] debug-file - hvigorfile, binding system plugins null
[2026-08-11T15:35:05.770] [DEBUG] debug-file - Starting plugin build process
[2026-08-11T15:35:05.770] [DEBUG] debug-file - Hap plugin creating...
[2026-08-11T15:35:05.770] [DEBUG] debug-file - failed to load cangjie to dynamically generate schemas: Error: Cannot find module '@ohos/cangjie-build-support/index'
Require stack:
- /Applications/DevEco-Studio.app/Contents/tools/hvigor/hvigor-ohos-plugin/src/plugin/hooks/cangjie-register.js
- /Applications/DevEco-Studio.app/Contents/tools/hvigor/hvigor-ohos-plugin/src/plugin/strategy/stage-init-strategy.js
- /Applications/DevEco-Studio.app/Contents/tools/hvigor/hvigor-ohos-plugin/src/plugin/builder/abstract-plugin-builder.js
- /Applications/DevEco-Studio.app/Contents/tools/hvigor/hvigor-ohos-plugin/src/plugin/builder/app-plugin-builder.js
- /Applications/DevEco-Studio.app/Contents/tools/hvigor/hvigor-ohos-plugin/src/plugin/factory/plugin-factory.js
- /Applications/DevEco-Studio.app/Contents/tools/hvigor/hvigor-ohos-plugin/index.js
- /Users/pange/Codes/genfee/worker-bee-atomic-service/hvigorfile.ts
- /Applications/DevEco-Studio.app/Contents/tools/hvigor/hvigor/src/base/internal/lifecycle/configuration.js
- /Applications/DevEco-Studio.app/Contents/tools/hvigor/hvigor/src/base/boot/index.js
- /Applications/DevEco-Studio.app/Contents/tools/hvigor/hvigor/src/base/daemon/cluster/worker-process-lifecycle.js
- /Applications/DevEco-Studio.app/Contents/tools/hvigor/hvigor/src/base/daemon/process/daemon-process-boot-script.js
[2026-08-11T15:35:05.771] [DEBUG] debug-file - Start initialize module-target build option map, moduleName=entry, buildMode=debug
[2026-08-11T15:35:05.771] [DEBUG] debug-file - Target 'default' config initialized
[2026-08-11T15:35:05.771] [DEBUG] debug-file - Module 'entry' target 'default' build option initialized
[2026-08-11T15:35:05.771] [DEBUG] debug-file - End initialize module-target build option map, moduleName=entry
[2026-08-11T15:35:05.771] [DEBUG] debug-file - Start initialize module-target build option map, moduleName=entry, buildMode=release
[2026-08-11T15:35:05.771] [DEBUG] debug-file - Target 'default' config initialized
[2026-08-11T15:35:05.771] [DEBUG] debug-file - Module 'entry' target 'default' build option initialized
[2026-08-11T15:35:05.771] [DEBUG] debug-file - End initialize module-target build option map, moduleName=entry
[2026-08-11T15:35:05.771] [DEBUG] debug-file - Start initialize module-target build option map, moduleName=entry, buildMode=debug
[2026-08-11T15:35:05.771] [DEBUG] debug-file - Target 'default' config initialized
[2026-08-11T15:35:05.771] [DEBUG] debug-file - Module 'entry' target 'default' build option initialized
[2026-08-11T15:35:05.771] [DEBUG] debug-file - End initialize module-target build option map, moduleName=entry
[2026-08-11T15:35:05.771] [DEBUG] debug-file - Obtain build option for module 'entry' target 'default'in this build.
[2026-08-11T15:35:05.772] [DEBUG] debug-file - Module entry task initialization takes 2 ms 
[2026-08-11T15:35:05.772] [DEBUG] debug-file - Hap plugin register hook start...
[2026-08-11T15:35:05.772] [DEBUG] debug-file - Hap plugin register hook end...
[2026-08-11T15:35:05.772] [DEBUG] debug-file - Plugin build process completed
[2026-08-11T15:35:05.773] [DEBUG] debug-file - hvigorfile, begin to bind custom plugins...
[2026-08-11T15:35:05.773] [DEBUG] debug-file - hvigorfile, no custom plugins were found in /Users/pange/Codes/genfee/worker-bee-atomic-service/entry/hvigorfile.ts
[2026-08-11T15:35:05.773] [DEBUG] debug-file - hvigorfile, resolve finished /Users/pange/Codes/genfee/worker-bee-atomic-service/entry/hvigorfile.ts
[2026-08-11T15:35:05.824] [DEBUG] debug-file - hvigorfile, resolve hvigorfile dependencies in 52 ms 
[2026-08-11T15:35:05.824] [DEBUG] debug-file - project has submodules:entry
[2026-08-11T15:35:05.825] [DEBUG] debug-file - start to load updatedOhPackageInfo to the disk
[2026-08-11T15:35:05.826] [DEBUG] debug-file - load to the disk finished
[2026-08-11T15:35:05.826] [DEBUG] debug-file - Start to initialize dependency information.
[2026-08-11T15:35:05.827] [DEBUG] debug-file - Module worker-bee-atomic-service Collected Dependency: 
[2026-08-11T15:35:05.827] [DEBUG] debug-file - Module worker-bee-atomic-service's total dependency: 0
[2026-08-11T15:35:05.827] [DEBUG] debug-file - Start to initialize dependency information.
[2026-08-11T15:35:05.828] [DEBUG] debug-file - Module entry Collected Dependency: 
[2026-08-11T15:35:05.828] [DEBUG] debug-file - Module entry's total dependency: 0
[2026-08-11T15:35:05.828] [DEBUG] debug-file - Configuration phase cost:107 ms 
[2026-08-11T15:35:05.829] [DEBUG] debug-file - Configuration task cost before running: 118 ms 
[2026-08-11T15:35:05.829] [DEBUG] debug-file - Executing task :entry:init
[2026-08-11T15:35:05.829] [DEBUG] debug-file - entry : init cost memory 0.02117156982421875
[2026-08-11T15:35:05.829] [DEBUG] debug-file - runTaskFromQueue task cost before running: 118 ms 
[2026-08-11T15:35:05.829] [INFO] debug-file - Finished :entry:init... after 1 ms 
[2026-08-11T15:35:05.829] [DEBUG] debug-file - Executing task ::init
[2026-08-11T15:35:05.829] [DEBUG] debug-file - worker-bee-atomic-service : init cost memory 0.0140533447265625
[2026-08-11T15:35:05.829] [DEBUG] debug-file - runTaskFromQueue task cost before running: 118 ms 
[2026-08-11T15:35:05.829] [INFO] debug-file - Finished ::init... after 1 ms 
[2026-08-11T15:35:05.830] [DEBUG] debug-file - Obtain build option for module 'entry' target 'default'in this build.
[2026-08-11T15:35:05.832] [DEBUG] debug-file - hvigor build process will be closed.
[2026-08-11T15:35:05.867] [DEBUG] debug-file - session manager: send message to worker process.
[2026-08-11T15:35:05.867] [DEBUG] debug-file - session manager: send message to worker process.
[2026-08-11T15:35:05.868] [DEBUG] debug-file - watch worker: worker id should be larger than 0. Nothing will be sent to any worker thread.
[2026-08-11T15:35:05.868] [DEBUG] debug-file - watch worker: worker id should be larger than 0. Nothing will be sent to any worker thread.
[2026-08-11T15:35:14.213] [DEBUG] debug-file - session manager: set active socket. socketId=LRF8iomSzk5-grC7AAAN
[2026-08-11T15:35:14.214] [DEBUG] debug-file - watch worker: worker id should be larger than 0. Nothing will be sent to any worker thread.
[2026-08-11T15:35:14.215] [DEBUG] debug-file - Workers' log level updated to INFO
[2026-08-11T15:35:14.217] [DEBUG] debug-file - Hvigor init with startParameters:{
  hvigorfileTypeCheck: false,
  parallelExecution: true,
  incrementalExecution: true,
  printStackTrace: false,
  daemon: true,
  analyze: 0,
  logLevel: Level { level: 20000, levelStr: 'INFO', colour: 'green' },
  optimizationStrategy: 'memory',
  hotCompile: undefined,
  hotReloadBuild: undefined,
  customizedParam: undefined
}
[2026-08-11T15:35:14.219] [DEBUG] debug-file - Cache service initialization finished in 3 ms 
[2026-08-11T15:35:14.219] [DEBUG] debug-file - hvigorfile, resolving /Users/pange/Codes/genfee/worker-bee-atomic-service/hvigorfile.ts
[2026-08-11T15:35:14.224] [DEBUG] debug-file - hvigorfile, require result:  { default: {} }
[2026-08-11T15:35:14.224] [DEBUG] debug-file - hvigorfile, binding system plugins null
[2026-08-11T15:35:14.224] [DEBUG] debug-file - Starting plugin build process
[2026-08-11T15:35:14.224] [DEBUG] debug-file - App plugin prepare start...
[2026-08-11T15:35:14.224] [DEBUG] debug-file - App plugin prepare end...
[2026-08-11T15:35:14.224] [DEBUG] debug-file - App plugin creating...
[2026-08-11T15:35:14.226] [DEBUG] debug-file - App plugin register hook start...
[2026-08-11T15:35:14.226] [DEBUG] debug-file - App plugin register hook end...
[2026-08-11T15:35:14.226] [DEBUG] debug-file - Plugin build process completed
[2026-08-11T15:35:14.226] [DEBUG] debug-file - Start initialize project's product build option map with build mode debug.
[2026-08-11T15:35:14.227] [DEBUG] debug-file - Picking option from product 'default' with build mode 'debug'.
[2026-08-11T15:35:14.227] [DEBUG] debug-file - Product 'default' build option initialized
[2026-08-11T15:35:14.227] [DEBUG] debug-file - End initialize project's product build option map with build mode 'debug'.
[2026-08-11T15:35:14.227] [DEBUG] debug-file - Obtain build option for product 'default'in this build.
[2026-08-11T15:35:14.227] [DEBUG] debug-file - /Users/pange/Codes/genfee/worker-bee-atomic-service/build/cache/default/remote_hsp/remoteHspCache.json not exists.
[2026-08-11T15:35:14.228] [DEBUG] debug-file - Start recording SDK configuration permission data.
[2026-08-11T15:35:14.246] [DEBUG] debug-file - Sdk init in 19 ms 
[2026-08-11T15:35:14.250] [DEBUG] debug-file - Project task initialization takes 4 ms 
[2026-08-11T15:35:14.250] [DEBUG] debug-file - hvigorfile, begin to bind custom plugins...
[2026-08-11T15:35:14.250] [DEBUG] debug-file - hvigorfile, no custom plugins were found in /Users/pange/Codes/genfee/worker-bee-atomic-service/hvigorfile.ts
[2026-08-11T15:35:14.250] [DEBUG] debug-file - hvigorfile, resolve finished /Users/pange/Codes/genfee/worker-bee-atomic-service/hvigorfile.ts
[2026-08-11T15:35:14.251] [DEBUG] debug-file - hvigorfile, resolving /Users/pange/Codes/genfee/worker-bee-atomic-service/entry/hvigorfile.ts
[2026-08-11T15:35:14.255] [DEBUG] debug-file - hvigorfile, require result:  { default: {} }
[2026-08-11T15:35:14.255] [DEBUG] debug-file - hvigorfile, binding system plugins null
[2026-08-11T15:35:14.255] [DEBUG] debug-file - Starting plugin build process
[2026-08-11T15:35:14.255] [DEBUG] debug-file - Hap plugin creating...
[2026-08-11T15:35:14.256] [DEBUG] debug-file - failed to load cangjie to dynamically generate schemas: Error: Cannot find module '@ohos/cangjie-build-support/index'
Require stack:
- /Applications/DevEco-Studio.app/Contents/tools/hvigor/hvigor-ohos-plugin/src/plugin/hooks/cangjie-register.js
- /Applications/DevEco-Studio.app/Contents/tools/hvigor/hvigor-ohos-plugin/src/plugin/strategy/stage-init-strategy.js
- /Applications/DevEco-Studio.app/Contents/tools/hvigor/hvigor-ohos-plugin/src/plugin/builder/abstract-plugin-builder.js
- /Applications/DevEco-Studio.app/Contents/tools/hvigor/hvigor-ohos-plugin/src/plugin/builder/app-plugin-builder.js
- /Applications/DevEco-Studio.app/Contents/tools/hvigor/hvigor-ohos-plugin/src/plugin/factory/plugin-factory.js
- /Applications/DevEco-Studio.app/Contents/tools/hvigor/hvigor-ohos-plugin/index.js
- /Users/pange/Codes/genfee/worker-bee-atomic-service/hvigorfile.ts
- /Applications/DevEco-Studio.app/Contents/tools/hvigor/hvigor/src/base/internal/lifecycle/configuration.js
- /Applications/DevEco-Studio.app/Contents/tools/hvigor/hvigor/src/base/boot/index.js
- /Applications/DevEco-Studio.app/Contents/tools/hvigor/hvigor/src/base/daemon/cluster/worker-process-lifecycle.js
- /Applications/DevEco-Studio.app/Contents/tools/hvigor/hvigor/src/base/daemon/process/daemon-process-boot-script.js
[2026-08-11T15:35:14.257] [DEBUG] debug-file - Start initialize module-target build option map, moduleName=entry, buildMode=debug
[2026-08-11T15:35:14.257] [DEBUG] debug-file - Target 'default' config initialized
[2026-08-11T15:35:14.257] [DEBUG] debug-file - Module 'entry' target 'default' build option initialized
[2026-08-11T15:35:14.257] [DEBUG] debug-file - End initialize module-target build option map, moduleName=entry
[2026-08-11T15:35:14.257] [DEBUG] debug-file - Start initialize module-target build option map, moduleName=entry, buildMode=release
[2026-08-11T15:35:14.257] [DEBUG] debug-file - Target 'default' config initialized
[2026-08-11T15:35:14.257] [DEBUG] debug-file - Module 'entry' target 'default' build option initialized
[2026-08-11T15:35:14.257] [DEBUG] debug-file - End initialize module-target build option map, moduleName=entry
[2026-08-11T15:35:14.257] [DEBUG] debug-file - Start initialize module-target build option map, moduleName=entry, buildMode=debug
[2026-08-11T15:35:14.257] [DEBUG] debug-file - Target 'default' config initialized
[2026-08-11T15:35:14.258] [DEBUG] debug-file - Module 'entry' target 'default' build option initialized
[2026-08-11T15:35:14.258] [DEBUG] debug-file - End initialize module-target build option map, moduleName=entry
[2026-08-11T15:35:14.258] [DEBUG] debug-file - Obtain build option for module 'entry' target 'default'in this build.
[2026-08-11T15:35:14.259] [DEBUG] debug-file - Module entry task initialization takes 1 ms 
[2026-08-11T15:35:14.259] [DEBUG] debug-file - Hap plugin register hook start...
[2026-08-11T15:35:14.259] [DEBUG] debug-file - Hap plugin register hook end...
[2026-08-11T15:35:14.259] [DEBUG] debug-file - Plugin build process completed
[2026-08-11T15:35:14.259] [DEBUG] debug-file - hvigorfile, begin to bind custom plugins...
[2026-08-11T15:35:14.259] [DEBUG] debug-file - hvigorfile, no custom plugins were found in /Users/pange/Codes/genfee/worker-bee-atomic-service/entry/hvigorfile.ts
[2026-08-11T15:35:14.259] [DEBUG] debug-file - hvigorfile, resolve finished /Users/pange/Codes/genfee/worker-bee-atomic-service/entry/hvigorfile.ts
[2026-08-11T15:35:14.310] [DEBUG] debug-file - hvigorfile, resolve hvigorfile dependencies in 51 ms 
[2026-08-11T15:35:14.310] [DEBUG] debug-file - project has submodules:entry
[2026-08-11T15:35:14.311] [DEBUG] debug-file - start to load updatedOhPackageInfo to the disk
[2026-08-11T15:35:14.311] [DEBUG] debug-file - load to the disk finished
[2026-08-11T15:35:14.312] [DEBUG] debug-file - Start to initialize dependency information.
[2026-08-11T15:35:14.312] [DEBUG] debug-file - Module worker-bee-atomic-service Collected Dependency: 
[2026-08-11T15:35:14.312] [DEBUG] debug-file - Module worker-bee-atomic-service's total dependency: 0
[2026-08-11T15:35:14.313] [DEBUG] debug-file - Start to initialize dependency information.
[2026-08-11T15:35:14.313] [DEBUG] debug-file - Module entry Collected Dependency: 
[2026-08-11T15:35:14.313] [DEBUG] debug-file - Module entry's total dependency: 0
[2026-08-11T15:35:14.313] [DEBUG] debug-file - Configuration phase cost:95 ms 
[2026-08-11T15:35:14.314] [DEBUG] debug-file - Configuration task cost before running: 99 ms 
[2026-08-11T15:35:14.316] [DEBUG] debug-file - Executing task :entry:default@PreBuild
[2026-08-11T15:35:14.316] [WARN] debug-file - The project has not explicitly set the 'targetSdkVersion' version at build-profile.json5. It is recommended to configure it. Reference: https://developer.huawei.com/consumer/cn/doc/harmonyos-guides/ide-hvigor-build-profile-app#section45865492619
[2026-08-11T15:35:14.318] [DEBUG] debug-file - Task 'entry:default@PreBuild' cost while wrapping incremental declarations: 1 ms 
[2026-08-11T15:35:14.319] [DEBUG] debug-file - entry:default@PreBuild is not up-to-date, since the input file '/Users/pange/Codes/genfee/worker-bee-atomic-service/AppScope/app.json5' has been changed.
[2026-08-11T15:35:14.319] [DEBUG] debug-file - Incremental task entry:default@PreBuild pre-execution cost: 1 ms .
[2026-08-11T15:35:14.330] [DEBUG] debug-file - Use tool [darwin: JAVA_HOME, CLASSPATH]
 [
  {
    JAVA_HOME: '/Applications/DevEco-Studio.app/Contents/jbr/Contents/Home'
  },
  { CLASSPATH: undefined }
]
[2026-08-11T15:35:14.330] [DEBUG] debug-file - Use tool [darwin: NODE_HOME]
 [
  {
    NODE_HOME: '/Applications/DevEco-Studio.app/Contents/tools/node/bin'
  }
]
[2026-08-11T15:35:14.330] [DEBUG] debug-file - entry : default@PreBuild cost memory 1.354736328125
[2026-08-11T15:35:14.330] [DEBUG] debug-file - runTaskFromQueue task cost before running: 115 ms 
[2026-08-11T15:35:14.331] [INFO] debug-file - Finished :entry:default@PreBuild... after 15 ms 
[2026-08-11T15:35:14.331] [DEBUG] debug-file - Executing task :entry:default@CreateModuleInfo
[2026-08-11T15:35:14.331] [DEBUG] debug-file - Task 'entry:default@CreateModuleInfo' cost while wrapping incremental declarations: 1 ms 
[2026-08-11T15:35:14.331] [DEBUG] debug-file - entry : default@CreateModuleInfo cost memory 0.03973388671875
[2026-08-11T15:35:14.331] [DEBUG] debug-file - runTaskFromQueue task cost before running: 116 ms 
[2026-08-11T15:35:14.331] [INFO] debug-file - Finished :entry:default@CreateModuleInfo... after 1 ms 
[2026-08-11T15:35:14.332] [DEBUG] debug-file - Executing task :entry:default@GenerateMetadata
[2026-08-11T15:35:14.332] [DEBUG] debug-file - Task 'entry:default@GenerateMetadata' cost while wrapping incremental declarations: 1 ms 
[2026-08-11T15:35:14.332] [DEBUG] debug-file - Incremental task entry:default@GenerateMetadata pre-execution cost: 1 ms .
[2026-08-11T15:35:14.332] [DEBUG] debug-file - entry : default@GenerateMetadata cost memory 0.1045379638671875
[2026-08-11T15:35:14.332] [INFO] debug-file - UP-TO-DATE :entry:default@GenerateMetadata...  
[2026-08-11T15:35:14.333] [DEBUG] debug-file - Executing task :entry:default@ConfigureCmake
[2026-08-11T15:35:14.333] [DEBUG] debug-file - entry : default@ConfigureCmake cost memory 0.0144805908203125
[2026-08-11T15:35:14.333] [DEBUG] debug-file - runTaskFromQueue task cost before running: 117 ms 
[2026-08-11T15:35:14.333] [INFO] debug-file - Finished :entry:default@ConfigureCmake... after 1 ms 
[2026-08-11T15:35:14.336] [DEBUG] debug-file - Executing task :entry:default@MergeProfile
[2026-08-11T15:35:14.336] [DEBUG] debug-file - Task 'entry:default@MergeProfile' cost while wrapping incremental declarations: 1 ms 
[2026-08-11T15:35:14.336] [DEBUG] debug-file - entry:default@MergeProfile is not up-to-date, since the input file '/Users/pange/Codes/genfee/worker-bee-atomic-service/AppScope/app.json5' has been changed.
[2026-08-11T15:35:14.336] [DEBUG] debug-file - Incremental task entry:default@MergeProfile pre-execution cost: 1 ms .
[2026-08-11T15:35:14.337] [DEBUG] debug-file - Change app api release type with 'Release'
[2026-08-11T15:35:14.337] [DEBUG] debug-file - Change app compile API version with '6.1.1.125'
[2026-08-11T15:35:14.337] [DEBUG] debug-file - Change app target API version with '60101024'
[2026-08-11T15:35:14.337] [DEBUG] debug-file - Change app minimum API version with '50000012'
[2026-08-11T15:35:14.337] [DEBUG] debug-file - Use cli appEnvironment
[2026-08-11T15:35:14.338] [DEBUG] debug-file - entry : default@MergeProfile cost memory 0.24948883056640625
[2026-08-11T15:35:14.338] [DEBUG] debug-file - runTaskFromQueue task cost before running: 123 ms 
[2026-08-11T15:35:14.338] [INFO] debug-file - Finished :entry:default@MergeProfile... after 3 ms 
[2026-08-11T15:35:14.339] [DEBUG] debug-file - Executing task :entry:default@CreateBuildProfile
[2026-08-11T15:35:14.339] [DEBUG] debug-file - Task 'entry:default@CreateBuildProfile' cost while wrapping incremental declarations: 1 ms 
[2026-08-11T15:35:14.339] [DEBUG] debug-file - entry:default@CreateBuildProfile is not up-to-date, since the input file '/Users/pange/Codes/genfee/worker-bee-atomic-service/AppScope/app.json5' has been changed.
[2026-08-11T15:35:14.339] [DEBUG] debug-file - Incremental task entry:default@CreateBuildProfile pre-execution cost: 1 ms .
[2026-08-11T15:35:14.339] [DEBUG] debug-file - entry : default@CreateBuildProfile cost memory 0.08599090576171875
[2026-08-11T15:35:14.339] [DEBUG] debug-file - runTaskFromQueue task cost before running: 124 ms 
[2026-08-11T15:35:14.339] [INFO] debug-file - Finished :entry:default@CreateBuildProfile... after 1 ms 
[2026-08-11T15:35:14.340] [DEBUG] debug-file - Executing task :entry:default@PreCheckSyscap
[2026-08-11T15:35:14.340] [DEBUG] debug-file - entry : default@PreCheckSyscap cost memory 0.01425933837890625
[2026-08-11T15:35:14.340] [DEBUG] debug-file - runTaskFromQueue task cost before running: 125 ms 
[2026-08-11T15:35:14.340] [INFO] debug-file - Finished :entry:default@PreCheckSyscap... after 1 ms 
[2026-08-11T15:35:14.340] [DEBUG] debug-file - Executing task :entry:default@GeneratePkgContextInfo
[2026-08-11T15:35:14.342] [DEBUG] debug-file - Task 'entry:default@GeneratePkgContextInfo' cost while wrapping incremental declarations: 1 ms 
[2026-08-11T15:35:14.342] [DEBUG] debug-file - entry : default@GeneratePkgContextInfo cost memory 0.25383758544921875
[2026-08-11T15:35:14.342] [DEBUG] debug-file - runTaskFromQueue task cost before running: 127 ms 
[2026-08-11T15:35:14.342] [INFO] debug-file - Finished :entry:default@GeneratePkgContextInfo... after 2 ms 
[2026-08-11T15:35:14.342] [DEBUG] debug-file - Executing task :entry:default@GeneratePkgSdkInfo
[2026-08-11T15:35:14.342] [DEBUG] debug-file - Task 'entry:default@GeneratePkgSdkInfo' cost while wrapping incremental declarations: 1 ms 
[2026-08-11T15:35:14.343] [DEBUG] debug-file - Incremental task entry:default@GeneratePkgSdkInfo pre-execution cost: 1 ms .
[2026-08-11T15:35:14.343] [DEBUG] debug-file - entry : default@GeneratePkgSdkInfo cost memory 0.116851806640625
[2026-08-11T15:35:14.343] [INFO] debug-file - UP-TO-DATE :entry:default@GeneratePkgSdkInfo...  
[2026-08-11T15:35:14.344] [DEBUG] debug-file - Executing task :entry:default@ProcessIntegratedHsp
[2026-08-11T15:35:14.344] [DEBUG] debug-file - entry:default@ProcessIntegratedHsp is not up-to-date, since the output file '/Users/pange/Codes/genfee/worker-bee-atomic-service/build/cache/default/integrated_hsp/integratedHspCache.json' does not exist.
[2026-08-11T15:35:14.344] [DEBUG] debug-file - Incremental task entry:default@ProcessIntegratedHsp pre-execution cost: 1 ms .
[2026-08-11T15:35:14.344] [DEBUG] debug-file - entry : default@ProcessIntegratedHsp cost memory 0.05590057373046875
[2026-08-11T15:35:14.344] [DEBUG] debug-file - runTaskFromQueue task cost before running: 129 ms 
[2026-08-11T15:35:14.344] [INFO] debug-file - Finished :entry:default@ProcessIntegratedHsp... after 1 ms 
[2026-08-11T15:35:14.344] [DEBUG] debug-file - Executing task :entry:default@BuildNativeWithCmake
[2026-08-11T15:35:14.344] [DEBUG] debug-file - entry : default@BuildNativeWithCmake cost memory 0.0140533447265625
[2026-08-11T15:35:14.344] [DEBUG] debug-file - runTaskFromQueue task cost before running: 129 ms 
[2026-08-11T15:35:14.345] [INFO] debug-file - Finished :entry:default@BuildNativeWithCmake... after 1 ms 
[2026-08-11T15:35:14.345] [DEBUG] debug-file - Executing task :entry:default@MakePackInfo
[2026-08-11T15:35:14.345] [DEBUG] debug-file - entry:default@MakePackInfo is not up-to-date, since the input file '/Users/pange/Codes/genfee/worker-bee-atomic-service/AppScope/app.json5' has been changed.
[2026-08-11T15:35:14.345] [DEBUG] debug-file - Incremental task entry:default@MakePackInfo pre-execution cost: 1 ms .
[2026-08-11T15:35:14.346] [DEBUG] debug-file - Module Pack Info:  {
  summary: {
    app: {
      bundleName: 'c***0',
      bundleType: 'atomicService',
      version: [Object]
    },
    modules: [ [Object] ]
  },
  packages: [
    {
      deviceType: [Array],
      moduleType: 'entry',
      deliveryWithInstall: true,
      name: 'entry-default'
    }
  ]
}
[2026-08-11T15:35:14.346] [DEBUG] debug-file - entry : default@MakePackInfo cost memory 0.11870574951171875
[2026-08-11T15:35:14.346] [DEBUG] debug-file - runTaskFromQueue task cost before running: 131 ms 
[2026-08-11T15:35:14.346] [INFO] debug-file - Finished :entry:default@MakePackInfo... after 2 ms 
[2026-08-11T15:35:14.346] [DEBUG] debug-file - Executing task :entry:default@SyscapTransform
[2026-08-11T15:35:14.346] [DEBUG] debug-file - File: '/Users/pange/Codes/genfee/worker-bee-atomic-service/entry/src/main/syscap.json' from 'sysCapJsonPath' is not exists, just ignore.
[2026-08-11T15:35:14.346] [DEBUG] debug-file - Task 'entry:default@SyscapTransform' cost while wrapping incremental declarations: 1 ms 
[2026-08-11T15:35:14.347] [DEBUG] debug-file - entry:default@SyscapTransform is not up-to-date, since the output file '/Users/pange/Codes/genfee/worker-bee-atomic-service/entry/build/default/intermediates/syscap/default/rpcid.sc' does not exist.
[2026-08-11T15:35:14.347] [DEBUG] debug-file - Incremental task entry:default@SyscapTransform pre-execution cost: 1 ms .
[2026-08-11T15:35:14.347] [DEBUG] debug-file - entry : default@SyscapTransform cost memory 0.10599517822265625
[2026-08-11T15:35:14.347] [DEBUG] debug-file - runTaskFromQueue task cost before running: 132 ms 
[2026-08-11T15:35:14.347] [INFO] debug-file - Finished :entry:default@SyscapTransform... after 1 ms 
[2026-08-11T15:35:14.347] [DEBUG] debug-file - Executing task :entry:default@ProcessProfile
[2026-08-11T15:35:14.348] [DEBUG] debug-file - Task 'entry:default@ProcessProfile' cost while wrapping incremental declarations: 1 ms 
[2026-08-11T15:35:14.348] [DEBUG] debug-file - entry:default@ProcessProfile is not up-to-date, since the input file '/Users/pange/Codes/genfee/worker-bee-atomic-service/entry/build/default/intermediates/merge_profile/default/module.json' has been changed.
[2026-08-11T15:35:14.348] [DEBUG] debug-file - Incremental task entry:default@ProcessProfile pre-execution cost: 1 ms .
[2026-08-11T15:35:14.348] [DEBUG] debug-file - [
  '/Applications/DevEco-Studio.app/Contents/tools/node/bin/node',
  '/Applications/DevEco-Studio.app/Contents/sdk/default/openharmony/ets/build-tools/ets-loader/bin/ark/ts2abc.js',
  '--target-api-version',
  '12',
  '--target-api-sub-version',
  'beta1'
]
[2026-08-11T15:35:14.413] [DEBUG] debug-file - 12.0.2.0
[2026-08-11T15:35:14.414] [DEBUG] debug-file - No need to add fake ui ability because of not in preview process.
[2026-08-11T15:35:14.414] [DEBUG] debug-file - entry : default@ProcessProfile cost memory 0.2922821044921875
[2026-08-11T15:35:14.414] [DEBUG] debug-file - runTaskFromQueue task cost before running: 199 ms 
[2026-08-11T15:35:14.414] [INFO] debug-file - Finished :entry:default@ProcessProfile... after 67 ms 
[2026-08-11T15:35:14.415] [DEBUG] debug-file - Executing task :entry:default@ProcessRouterMap
[2026-08-11T15:35:14.415] [DEBUG] debug-file - entry:default@ProcessRouterMap is not up-to-date, since the task snapshots are different.
[2026-08-11T15:35:14.415] [DEBUG] debug-file - Incremental task entry:default@ProcessRouterMap pre-execution cost: 1 ms .
[2026-08-11T15:35:14.416] [DEBUG] debug-file - entry : default@ProcessRouterMap cost memory 0.11057281494140625
[2026-08-11T15:35:14.416] [DEBUG] debug-file - runTaskFromQueue task cost before running: 201 ms 
[2026-08-11T15:35:14.416] [INFO] debug-file - Finished :entry:default@ProcessRouterMap... after 2 ms 
[2026-08-11T15:35:14.416] [DEBUG] debug-file - Executing task :entry:default@ProcessShareConfig
[2026-08-11T15:35:14.416] [DEBUG] debug-file - Incremental task entry:default@ProcessShareConfig pre-execution cost: 1 ms .
[2026-08-11T15:35:14.417] [DEBUG] debug-file - entry : default@ProcessShareConfig cost memory 0.0861663818359375
[2026-08-11T15:35:14.417] [INFO] debug-file - UP-TO-DATE :entry:default@ProcessShareConfig...  
[2026-08-11T15:35:14.417] [DEBUG] debug-file - Executing task :entry:default@ProcessStartupConfig
[2026-08-11T15:35:14.417] [DEBUG] debug-file - Task 'entry:default@ProcessStartupConfig' cost while wrapping incremental declarations: 1 ms 
[2026-08-11T15:35:14.417] [DEBUG] debug-file - entry:default@ProcessStartupConfig is not up-to-date, since the output file '/Users/pange/Codes/genfee/worker-bee-atomic-service/entry/build/default/intermediates/startup/default/startup_config.json' does not exist.
[2026-08-11T15:35:14.417] [DEBUG] debug-file - Incremental task entry:default@ProcessStartupConfig pre-execution cost: 1 ms .
[2026-08-11T15:35:14.418] [DEBUG] debug-file - entry : default@ProcessStartupConfig cost memory 0.0854644775390625
[2026-08-11T15:35:14.418] [DEBUG] debug-file - runTaskFromQueue task cost before running: 202 ms 
[2026-08-11T15:35:14.418] [INFO] debug-file - Finished :entry:default@ProcessStartupConfig... after 1 ms 
[2026-08-11T15:35:14.418] [DEBUG] debug-file - Executing task :entry:default@BuildNativeWithNinja
[2026-08-11T15:35:14.418] [DEBUG] debug-file - entry : default@BuildNativeWithNinja cost memory 0.01953125
[2026-08-11T15:35:14.418] [DEBUG] debug-file - runTaskFromQueue task cost before running: 203 ms 
[2026-08-11T15:35:14.418] [INFO] debug-file - Finished :entry:default@BuildNativeWithNinja... after 1 ms 
[2026-08-11T15:35:14.419] [DEBUG] debug-file - restool module names: entry; moduleName=entry, taskName=default@ProcessResource
[2026-08-11T15:35:14.419] [DEBUG] debug-file - Executing task :entry:default@ProcessResource
[2026-08-11T15:35:14.419] [DEBUG] debug-file - Task 'entry:default@ProcessResource' cost while wrapping incremental declarations: 1 ms 
[2026-08-11T15:35:14.420] [DEBUG] debug-file - entry:default@ProcessResource is not up-to-date, since the task snapshots are different.
[2026-08-11T15:35:14.420] [DEBUG] debug-file - Incremental task entry:default@ProcessResource pre-execution cost: 1 ms .
[2026-08-11T15:35:14.420] [DEBUG] debug-file - entry : default@ProcessResource cost memory 0.15044403076171875
[2026-08-11T15:35:14.421] [DEBUG] debug-file - runTaskFromQueue task cost before running: 205 ms 
[2026-08-11T15:35:14.421] [INFO] debug-file - Finished :entry:default@ProcessResource... after 2 ms 
[2026-08-11T15:35:14.422] [DEBUG] debug-file - Executing task :entry:default@GenerateLoaderJson
[2026-08-11T15:35:14.422] [DEBUG] debug-file - Task 'entry:default@GenerateLoaderJson' cost while wrapping incremental declarations: 1 ms 
[2026-08-11T15:35:14.423] [DEBUG] debug-file - entry:default@GenerateLoaderJson is not up-to-date, since the input file '/Users/pange/Codes/genfee/worker-bee-atomic-service/entry/build/default/intermediates/router_map/default/temp-router-map.json' has been changed.
[2026-08-11T15:35:14.423] [DEBUG] debug-file - Incremental task entry:default@GenerateLoaderJson pre-execution cost: 1 ms .
[2026-08-11T15:35:14.425] [DEBUG] debug-file - entry : default@GenerateLoaderJson cost memory 0.48285675048828125
[2026-08-11T15:35:14.425] [DEBUG] debug-file - runTaskFromQueue task cost before running: 210 ms 
[2026-08-11T15:35:14.426] [INFO] debug-file - Finished :entry:default@GenerateLoaderJson... after 4 ms 
[2026-08-11T15:35:14.426] [DEBUG] debug-file - Executing task :entry:default@ProcessLibs
[2026-08-11T15:35:14.427] [DEBUG] debug-file - entry : default@ProcessLibs cost memory 0.05156707763671875
[2026-08-11T15:35:14.427] [DEBUG] debug-file - runTaskFromQueue task cost before running: 212 ms 
[2026-08-11T15:35:14.427] [INFO] debug-file - Finished :entry:default@ProcessLibs... after 1 ms 
[2026-08-11T15:35:14.427] [DEBUG] debug-file - restool module names: entry; moduleName=entry, taskName=default@CompileResource
[2026-08-11T15:35:14.430] [DEBUG] debug-file - Executing task :entry:default@CompileResource
[2026-08-11T15:35:14.431] [DEBUG] debug-file - entry:default@CompileResource is not up-to-date, since the input file '/Users/pange/Codes/genfee/worker-bee-atomic-service/entry/build/default/intermediates/process_profile/default/module.json' has been changed.
[2026-08-11T15:35:14.431] [DEBUG] debug-file - Incremental task entry:default@CompileResource pre-execution cost: 1 ms .
[2026-08-11T15:35:14.443] [DEBUG] debug-file - Use tool [/Applications/DevEco-Studio.app/Contents/sdk/default/openharmony/toolchains/restool]
 [
  '/Applications/DevEco-Studio.app/Contents/sdk/default/openharmony/toolchains/restool',
  '-l',
  '/Users/pange/Codes/genfee/worker-bee-atomic-service/entry/build/default/intermediates/res/default/resConfig.json'
]
[2026-08-11T15:35:14.443] [DEBUG] debug-file - current process  memoryUsage: {
  rss: 177455104,
  heapTotal: 168148992,
  heapUsed: 138988184,
  external: 3491012,
  arrayBuffers: 1462006
} os memoryUsage :31.905746459960938
[2026-08-11T15:35:14.462] [DEBUG] debug-file - Info: Pack: normal pack mode

[2026-08-11T15:35:14.522] [DEBUG] debug-file - Info: hardware concurrency count is : 10
Info: thread count is : 10

[2026-08-11T15:35:14.522] [DEBUG] debug-file - Info: thread pool is started

[2026-08-11T15:35:14.523] [DEBUG] debug-file - Info: GenericCompiler::CompileFiles

[2026-08-11T15:35:14.525] [DEBUG] debug-file - Info: GenericCompiler::CompileFiles

[2026-08-11T15:35:14.525] [DEBUG] debug-file - Warning: '/Users/pange/Codes/genfee/worker-bee-atomic-service/entry/src/main/resources/base/media/app_icon.png' is defined repeatedly.

[2026-08-11T15:35:14.526] [DEBUG] debug-file - Info: GenericCompiler::CompileFiles

[2026-08-11T15:35:14.528] [DEBUG] debug-file - 08-11 15:35:14.527 39960 19626303 E C01400/ImageTranscoderUtils: DecodeToRGBA IN
08-11 15:35:14.528 39960 19626303 E C01400/ImageTranscoderUtils: ImageFilter IN /Users/pange/Codes/genfee/worker-bee-atomic-service/AppScope/resources/base/media/app_icon.png

[2026-08-11T15:35:14.533] [DEBUG] debug-file - 08-11 15:35:14.533 39960 19626303 E C01400/ImageTranscoder: TranscodeSLR ScalePixelsWithSLR failed

[2026-08-11T15:35:14.533] [DEBUG] debug-file - Warning: ScaleImage failed, file path = /Users/pange/Codes/genfee/worker-bee-atomic-service/AppScope/resources/base/media/app_icon.png

[2026-08-11T15:35:14.534] [DEBUG] debug-file - Info: restool resources compile success.

[2026-08-11T15:35:14.534] [DEBUG] debug-file - Info: thread pool is stopped

[2026-08-11T15:35:14.537] [DEBUG] debug-file - entry : default@CompileResource cost memory 8.24798583984375
[2026-08-11T15:35:14.537] [DEBUG] debug-file - runTaskFromQueue task cost before running: 322 ms 
[2026-08-11T15:35:14.538] [INFO] debug-file - Finished :entry:default@CompileResource... after 108 ms 
[2026-08-11T15:35:14.538] [DEBUG] debug-file - Executing task :entry:default@DoNativeStrip
[2026-08-11T15:35:14.538] [DEBUG] debug-file - File: '/Users/pange/Codes/genfee/worker-bee-atomic-service/entry/build/default/intermediates/binxo/default' from 'doBinxoNativeLibs' is not exists, just ignore.
[2026-08-11T15:35:14.538] [DEBUG] debug-file - Task 'entry:default@DoNativeStrip' cost while wrapping incremental declarations: 1 ms 
[2026-08-11T15:35:14.539] [DEBUG] debug-file - Incremental task entry:default@DoNativeStrip pre-execution cost: 1 ms .
[2026-08-11T15:35:14.539] [DEBUG] debug-file - entry : default@DoNativeStrip cost memory 0.08267974853515625
[2026-08-11T15:35:14.539] [INFO] debug-file - UP-TO-DATE :entry:default@DoNativeStrip...  
[2026-08-11T15:35:14.539] [DEBUG] debug-file - Executing task :entry:default@CompileArkTS
[2026-08-11T15:35:14.539] [DEBUG] debug-file - obfuscationOptions: undefined
[2026-08-11T15:35:14.540] [DEBUG] debug-file - Task 'entry:default@CompileArkTS' cost while wrapping incremental declarations: 1 ms 
[2026-08-11T15:35:14.540] [DEBUG] debug-file - entry:default@CompileArkTS is not up-to-date, since the input file '/Users/pange/Codes/genfee/worker-bee-atomic-service/entry/build/default/intermediates/loader/default' has been changed.
[2026-08-11T15:35:14.541] [DEBUG] debug-file - Incremental task entry:default@CompileArkTS pre-execution cost: 1 ms .
[2026-08-11T15:35:14.544] [DEBUG] debug-file - build config:
[2026-08-11T15:35:14.544] [DEBUG] debug-file - {
  moduleType: 'entry',
  perf: 0,
  targetName: '.default',
  packageManagerType: 'ohpm',
  localPropertiesPath: '/Users/pange/Codes/genfee/worker-bee-atomic-service/local.properties',
  isPreview: false,
  isOhosTest: false,
  isLocalTest: false,
  buildMode: 'Debug',
  hotReloadBuild: undefined,
  watchMode: 'false',
  aceProfilePath: '/Users/pange/Codes/genfee/worker-bee-atomic-service/entry/build/default/intermediates/res/default/resources/base/profile',
  etsLoaderPath: '/Applications/DevEco-Studio.app/Contents/sdk/default/openharmony/ets/build-tools/ets-loader',
  modulePath: '/Users/pange/Codes/genfee/worker-bee-atomic-service/entry',
  testFrameworkPar: {
    testMode: undefined,
    coveragePathFilter: undefined,
    coverageMode: undefined
  },
  needCoverageInsert: false,
  debugLine: false,
  projectTopDir: '/Users/pange/Codes/genfee/worker-bee-atomic-service',
  compileSdkVersion: 24,
  compatibleSdkVersion: 12,
  originCompatibleSdkVersion: '5.0.0(12)',
  compatibleSdkVersionStage: 'beta1',
  bundleName: 'c***0',
  etsLoaderVersion: '6.1.1.125',
  etsLoaderReleaseType: 'Release',
  aotCompileMode: 'type',
  apPath: '/Users/pange/Codes/genfee/worker-bee-atomic-service/entry/modules.ap',
  entryModuleName: 'entry',
  entryModuleVersion: '1.0.0',
  entryPackageName: 'entry',
  allModuleNameHash: 'b6b811d2f71314b7490cc7ab3d975985978821104ce9c72f43777df40513d96d',
  externalApiPaths: [ '/Applications/DevEco-Studio.app/Contents/sdk/default/hms/ets' ],
  compilerTypes: [],
  isCrossplatform: false,
  hvigorPluginFile: undefined,
  compilePluginPath: undefined,
  buildGeneratedProfilePath: '/Users/pange/Codes/genfee/worker-bee-atomic-service/entry/build/default/generated/profile/default',
  bundleType: 'atomicService',
  arkTSVersion: undefined,
  apiVersion: 24,
  needCompleteSourcesMap: false,
  isFaMode: false,
  buildDir: '/Users/pange/Codes/genfee/worker-bee-atomic-service/entry/build',
  deviceTypes: [ 'phone', 'tablet' ],
  pkgContextInfo: undefined,
  ohPackagePathMap: {},
  dependencyAliasMap: {},
  permission: { requestPermissions: [ [Object] ], definePermissions: undefined },
  useGetCurrentBundleName: false,
  projectArkOption: undefined,
  sourceMapDir: undefined,
  branchElimination: false,
  transformLib: undefined,
  tsImportSendable: false,
  resolveConflictMode: true,
  depName2RootPath: {},
  depName2DepInfo: {},
  depName2OhExports: {},
  rootPathSet: [ '/Users/pange/Codes/genfee/worker-bee-atomic-service' ],
  useNativeResolver: true,
  shouldEmitJs: true,
  useTscResolve: false,
  singleFileEmit: false,
  userProjectConfig: {
    autoLazyImport: false,
    allowEmptyBundleName: false,
    reExportCheckMode: 'noCheck',
    executionMode: 'memory',
    usePathPlaceholder: false,
    writeRollupCache: true,
    isExpandImportEnabled: false,
    expandImportExclude: '',
    lazyImportExclude: '',
    lazyImportInclude: '',
    ignoreCrossplatformCheck: false,
    isHarDeduplicateEnabled: false,
    skipOhModulesLint: false,
    enableStrictCheckOHModule: false,
    disableSendableCheckRules: [],
    useDeclarationFileSignature: false,
    customizedOptions: undefined,
    integratedHsp: false,
    isPreloadSoEnabled: false
  },
  executionMode: 'memory',
  arkCompileCachePath: '/Users/pange/Codes/genfee/worker-bee-atomic-service/entry/build/default/cache/default/default@CompileArkTS/esmodule',
  autoLazyFilter: undefined,
  isHarDeduplicateEnabled: false,
  intermediateHarDuplicateDirPath: '/Users/pange/Codes/genfee/worker-bee-atomic-service/entry/build/default/intermediates/har_duplicate/default',
  autoLazyImport: false,
  allowEmptyBundleName: false,
  reExportCheckMode: 'noCheck',
  usePathPlaceholder: false,
  writeRollupCache: true,
  isExpandImportEnabled: false,
  expandImportExclude: '',
  lazyImportExclude: '',
  lazyImportInclude: '',
  ignoreCrossplatformCheck: false,
  skipOhModulesLint: false,
  enableStrictCheckOHModule: false,
  disableSendableCheckRules: [],
  useDeclarationFileSignature: false,
  customizedOptions: undefined,
  integratedHsp: false,
  isPreloadSoEnabled: false,
  strictMode: undefined,
  useNormalizedOHMUrl: false,
  caseSensitiveCheck: false,
  strictCheckerOnly: false,
  aceModuleJsonPath: '/Users/pange/Codes/genfee/worker-bee-atomic-service/entry/build/default/intermediates/res/default/ark_module.json',
  appResource: '/Users/pange/Codes/genfee/worker-bee-atomic-service/entry/build/default/intermediates/res/default/ResourceTable.txt',
  rawFileResource: '/Users/pange/Codes/genfee/worker-bee-atomic-service/entry/build/default/intermediates/res/default/resources/rawfile',
  resourceTableHash: '506ce0e8708a79f6b40d6c8e4f650136eb16e8713370ef7716f6ba58e9e43fd6',
  runtimeOS: 'HarmonyOS',
  sdkInfo: 'false:24:6.1.1.125:Release',
  aceModuleRoot: '/Users/pange/Codes/genfee/worker-bee-atomic-service/entry/src/main/ets',
  compileMode: 'esmodule',
  aceSuperVisualPath: '/Users/pange/Codes/genfee/worker-bee-atomic-service/entry/src/main/supervisual',
  aceBuildJson: '/Users/pange/Codes/genfee/worker-bee-atomic-service/entry/build/default/intermediates/loader/default/loader.json',
  cachePath: '/Users/pange/Codes/genfee/worker-bee-atomic-service/entry/build/default/cache/default/default@CompileArkTS/esmodule/debug',
  aceModuleBuild: '/Users/pange/Codes/genfee/worker-bee-atomic-service/entry/build/default/intermediates/loader_out/default/ets',
  supportChunks: true,
  declaredFilesPath: undefined,
  shouldCollectDirectImportees: false,
  isByteCodeHarOptimize: false,
  expandImportPath: undefined,
  resourceTableTs: '/Users/pange/Codes/genfee/worker-bee-atomic-service/entry/build/default/generated/r/default/ResourceTable.ts',
  moduleMetaInfoFiles: [
    {
      filePath: '/Users/pange/Codes/genfee/worker-bee-atomic-service/entry/build/default/generated/r/default/ResourceTable.ts',
      ohmurl: 'com.atomicservice.6917612394359487010/entry/build/generated/r/ResourceTable'
    }
  ],
  pkgNameToPkgBriefInfo: {
    entry: {
      pkgRoot: '/Users/pange/Codes/genfee/worker-bee-atomic-service/entry',
      originalSourceRoots: undefined,
      sourceRoots: [Array],
      pkgName: 'entry'
    }
  },
  projectModel: {
    '/Users/pange/Codes/genfee/worker-bee-atomic-service/entry/src/main': {
      moduleName: 'entry',
      modulePkgPath: '/Users/pange/Codes/genfee/worker-bee-atomic-service/entry',
      belongProjectPath: '/Users/pange/Codes/genfee/worker-bee-atomic-service'
    },
    '/Users/pange/Codes/genfee/worker-bee-atomic-service/entry': {
      moduleName: 'entry',
      modulePkgPath: '/Users/pange/Codes/genfee/worker-bee-atomic-service/entry',
      belongProjectPath: '/Users/pange/Codes/genfee/worker-bee-atomic-service'
    },
    '/Users/pange/Codes/genfee/worker-bee-atomic-service': {
      moduleName: 'worker-bee-atomic-service',
      modulePkgPath: '/Users/pange/Codes/genfee/worker-bee-atomic-service',
      belongProjectPath: '/Users/pange/Codes/genfee/worker-bee-atomic-service'
    }
  },
  pkgJsonFileHash: 'd093999bbf80ff4df7c1e84053d0c2af6caa837eb0ab3d9bdb5b5c7cad72dd5a',
  allModulePaths: [ '/Users/pange/Codes/genfee/worker-bee-atomic-service/entry' ],
  routerMap: {},
  obfuscationOptions: undefined,
  byteCodeHarToDependencyKeys: undefined,
  compileBlockPkg: [],
  mockParams: {
    decorator: '@MockSetup',
    packageName: '@ohos/hamock',
    etsSourceRootPath: 'src/main/ets',
    mockConfigPath: undefined,
    mockConfigKey2ModuleInfo: {},
    source2ModuleIdMap: {}
  },
  copyCodeResourceEnable: true,
  copyCodeResourceExcludes: [],
  copyCodeResourceIncludes: undefined,
  uiTransformOptimization: false,
  sdkPath: '/Applications/DevEco-Studio.app/Contents/sdk',
  needPreloadSoFileSet: {},
  preloadSoFilePath: '/Users/pange/Codes/genfee/worker-bee-atomic-service/entry/build/default/intermediates/preload/default/preload.json',
  useSourceHash: false,
  localModuleParamMap: {},
  otherPaths: {
    'entry/*': [ '../*', '../../../build/default/generated/profile/default/*' ]
  },
  collectImportersConfig: undefined
}
[2026-08-11T15:35:14.544] [DEBUG] debug-file - Compile arkts with external api path: /Applications/DevEco-Studio.app/Contents/sdk/default/hms/ets
[2026-08-11T15:35:14.544] [DEBUG] debug-file - default@CompileArkTS work[12] is submitted.
[2026-08-11T15:35:14.545] [DEBUG] debug-file - default@CompileArkTS work[12] is pushed to ready queue.
[2026-08-11T15:35:14.545] [DEBUG] debug-file - A work dispatched to worker[9] failed because unable to get work from ready queue.
[2026-08-11T15:35:14.545] [DEBUG] debug-file - A work dispatched to worker[8] failed because unable to get work from ready queue.
[2026-08-11T15:35:14.545] [DEBUG] debug-file - A work dispatched to worker[7] failed because unable to get work from ready queue.
[2026-08-11T15:35:14.545] [DEBUG] debug-file - A work dispatched to worker[6] failed because unable to get work from ready queue.
[2026-08-11T15:35:14.545] [DEBUG] debug-file - A work dispatched to worker[5] failed because unable to get work from ready queue.
[2026-08-11T15:35:14.545] [DEBUG] debug-file - default@CompileArkTS work[12] has been dispatched to worker[4].
[2026-08-11T15:35:14.545] [DEBUG] debug-file - default@CompileArkTS work[12] is dispatched.
[2026-08-11T15:35:14.545] [DEBUG] debug-file - CopyResources startTime: 1319336870884833
[2026-08-11T15:35:14.545] [DEBUG] debug-file - default@CompileArkTS work[13] is submitted.
[2026-08-11T15:35:14.545] [DEBUG] debug-file - default@CompileArkTS work[13] is pushed to ready queue.
[2026-08-11T15:35:14.545] [DEBUG] debug-file - A work dispatched to worker[9] failed because unable to get work from ready queue.
[2026-08-11T15:35:14.545] [DEBUG] debug-file - Create  resident worker with id: 8.
[2026-08-11T15:35:14.546] [DEBUG] debug-file - default@CompileArkTS work[13] has been dispatched to worker[8].
[2026-08-11T15:35:14.546] [DEBUG] debug-file - default@CompileArkTS work[13] is dispatched.
[2026-08-11T15:35:14.546] [DEBUG] debug-file - entry : default@CompileArkTS cost memory 1.1677398681640625
[2026-08-11T15:35:14.546] [DEBUG] debug-file - Executing task :entry:default@BuildJS
[2026-08-11T15:35:14.546] [DEBUG] debug-file - Task 'entry:default@BuildJS' cost while wrapping incremental declarations: 1 ms 
[2026-08-11T15:35:14.547] [DEBUG] debug-file - entry : default@BuildJS cost memory 0.114013671875
[2026-08-11T15:35:14.547] [DEBUG] debug-file - runTaskFromQueue task cost before running: 332 ms 
[2026-08-11T15:35:14.547] [INFO] debug-file - Finished :entry:default@BuildJS... after 2 ms 
[2026-08-11T15:35:14.548] [DEBUG] debug-file - Executing task :entry:default@CacheNativeLibs
[2026-08-11T15:35:14.548] [DEBUG] debug-file - File: '/Users/pange/Codes/genfee/worker-bee-atomic-service/entry/build/default/intermediates/binxo/default' from 'cacheBinxoNativeLibs' is not exists, just ignore.
[2026-08-11T15:35:14.548] [DEBUG] debug-file - Task 'entry:default@CacheNativeLibs' cost while wrapping incremental declarations: 1 ms 
[2026-08-11T15:35:14.548] [DEBUG] debug-file - Incremental task entry:default@CacheNativeLibs pre-execution cost: 1 ms .
[2026-08-11T15:35:14.548] [DEBUG] debug-file - entry : default@CacheNativeLibs cost memory 0.0883331298828125
[2026-08-11T15:35:14.548] [INFO] debug-file - UP-TO-DATE :entry:default@CacheNativeLibs...  
[2026-08-11T15:35:14.993] [DEBUG] debug-file - worker[8] has one work done.
[2026-08-11T15:35:14.993] [DEBUG] debug-file - CopyResources is end, endTime: 1319337319131875
[2026-08-11T15:35:14.993] [DEBUG] debug-file - default@CompileArkTS work[13] done.
[2026-08-11T15:35:14.993] [DEBUG] debug-file - A work dispatched to worker[8] failed because unable to get work from ready queue.
[2026-08-11T15:35:15.195] [WARN] debug-file - [33mWARN: [33m[33mArkTS:WARN File: /Users/pange/Codes/genfee/worker-bee-atomic-service/entry/src/main/ets/utils/Store.ets:11:19
 Function may throw exceptions. Special handling is required.
[39m[39m
[33mWARN: [33m[33mArkTS:WARN File: /Users/pange/Codes/genfee/worker-bee-atomic-service/entry/src/main/ets/utils/Store.ets:18:12
 Function may throw exceptions. Special handling is required.
[39m[39m
[33mWARN: [33m[33mArkTS:WARN File: /Users/pange/Codes/genfee/worker-bee-atomic-service/entry/src/main/ets/utils/Store.ets:25:5
 Function may throw exceptions. Special handling is required.
[39m[39m
[33mWARN: [33m[33mArkTS:WARN File: /Users/pange/Codes/genfee/worker-bee-atomic-service/entry/src/main/ets/utils/Store.ets:26:5
 Function may throw exceptions. Special handling is required.
[39m[39m
[33mWARN: [33m[33mArkTS:WARN File: /Users/pange/Codes/genfee/worker-bee-atomic-service/entry/src/main/ets/utils/Store.ets:33:12
 Function may throw exceptions. Special handling is required.
[39m[39m
[33mWARN: [33m[33mArkTS:WARN File: /Users/pange/Codes/genfee/worker-bee-atomic-service/entry/src/main/ets/utils/Store.ets:40:5
 Function may throw exceptions. Special handling is required.
[39m[39m
[33mWARN: [33m[33mArkTS:WARN File: /Users/pange/Codes/genfee/worker-bee-atomic-service/entry/src/main/ets/utils/Store.ets:41:5
 Function may throw exceptions. Special handling is required.
[39m[39m
[33mWARN: [33m[33mArkTS:WARN File: /Users/pange/Codes/genfee/worker-bee-atomic-service/entry/src/main/ets/entryability/EntryAbility.ets:18:49
 'px2vp' has been deprecated.
[39m[39m
[33mWARN: [33m[33mArkTS:WARN File: /Users/pange/Codes/genfee/worker-bee-atomic-service/entry/src/main/ets/utils/Dialer.ets:26:5
 Function may throw exceptions. Special handling is required.
[39m[39m
[33mWARN: [33m[33mArkTS:WARN File: /Users/pange/Codes/genfee/worker-bee-atomic-service/entry/src/main/ets/pages/TopicListPage.ets:40:5
 Function may throw exceptions. Special handling is required.
[39m[39m
[33mWARN: [33m[33mArkTS:WARN File: /Users/pange/Codes/genfee/worker-bee-atomic-service/entry/src/main/ets/pages/TopicListPage.ets:54:10
 'getContext' has been deprecated.
[39m[39m
[33mWARN: [33m[33mArkTS:WARN File: /Users/pange/Codes/genfee/worker-bee-atomic-service/entry/src/main/ets/pages/TopicListPage.ets:84:53
 'getContext' has been deprecated.
[39m[39m
[33mWARN: [33m[33mArkTS:WARN File: /Users/pange/Codes/genfee/worker-bee-atomic-service/entry/src/main/ets/pages/TopicListPage.ets:99:9
 Function may throw exceptions. Special handling is required.
[39m[39m
[33mWARN: [33m[33mArkTS:WARN File: /Users/pange/Codes/genfee/worker-bee-atomic-service/entry/src/main/ets/pages/TopicListPage.ets:206:32
 'pushUrl' has been deprecated.
[39m[39m
[33mWARN: [33m[33mArkTS:WARN File: /Users/pange/Codes/genfee/worker-bee-atomic-service/entry/src/main/ets/pages/TopicDetailPage.ets:17:27
 'getParams' has been deprecated.
[39m[39m
[33mWARN: [33m[33mArkTS:WARN File: /Users/pange/Codes/genfee/worker-bee-atomic-service/entry/src/main/ets/pages/TopicDetailPage.ets:30:7
 Function may throw exceptions. Special handling is required.
[39m[39m

[2026-08-11T15:35:15.196] [DEBUG] debug-file - Ark compile task finished.finished time is 1319337521669333
[2026-08-11T15:35:15.196] [DEBUG] debug-file - worker[4] has one work done.
[2026-08-11T15:35:15.196] [DEBUG] debug-file - default@CompileArkTS work[12] done.
[2026-08-11T15:35:15.196] [DEBUG] debug-file - A work dispatched to worker[4] failed because unable to get work from ready queue.
[2026-08-11T15:35:15.197] [INFO] debug-file - Finished :entry:default@CompileArkTS... after 657 ms 
[2026-08-11T15:35:15.197] [DEBUG] debug-file - Executing task :entry:default@GeneratePkgModuleJson
[2026-08-11T15:35:15.197] [DEBUG] debug-file - File: '/Users/pange/Codes/genfee/worker-bee-atomic-service/entry/build/default/intermediates/preload/default/preload.json' from 'preloadSoJsonPath' is not exists, just ignore.
[2026-08-11T15:35:15.197] [DEBUG] debug-file - Error occurs while handling @Input 'shouldDeduplicateHar': The "data" argument must be of type string or an instance of Buffer, TypedArray, or DataView. Received undefined
[2026-08-11T15:35:15.197] [DEBUG] debug-file - Task 'entry:default@GeneratePkgModuleJson' cost while wrapping incremental declarations: 1 ms 
[2026-08-11T15:35:15.197] [DEBUG] debug-file - entry:default@GeneratePkgModuleJson is not up-to-date, since the input file '/Users/pange/Codes/genfee/worker-bee-atomic-service/entry/build/default/intermediates/res/default/module.json' has been changed.
[2026-08-11T15:35:15.197] [DEBUG] debug-file - Incremental task entry:default@GeneratePkgModuleJson pre-execution cost: 1 ms .
[2026-08-11T15:35:15.198] [DEBUG] debug-file - entry : default@GeneratePkgModuleJson cost memory 0.15887451171875
[2026-08-11T15:35:15.198] [DEBUG] debug-file - runTaskFromQueue task cost before running: 983 ms 
[2026-08-11T15:35:15.198] [INFO] debug-file - Finished :entry:default@GeneratePkgModuleJson... after 1 ms 
[2026-08-11T15:35:15.198] [DEBUG] debug-file - Executing task :entry:default@ProcessCompiledResources
[2026-08-11T15:35:15.198] [DEBUG] debug-file - File: '/Users/pange/Codes/genfee/worker-bee-atomic-service/entry/build/default/intermediates/preload/default/preload.json' from 'preloadSoJsonPath' is not exists, just ignore.
[2026-08-11T15:35:15.198] [DEBUG] debug-file - Task 'entry:default@ProcessCompiledResources' cost while wrapping incremental declarations: 1 ms 
[2026-08-11T15:35:15.198] [DEBUG] debug-file - entry : default@ProcessCompiledResources cost memory 0.055389404296875
[2026-08-11T15:35:15.198] [DEBUG] debug-file - runTaskFromQueue task cost before running: 983 ms 
[2026-08-11T15:35:15.198] [INFO] debug-file - Finished :entry:default@ProcessCompiledResources... after 1 ms 
[2026-08-11T15:35:15.199] [DEBUG] debug-file - Executing task :entry:default@PackageHap
[2026-08-11T15:35:15.199] [DEBUG] debug-file - entry:default@PackageHap is not up-to-date, since the input file '/Users/pange/Codes/genfee/worker-bee-atomic-service/entry/build/default/intermediates/res/default/module.json' has been changed.
[2026-08-11T15:35:15.199] [DEBUG] debug-file - Incremental task entry:default@PackageHap pre-execution cost: 1 ms .
[2026-08-11T15:35:15.199] [DEBUG] debug-file - Use tool [/Applications/DevEco-Studio.app/Contents/sdk/default/openharmony/toolchains/lib/app_packing_tool.jar]
 [
  'java',
  '-Dfile.encoding=utf-8',
  '-jar',
  '/Applications/DevEco-Studio.app/Contents/sdk/default/openharmony/toolchains/lib/app_packing_tool.jar',
  '--mode',
  'hap',
  '--force',
  'true',
  '--lib-path',
  '/Users/pange/Codes/genfee/worker-bee-atomic-service/entry/build/default/intermediates/stripped_native_libs/default',
  '--json-path',
  '/Users/pange/Codes/genfee/worker-bee-atomic-service/entry/build/default/intermediates/package/default/module.json',
  '--resources-path',
  '/Users/pange/Codes/genfee/worker-bee-atomic-service/entry/build/default/intermediates/res/default/resources',
  '--index-path',
  '/Users/pange/Codes/genfee/worker-bee-atomic-service/entry/build/default/intermediates/res/default/resources.index',
  '--pack-info-path',
  '/Users/pange/Codes/genfee/worker-bee-atomic-service/entry/build/default/outputs/default/pack.info',
  '--out-path',
  '/Users/pange/Codes/genfee/worker-bee-atomic-service/entry/build/default/outputs/default/entry-default-unsigned.hap',
  '--ets-path',
  '/Users/pange/Codes/genfee/worker-bee-atomic-service/entry/build/default/intermediates/loader_out/default/ets',
  '--pkg-sdk-info-path',
  '/Users/pange/Codes/genfee/worker-bee-atomic-service/entry/build/default/intermediates/loader/default/pkgSdkInfo.json'
]
[2026-08-11T15:35:15.200] [DEBUG] debug-file - default@PackageHap work[14] is submitted.
[2026-08-11T15:35:15.200] [DEBUG] debug-file - default@PackageHap work[14] is pushed to ready queue.
[2026-08-11T15:35:15.200] [DEBUG] debug-file - A work dispatched to worker[9] failed because unable to get work from ready queue.
[2026-08-11T15:35:15.200] [DEBUG] debug-file - default@PackageHap work[14] has been dispatched to worker[8].
[2026-08-11T15:35:15.200] [DEBUG] debug-file - default@PackageHap work[14] is dispatched.
[2026-08-11T15:35:15.200] [DEBUG] debug-file - entry : default@PackageHap cost memory 0.31967926025390625
[2026-08-11T15:35:15.289] [DEBUG] debug-file - current process  memoryUsage: {
  rss: 538836992,
  heapTotal: 81821696,
  heapUsed: 50002768,
  external: 2211032,
  arrayBuffers: 57578
} os memoryUsage :31.90460205078125
[2026-08-11T15:35:15.556] [DEBUG] debug-file - worker[8] has one work done.
[2026-08-11T15:35:15.556] [DEBUG] debug-file - default@PackageHap work[14] done.
[2026-08-11T15:35:15.556] [DEBUG] debug-file - A work dispatched to worker[8] failed because unable to get work from ready queue.
[2026-08-11T15:35:15.556] [INFO] debug-file - Finished :entry:default@PackageHap... after 270 ms 
[2026-08-11T15:35:15.557] [DEBUG] debug-file - Executing task :entry:default@PackingCheck
[2026-08-11T15:35:15.559] [DEBUG] debug-file - entry : default@PackingCheck cost memory 0.34090423583984375
[2026-08-11T15:35:15.559] [DEBUG] debug-file - runTaskFromQueue task cost before running: 1 s 344 ms 
[2026-08-11T15:35:15.559] [INFO] debug-file - Finished :entry:default@PackingCheck... after 3 ms 
[2026-08-11T15:35:15.559] [DEBUG] debug-file - Executing task :entry:default@SignHap
[2026-08-11T15:35:16.071] [DEBUG] debug-file - java daemon socket received message:{"code":0,"message":"verify profile success"}
[2026-08-11T15:35:16.074] [DEBUG] debug-file - java daemon socket close code:1000 reason:close by user
[2026-08-11T15:35:16.279] [DEBUG] debug-file - java daemon socket received message:{"code":0,"message":"sign app success"}
[2026-08-11T15:35:16.279] [DEBUG] debug-file - entry : default@SignHap cost memory 0.6753387451171875
[2026-08-11T15:35:16.279] [DEBUG] debug-file - runTaskFromQueue task cost before running: 2 s 64 ms 
[2026-08-11T15:35:16.279] [INFO] debug-file - Finished :entry:default@SignHap... after 720 ms 
[2026-08-11T15:35:16.280] [DEBUG] debug-file - Executing task :entry:default@CollectDebugSymbol
[2026-08-11T15:35:16.280] [DEBUG] debug-file - entry : default@CollectDebugSymbol cost memory 0.086029052734375
[2026-08-11T15:35:16.280] [DEBUG] debug-file - runTaskFromQueue task cost before running: 2 s 65 ms 
[2026-08-11T15:35:16.280] [INFO] debug-file - Finished :entry:default@CollectDebugSymbol... after 1 ms 
[2026-08-11T15:35:16.281] [DEBUG] debug-file - Executing task :entry:assembleHap
[2026-08-11T15:35:16.281] [DEBUG] debug-file - entry : assembleHap cost memory 0.01221466064453125
[2026-08-11T15:35:16.281] [DEBUG] debug-file - runTaskFromQueue task cost before running: 2 s 65 ms 
[2026-08-11T15:35:16.281] [INFO] debug-file - Finished :entry:assembleHap... after 1 ms 
[2026-08-11T15:35:16.281] [INFO] debug-file - BUILD SUCCESSFUL in 2 s 66 ms 
[2026-08-11T15:35:16.281] [DEBUG] debug-file - Update task entry:default@PreBuild input file:/Users/pange/Codes/genfee/worker-bee-atomic-service/AppScope/app.json5 cache from map.
[2026-08-11T15:35:16.281] [DEBUG] debug-file - Update task entry:default@PreBuild input file:/Users/pange/Codes/genfee/worker-bee-atomic-service/entry/src/main/module.json5 cache by regenerate.
[2026-08-11T15:35:16.281] [DEBUG] debug-file - Update task entry:default@PreBuild input file:/Users/pange/Codes/genfee/worker-bee-atomic-service/build-profile.json5 cache by regenerate.
[2026-08-11T15:35:16.281] [DEBUG] debug-file - Update task entry:default@PreBuild input file:/Users/pange/Codes/genfee/worker-bee-atomic-service/entry/build-profile.json5 cache by regenerate.
[2026-08-11T15:35:16.281] [DEBUG] debug-file - Update task entry:default@PreBuild input file:/Users/pange/Codes/genfee/worker-bee-atomic-service/entry/src/main/resources/base/profile/main_pages.json cache by regenerate.
[2026-08-11T15:35:16.281] [DEBUG] debug-file - Update task entry:default@PreBuild input file:/Users/pange/Codes/genfee/worker-bee-atomic-service/hvigor/hvigor-config.json5 cache by regenerate.
[2026-08-11T15:35:16.281] [DEBUG] debug-file - Update task entry:default@PreBuild input file:/Users/pange/Codes/genfee/worker-bee-atomic-service/entry/oh-package.json5 cache by regenerate.
[2026-08-11T15:35:16.281] [DEBUG] debug-file - Update task entry:default@PreBuild input file:/Users/pange/Codes/genfee/worker-bee-atomic-service/oh-package.json5 cache by regenerate.
[2026-08-11T15:35:16.281] [DEBUG] debug-file - Incremental task entry:default@PreBuild post-execution cost:1 ms .
[2026-08-11T15:35:16.281] [DEBUG] debug-file - Update task entry:default@CreateModuleInfo output file:/Users/pange/Codes/genfee/worker-bee-atomic-service/entry/build/default/generated/profile/default/ModuleInfo.ts cache.
[2026-08-11T15:35:16.282] [DEBUG] debug-file - Incremental task entry:default@CreateModuleInfo post-execution cost:1 ms .
[2026-08-11T15:35:16.282] [DEBUG] debug-file - There is no need to refresh cache, since the incremental task entry:default@GenerateMetadata is up-to-date.
[2026-08-11T15:35:16.282] [DEBUG] debug-file - Update task entry:default@MergeProfile input file:/Users/pange/Codes/genfee/worker-bee-atomic-service/AppScope/app.json5 cache from map.
[2026-08-11T15:35:16.282] [DEBUG] debug-file - Update task entry:default@MergeProfile input file:/Users/pange/Codes/genfee/worker-bee-atomic-service/build-profile.json5 cache by regenerate.
[2026-08-11T15:35:16.282] [DEBUG] debug-file - Update task entry:default@MergeProfile input file:/Users/pange/Codes/genfee/worker-bee-atomic-service/entry/src/main/module.json5 cache by regenerate.
[2026-08-11T15:35:16.282] [DEBUG] debug-file - Update task entry:default@MergeProfile output file:/Users/pange/Codes/genfee/worker-bee-atomic-service/entry/build/default/intermediates/merge_profile/default/module.json cache.
[2026-08-11T15:35:16.282] [DEBUG] debug-file - Incremental task entry:default@MergeProfile post-execution cost:1 ms .
[2026-08-11T15:35:16.282] [DEBUG] debug-file - Update task entry:default@CreateBuildProfile input file:/Users/pange/Codes/genfee/worker-bee-atomic-service/AppScope/app.json5 cache from map.
[2026-08-11T15:35:16.282] [DEBUG] debug-file - Update task entry:default@CreateBuildProfile input file:/Users/pange/Codes/genfee/worker-bee-atomic-service/build-profile.json5 cache by regenerate.
[2026-08-11T15:35:16.282] [DEBUG] debug-file - Update task entry:default@CreateBuildProfile output file:/Users/pange/Codes/genfee/worker-bee-atomic-service/entry/build/default/generated/profile/default/BuildProfile.ets cache.
[2026-08-11T15:35:16.282] [DEBUG] debug-file - Incremental task entry:default@CreateBuildProfile post-execution cost:1 ms .
[2026-08-11T15:35:16.282] [DEBUG] debug-file - Update task entry:default@GeneratePkgContextInfo output file:/Users/pange/Codes/genfee/worker-bee-atomic-service/entry/build/default/intermediates/loader/default/pkgContextInfo.json cache.
[2026-08-11T15:35:16.282] [DEBUG] debug-file - Incremental task entry:default@GeneratePkgContextInfo post-execution cost:1 ms .
[2026-08-11T15:35:16.282] [DEBUG] debug-file - There is no need to refresh cache, since the incremental task entry:default@GeneratePkgSdkInfo is up-to-date.
[2026-08-11T15:35:16.282] [DEBUG] debug-file - Update task entry:default@ProcessIntegratedHsp output file:/Users/pange/Codes/genfee/worker-bee-atomic-service/build/cache/default/integrated_hsp/integratedHspCache.json cache.
[2026-08-11T15:35:16.282] [DEBUG] debug-file - Incremental task entry:default@ProcessIntegratedHsp post-execution cost:1 ms .
[2026-08-11T15:35:16.282] [DEBUG] debug-file - Update task entry:default@MakePackInfo input file:/Users/pange/Codes/genfee/worker-bee-atomic-service/AppScope/app.json5 cache from map.
[2026-08-11T15:35:16.282] [DEBUG] debug-file - Update task entry:default@MakePackInfo input file:/Users/pange/Codes/genfee/worker-bee-atomic-service/entry/src/main/module.json5 cache by regenerate.
[2026-08-11T15:35:16.282] [DEBUG] debug-file - Update task entry:default@MakePackInfo input file:/Users/pange/Codes/genfee/worker-bee-atomic-service/build-profile.json5 cache by regenerate.
[2026-08-11T15:35:16.282] [DEBUG] debug-file - Update task entry:default@MakePackInfo output file:/Users/pange/Codes/genfee/worker-bee-atomic-service/entry/build/default/outputs/default/pack.info cache.
[2026-08-11T15:35:16.282] [DEBUG] debug-file - Incremental task entry:default@MakePackInfo post-execution cost:1 ms .
[2026-08-11T15:35:16.282] [DEBUG] debug-file - Update task entry:default@SyscapTransform input file:/Applications/DevEco-Studio.app/Contents/sdk/default/openharmony/toolchains/syscap_tool cache by regenerate.
[2026-08-11T15:35:16.282] [DEBUG] debug-file - Update task entry:default@SyscapTransform input file:/Applications/DevEco-Studio.app/Contents/sdk/default/openharmony/ets/api/device-define cache by regenerate.
[2026-08-11T15:35:16.282] [DEBUG] debug-file - Update task entry:default@SyscapTransform output file:/Users/pange/Codes/genfee/worker-bee-atomic-service/entry/build/default/intermediates/syscap/default/rpcid.sc cache.
[2026-08-11T15:35:16.283] [DEBUG] debug-file - Incremental task entry:default@SyscapTransform post-execution cost:1 ms .
[2026-08-11T15:35:16.283] [DEBUG] debug-file - Update task entry:default@ProcessProfile input file:/Users/pange/Codes/genfee/worker-bee-atomic-service/entry/build/default/intermediates/merge_profile/default/module.json cache from map.
[2026-08-11T15:35:16.283] [DEBUG] debug-file - Update task entry:default@ProcessProfile output file:/Users/pange/Codes/genfee/worker-bee-atomic-service/entry/build/default/intermediates/process_profile/default/module.json cache.
[2026-08-11T15:35:16.283] [DEBUG] debug-file - Incremental task entry:default@ProcessProfile post-execution cost:1 ms .
[2026-08-11T15:35:16.283] [DEBUG] debug-file - Update task entry:default@ProcessRouterMap input file:/Users/pange/Codes/genfee/worker-bee-atomic-service/entry/oh-package.json5 cache by regenerate.
[2026-08-11T15:35:16.283] [DEBUG] debug-file - Update task entry:default@ProcessRouterMap input file:/Users/pange/Codes/genfee/worker-bee-atomic-service/oh-package.json5 cache by regenerate.
[2026-08-11T15:35:16.283] [DEBUG] debug-file - Update task entry:default@ProcessRouterMap input file:/Users/pange/Codes/genfee/worker-bee-atomic-service/entry/src/main/module.json5 cache by regenerate.
[2026-08-11T15:35:16.283] [DEBUG] debug-file - Update task entry:default@ProcessRouterMap output file:/Users/pange/Codes/genfee/worker-bee-atomic-service/entry/build/default/intermediates/router_map/default/temp-router-map.json cache.
[2026-08-11T15:35:16.283] [DEBUG] debug-file - Update task entry:default@ProcessRouterMap output file:/Users/pange/Codes/genfee/worker-bee-atomic-service/entry/build/default/intermediates/router_map/default/loader-router-map.json cache.
[2026-08-11T15:35:16.283] [DEBUG] debug-file - Incremental task entry:default@ProcessRouterMap post-execution cost:1 ms .
[2026-08-11T15:35:16.283] [DEBUG] debug-file - There is no need to refresh cache, since the incremental task entry:default@ProcessShareConfig is up-to-date.
[2026-08-11T15:35:16.283] [DEBUG] debug-file - Update task entry:default@ProcessStartupConfig output file:/Users/pange/Codes/genfee/worker-bee-atomic-service/entry/build/default/intermediates/startup/default/startup_config.json cache.
[2026-08-11T15:35:16.283] [DEBUG] debug-file - Incremental task entry:default@ProcessStartupConfig post-execution cost:1 ms .
[2026-08-11T15:35:16.283] [DEBUG] debug-file - Update task entry:default@ProcessResource output file:/Users/pange/Codes/genfee/worker-bee-atomic-service/entry/build/default/intermediates/res/default/resConfig.json cache.
[2026-08-11T15:35:16.283] [DEBUG] debug-file - Update task entry:default@ProcessResource output file:/Users/pange/Codes/genfee/worker-bee-atomic-service/entry/build/default/intermediates/res/default/opt-compression.json cache.
[2026-08-11T15:35:16.283] [DEBUG] debug-file - Incremental task entry:default@ProcessResource post-execution cost:1 ms .
[2026-08-11T15:35:16.283] [DEBUG] debug-file - Update task entry:default@GenerateLoaderJson input file:/Users/pange/Codes/genfee/worker-bee-atomic-service/entry/build/default/intermediates/router_map/default/temp-router-map.json cache from map.
[2026-08-11T15:35:16.283] [DEBUG] debug-file - Update task entry:default@GenerateLoaderJson output file:/Users/pange/Codes/genfee/worker-bee-atomic-service/entry/build/default/intermediates/loader/default/loader.json cache.
[2026-08-11T15:35:16.283] [DEBUG] debug-file - Incremental task entry:default@GenerateLoaderJson post-execution cost:1 ms .
[2026-08-11T15:35:16.283] [DEBUG] debug-file - Update task entry:default@ProcessLibs input file:/Users/pange/Codes/genfee/worker-bee-atomic-service/build-profile.json5 cache by regenerate.
[2026-08-11T15:35:16.283] [DEBUG] debug-file - Update task entry:default@ProcessLibs input file:/Users/pange/Codes/genfee/worker-bee-atomic-service/entry/build-profile.json5 cache by regenerate.
[2026-08-11T15:35:16.283] [DEBUG] debug-file - Update task entry:default@ProcessLibs output file:/Users/pange/Codes/genfee/worker-bee-atomic-service/entry/build/default/intermediates/libs/default cache.
[2026-08-11T15:35:16.283] [DEBUG] debug-file - Incremental task entry:default@ProcessLibs post-execution cost:1 ms .
[2026-08-11T15:35:16.284] [DEBUG] debug-file - Update task entry:default@CompileResource input file:/Users/pange/Codes/genfee/worker-bee-atomic-service/entry/src/main/resources cache by regenerate.
[2026-08-11T15:35:16.284] [DEBUG] debug-file - Update task entry:default@CompileResource input file:/Users/pange/Codes/genfee/worker-bee-atomic-service/AppScope/resources cache by regenerate.
[2026-08-11T15:35:16.285] [DEBUG] debug-file - Update task entry:default@CompileResource input file:/Users/pange/Codes/genfee/worker-bee-atomic-service/entry/build/default/intermediates/process_profile/default/module.json cache from map.
[2026-08-11T15:35:16.285] [DEBUG] debug-file - Update task entry:default@CompileResource input file:/Users/pange/Codes/genfee/worker-bee-atomic-service/entry/build/default/intermediates/res/default/resConfig.json cache by regenerate.
[2026-08-11T15:35:16.285] [DEBUG] debug-file - Update task entry:default@CompileResource output file:/Users/pange/Codes/genfee/worker-bee-atomic-service/entry/build/default/intermediates/res/default cache.
[2026-08-11T15:35:16.285] [DEBUG] debug-file - Update task entry:default@CompileResource output file:/Users/pange/Codes/genfee/worker-bee-atomic-service/entry/build/default/generated/r/default/ResourceTable.h cache.
[2026-08-11T15:35:16.285] [DEBUG] debug-file - Update task entry:default@CompileResource output file:/Users/pange/Codes/genfee/worker-bee-atomic-service/entry/build/default/generated/r/default/ResourceTable.ts cache.
[2026-08-11T15:35:16.286] [DEBUG] debug-file - Update task entry:default@CompileResource output file:/Users/pange/Codes/genfee/worker-bee-atomic-service/entry/build/default/generated/r/default cache.
[2026-08-11T15:35:16.286] [DEBUG] debug-file - Incremental task entry:default@CompileResource post-execution cost:3 ms .
[2026-08-11T15:35:16.286] [DEBUG] debug-file - There is no need to refresh cache, since the incremental task entry:default@DoNativeStrip is up-to-date.
[2026-08-11T15:35:16.286] [DEBUG] debug-file - Update task entry:default@CompileArkTS input file:/Users/pange/Codes/genfee/worker-bee-atomic-service/entry/build/default/intermediates/loader/default cache from map.
[2026-08-11T15:35:16.286] [DEBUG] debug-file - Update task entry:default@CompileArkTS input file:/Users/pange/Codes/genfee/worker-bee-atomic-service/entry/build/default/intermediates/res/default/ResourceTable.txt cache by regenerate.
[2026-08-11T15:35:16.286] [DEBUG] debug-file - Update task entry:default@CompileArkTS input file:/Users/pange/Codes/genfee/worker-bee-atomic-service/entry/build/default/intermediates/res/default/ark_module.json cache by regenerate.
[2026-08-11T15:35:16.286] [DEBUG] debug-file - Update task entry:default@CompileArkTS input file:/Users/pange/Codes/genfee/worker-bee-atomic-service/entry/build/default/intermediates/res/default/resources/base/profile cache by regenerate.
[2026-08-11T15:35:16.286] [DEBUG] debug-file - Update task entry:default@CompileArkTS input file:/Users/pange/Codes/genfee/worker-bee-atomic-service/entry/src/main/ets cache by regenerate.
[2026-08-11T15:35:16.287] [DEBUG] debug-file - Update task entry:default@CompileArkTS input file:/Users/pange/Codes/genfee/worker-bee-atomic-service/entry/build/default/generated/profile/default/BuildProfile.ets cache by regenerate.
[2026-08-11T15:35:16.287] [DEBUG] debug-file - Update task entry:default@CompileArkTS output file:/Users/pange/Codes/genfee/worker-bee-atomic-service/entry/build/default/intermediates/loader_out/default/ets cache.
[2026-08-11T15:35:16.287] [DEBUG] debug-file - Incremental task entry:default@CompileArkTS post-execution cost:2 ms .
[2026-08-11T15:35:16.288] [DEBUG] debug-file - Update task entry:default@BuildJS input file:/Users/pange/Codes/genfee/worker-bee-atomic-service/entry/build/default/intermediates/loader/default cache by regenerate.
[2026-08-11T15:35:16.288] [DEBUG] debug-file - Update task entry:default@BuildJS input file:/Users/pange/Codes/genfee/worker-bee-atomic-service/entry/build/default/intermediates/res/default/ResourceTable.txt cache by regenerate.
[2026-08-11T15:35:16.288] [DEBUG] debug-file - Update task entry:default@BuildJS input file:/Users/pange/Codes/genfee/worker-bee-atomic-service/entry/build/default/intermediates/res/default/ark_module.json cache by regenerate.
[2026-08-11T15:35:16.288] [DEBUG] debug-file - Update task entry:default@BuildJS input file:/Users/pange/Codes/genfee/worker-bee-atomic-service/entry/build/default/intermediates/res/default/resources/base/profile cache by regenerate.
[2026-08-11T15:35:16.288] [DEBUG] debug-file - Update task entry:default@BuildJS output file:/Users/pange/Codes/genfee/worker-bee-atomic-service/entry/build/default/intermediates/loader_out/default/js cache.
[2026-08-11T15:35:16.288] [DEBUG] debug-file - Incremental task entry:default@BuildJS post-execution cost:2 ms .
[2026-08-11T15:35:16.289] [DEBUG] debug-file - There is no need to refresh cache, since the incremental task entry:default@CacheNativeLibs is up-to-date.
[2026-08-11T15:35:16.289] [DEBUG] debug-file - Update task entry:default@GeneratePkgModuleJson input file:/Users/pange/Codes/genfee/worker-bee-atomic-service/entry/build/default/intermediates/res/default/module.json cache from map.
[2026-08-11T15:35:16.289] [DEBUG] debug-file - Update task entry:default@GeneratePkgModuleJson output file:/Users/pange/Codes/genfee/worker-bee-atomic-service/entry/build/default/intermediates/package/default/module.json cache.
[2026-08-11T15:35:16.289] [DEBUG] debug-file - Incremental task entry:default@GeneratePkgModuleJson post-execution cost:1 ms .
[2026-08-11T15:35:16.289] [DEBUG] debug-file - Incremental task entry:default@ProcessCompiledResources post-execution cost:1 ms .
[2026-08-11T15:35:16.289] [DEBUG] debug-file - Update task entry:default@PackageHap input file:/Users/pange/Codes/genfee/worker-bee-atomic-service/entry/build/default/intermediates/stripped_native_libs/default cache by regenerate.
[2026-08-11T15:35:16.289] [DEBUG] debug-file - Update task entry:default@PackageHap input file:/Users/pange/Codes/genfee/worker-bee-atomic-service/entry/build/default/intermediates/res/default/module.json cache from map.
[2026-08-11T15:35:16.289] [DEBUG] debug-file - Update task entry:default@PackageHap input file:/Users/pange/Codes/genfee/worker-bee-atomic-service/entry/build/default/intermediates/res/default/resources cache by regenerate.
[2026-08-11T15:35:16.289] [DEBUG] debug-file - Update task entry:default@PackageHap input file:/Users/pange/Codes/genfee/worker-bee-atomic-service/entry/build/default/intermediates/res/default/resources.index cache by regenerate.
[2026-08-11T15:35:16.289] [DEBUG] debug-file - Update task entry:default@PackageHap input file:/Users/pange/Codes/genfee/worker-bee-atomic-service/entry/build/default/outputs/default/pack.info cache by regenerate.
[2026-08-11T15:35:16.289] [DEBUG] debug-file - Update task entry:default@PackageHap input file:/Users/pange/Codes/genfee/worker-bee-atomic-service/entry/build/default/intermediates/loader_out/default/ets cache by regenerate.
[2026-08-11T15:35:16.289] [DEBUG] debug-file - Update task entry:default@PackageHap input file:/Users/pange/Codes/genfee/worker-bee-atomic-service/entry/build/default/intermediates/loader/default/pkgSdkInfo.json cache by regenerate.
[2026-08-11T15:35:16.290] [DEBUG] debug-file - Update task entry:default@PackageHap input file:/Users/pange/Codes/genfee/worker-bee-atomic-service/entry/build/default/intermediates/loader_out/default/ets/sourceMaps.map cache by regenerate.
[2026-08-11T15:35:16.290] [DEBUG] debug-file - Update task entry:default@PackageHap input file:/Users/pange/Codes/genfee/worker-bee-atomic-service/entry/build/default/generated/profile/default/BuildProfile.ets cache by regenerate.
[2026-08-11T15:35:16.290] [DEBUG] debug-file - Update task entry:default@PackageHap output file:/Users/pange/Codes/genfee/worker-bee-atomic-service/entry/build/default/outputs/default/entry-default-unsigned.hap cache.
[2026-08-11T15:35:16.290] [DEBUG] debug-file - Update task entry:default@PackageHap output file:/Users/pange/Codes/genfee/worker-bee-atomic-service/entry/build/default/intermediates/source_map/default/sourceMaps.map cache.
[2026-08-11T15:35:16.290] [DEBUG] debug-file - Update task entry:default@PackageHap output file:/Users/pange/Codes/genfee/worker-bee-atomic-service/entry/build/default/outputs/default/mapping/sourceMaps.map cache.
[2026-08-11T15:35:16.290] [DEBUG] debug-file - Incremental task entry:default@PackageHap post-execution cost:2 ms .
[2026-08-11T15:35:16.290] [DEBUG] debug-file - Update task entry:default@SignHap input file:/Users/pange/.ohos/config/release_worker-bee-atomic-service_UGBMFrIk8ClN4DWTdamDTiJWeTmkqHb0tKYjOT6d1uk=.cer cache by regenerate.
[2026-08-11T15:35:16.290] [DEBUG] debug-file - Update task entry:default@SignHap input file:/Users/pange/.ohos/config/release_worker-bee-atomic-service_UGBMFrIk8ClN4DWTdamDTiJWeTmkqHb0tKYjOT6d1uk=.p7b cache by regenerate.
[2026-08-11T15:35:16.290] [DEBUG] debug-file - Update task entry:default@SignHap input file:/Users/pange/.ohos/config/release_worker-bee-atomic-service_UGBMFrIk8ClN4DWTdamDTiJWeTmkqHb0tKYjOT6d1uk=.p12 cache by regenerate.
[2026-08-11T15:35:16.290] [DEBUG] debug-file - Update task entry:default@SignHap input file:/Users/pange/Codes/genfee/worker-bee-atomic-service/entry/build/default/outputs/default/entry-default-unsigned.hap cache by regenerate.
[2026-08-11T15:35:16.290] [DEBUG] debug-file - Update task entry:default@SignHap output file:/Users/pange/Codes/genfee/worker-bee-atomic-service/entry/build/default/outputs/default/entry-default-signed.hap cache.
[2026-08-11T15:35:16.290] [DEBUG] debug-file - Incremental task entry:default@SignHap post-execution cost:1 ms .
[2026-08-11T15:35:16.290] [DEBUG] debug-file - Update task entry:default@CollectDebugSymbol input file:/Users/pange/Codes/genfee/worker-bee-atomic-service/entry/build/default/intermediates/loader_out/default/ets/sourceMaps.map cache by regenerate.
[2026-08-11T15:35:16.290] [DEBUG] debug-file - Update task entry:default@CollectDebugSymbol input file:/Users/pange/Codes/genfee/worker-bee-atomic-service/entry/build/default/intermediates/libs/default cache by regenerate.
[2026-08-11T15:35:16.290] [DEBUG] debug-file - Update task entry:default@CollectDebugSymbol output file:/Users/pange/Codes/genfee/worker-bee-atomic-service/entry/build/default/outputs/default/symbol cache.
[2026-08-11T15:35:16.291] [DEBUG] debug-file - Incremental task entry:default@CollectDebugSymbol post-execution cost:1 ms .
[2026-08-11T15:35:16.297] [DEBUG] debug-file - Cleanup worker 8.
[2026-08-11T15:35:16.297] [DEBUG] debug-file - Worker 8 has been cleaned up.
[2026-08-11T15:35:16.297] [DEBUG] debug-file - Current idle worker size: 1.
[2026-08-11T15:35:16.297] [DEBUG] debug-file - Current resident worker size: 2.
[2026-08-11T15:35:16.297] [DEBUG] debug-file - hvigor build process will be closed.
[2026-08-11T15:35:16.298] [DEBUG] debug-file - java daemon socket close code:1000 reason:close by user
[2026-08-11T15:35:16.303] [DEBUG] debug-file - session manager: send message to worker process.
[2026-08-11T15:35:16.303] [DEBUG] debug-file - session manager: send message to worker process.
[2026-08-11T15:35:16.303] [DEBUG] debug-file - watch worker: worker id should be larger than 0. Nothing will be sent to any worker thread.
[2026-08-11T15:35:16.304] [DEBUG] debug-file - watch worker: worker id should be larger than 0. Nothing will be sent to any worker thread.
[2026-08-11T15:35:16.325] [DEBUG] debug-file - worker[8] exits with exit code 1.
[2026-08-11T15:35:57.715] [DEBUG] debug-file - session manager: set active socket. socketId=Mv3LJk0ElrIJJ3yzAAAP
[2026-08-11T15:35:57.720] [DEBUG] debug-file - watch worker: worker id should be larger than 0. Nothing will be sent to any worker thread.
[2026-08-11T15:35:57.731] [DEBUG] debug-file - Workers' log level updated to INFO
[2026-08-11T15:35:57.738] [DEBUG] debug-file - Hvigor init with startParameters:{
  hvigorfileTypeCheck: false,
  parallelExecution: true,
  incrementalExecution: true,
  printStackTrace: false,
  daemon: true,
  analyze: 0,
  logLevel: Level { level: 20000, levelStr: 'INFO', colour: 'green' },
  optimizationStrategy: 'memory',
  hotCompile: undefined,
  hotReloadBuild: undefined,
  customizedParam: undefined
}
[2026-08-11T15:35:57.747] [DEBUG] debug-file - Cache service initialization finished in 10 ms 
[2026-08-11T15:35:57.748] [DEBUG] debug-file - hvigorfile, resolving /Users/pange/Codes/genfee/worker-bee-atomic-service/hvigorfile.ts
[2026-08-11T15:35:57.802] [DEBUG] debug-file - hvigorfile, require result:  { default: {} }
[2026-08-11T15:35:57.802] [DEBUG] debug-file - hvigorfile, binding system plugins null
[2026-08-11T15:35:57.803] [DEBUG] debug-file - Starting plugin build process
[2026-08-11T15:35:57.803] [DEBUG] debug-file - App plugin prepare start...
[2026-08-11T15:35:57.804] [DEBUG] debug-file - App plugin prepare end...
[2026-08-11T15:35:57.804] [DEBUG] debug-file - App plugin creating...
[2026-08-11T15:35:57.815] [DEBUG] debug-file - App plugin register hook start...
[2026-08-11T15:35:57.815] [DEBUG] debug-file - App plugin register hook end...
[2026-08-11T15:35:57.815] [DEBUG] debug-file - Plugin build process completed
[2026-08-11T15:35:57.816] [DEBUG] debug-file - Start initialize project's product build option map with build mode debug.
[2026-08-11T15:35:57.816] [DEBUG] debug-file - Picking option from product 'default' with build mode 'debug'.
[2026-08-11T15:35:57.816] [DEBUG] debug-file - Product 'default' build option initialized
[2026-08-11T15:35:57.816] [DEBUG] debug-file - End initialize project's product build option map with build mode 'debug'.
[2026-08-11T15:35:57.817] [DEBUG] debug-file - Obtain build option for product 'default'in this build.
[2026-08-11T15:35:57.817] [DEBUG] debug-file - /Users/pange/Codes/genfee/worker-bee-atomic-service/build/cache/default/remote_hsp/remoteHspCache.json not exists.
[2026-08-11T15:35:57.820] [DEBUG] debug-file - Start recording SDK configuration permission data.
[2026-08-11T15:35:57.860] [DEBUG] debug-file - Sdk init in 43 ms 
[2026-08-11T15:35:57.862] [DEBUG] debug-file - Project task initialization takes 2 ms 
[2026-08-11T15:35:57.862] [DEBUG] debug-file - hvigorfile, begin to bind custom plugins...
[2026-08-11T15:35:57.862] [DEBUG] debug-file - hvigorfile, no custom plugins were found in /Users/pange/Codes/genfee/worker-bee-atomic-service/hvigorfile.ts
[2026-08-11T15:35:57.862] [DEBUG] debug-file - hvigorfile, resolve finished /Users/pange/Codes/genfee/worker-bee-atomic-service/hvigorfile.ts
[2026-08-11T15:35:57.862] [DEBUG] debug-file - hvigorfile, resolving /Users/pange/Codes/genfee/worker-bee-atomic-service/entry/hvigorfile.ts
[2026-08-11T15:35:57.865] [DEBUG] debug-file - hvigorfile, require result:  { default: {} }
[2026-08-11T15:35:57.865] [DEBUG] debug-file - hvigorfile, binding system plugins null
[2026-08-11T15:35:57.865] [DEBUG] debug-file - Starting plugin build process
[2026-08-11T15:35:57.865] [DEBUG] debug-file - Hap plugin creating...
[2026-08-11T15:35:57.865] [DEBUG] debug-file - failed to load cangjie to dynamically generate schemas: Error: Cannot find module '@ohos/cangjie-build-support/index'
Require stack:
- /Applications/DevEco-Studio.app/Contents/tools/hvigor/hvigor-ohos-plugin/src/plugin/hooks/cangjie-register.js
- /Applications/DevEco-Studio.app/Contents/tools/hvigor/hvigor-ohos-plugin/src/plugin/strategy/stage-init-strategy.js
- /Applications/DevEco-Studio.app/Contents/tools/hvigor/hvigor-ohos-plugin/src/plugin/builder/abstract-plugin-builder.js
- /Applications/DevEco-Studio.app/Contents/tools/hvigor/hvigor-ohos-plugin/src/plugin/builder/app-plugin-builder.js
- /Applications/DevEco-Studio.app/Contents/tools/hvigor/hvigor-ohos-plugin/src/plugin/factory/plugin-factory.js
- /Applications/DevEco-Studio.app/Contents/tools/hvigor/hvigor-ohos-plugin/index.js
- /Users/pange/Codes/genfee/worker-bee-atomic-service/hvigorfile.ts
- /Applications/DevEco-Studio.app/Contents/tools/hvigor/hvigor/src/base/internal/lifecycle/configuration.js
- /Applications/DevEco-Studio.app/Contents/tools/hvigor/hvigor/src/base/boot/index.js
- /Applications/DevEco-Studio.app/Contents/tools/hvigor/hvigor/src/base/daemon/cluster/worker-process-lifecycle.js
- /Applications/DevEco-Studio.app/Contents/tools/hvigor/hvigor/src/base/daemon/process/daemon-process-boot-script.js
[2026-08-11T15:35:57.866] [DEBUG] debug-file - Start initialize module-target build option map, moduleName=entry, buildMode=debug
[2026-08-11T15:35:57.866] [DEBUG] debug-file - Target 'default' config initialized
[2026-08-11T15:35:57.866] [DEBUG] debug-file - Module 'entry' target 'default' build option initialized
[2026-08-11T15:35:57.866] [DEBUG] debug-file - End initialize module-target build option map, moduleName=entry
[2026-08-11T15:35:57.866] [DEBUG] debug-file - Start initialize module-target build option map, moduleName=entry, buildMode=release
[2026-08-11T15:35:57.866] [DEBUG] debug-file - Target 'default' config initialized
[2026-08-11T15:35:57.866] [DEBUG] debug-file - Module 'entry' target 'default' build option initialized
[2026-08-11T15:35:57.866] [DEBUG] debug-file - End initialize module-target build option map, moduleName=entry
[2026-08-11T15:35:57.866] [DEBUG] debug-file - Start initialize module-target build option map, moduleName=entry, buildMode=debug
[2026-08-11T15:35:57.866] [DEBUG] debug-file - Target 'default' config initialized
[2026-08-11T15:35:57.866] [DEBUG] debug-file - Module 'entry' target 'default' build option initialized
[2026-08-11T15:35:57.866] [DEBUG] debug-file - End initialize module-target build option map, moduleName=entry
[2026-08-11T15:35:57.866] [DEBUG] debug-file - Obtain build option for module 'entry' target 'default'in this build.
[2026-08-11T15:35:57.867] [DEBUG] debug-file - Module entry task initialization takes 1 ms 
[2026-08-11T15:35:57.868] [DEBUG] debug-file - Hap plugin register hook start...
[2026-08-11T15:35:57.868] [DEBUG] debug-file - Hap plugin register hook end...
[2026-08-11T15:35:57.868] [DEBUG] debug-file - Plugin build process completed
[2026-08-11T15:35:57.868] [DEBUG] debug-file - hvigorfile, begin to bind custom plugins...
[2026-08-11T15:35:57.868] [DEBUG] debug-file - hvigorfile, no custom plugins were found in /Users/pange/Codes/genfee/worker-bee-atomic-service/entry/hvigorfile.ts
[2026-08-11T15:35:57.868] [DEBUG] debug-file - hvigorfile, resolve finished /Users/pange/Codes/genfee/worker-bee-atomic-service/entry/hvigorfile.ts
[2026-08-11T15:35:57.923] [DEBUG] debug-file - hvigorfile, resolve hvigorfile dependencies in 55 ms 
[2026-08-11T15:35:57.923] [DEBUG] debug-file - project has submodules:entry
[2026-08-11T15:35:57.924] [DEBUG] debug-file - start to load updatedOhPackageInfo to the disk
[2026-08-11T15:35:57.925] [DEBUG] debug-file - load to the disk finished
[2026-08-11T15:35:57.925] [DEBUG] debug-file - Start to initialize dependency information.
[2026-08-11T15:35:57.926] [DEBUG] debug-file - Module worker-bee-atomic-service Collected Dependency: 
[2026-08-11T15:35:57.926] [DEBUG] debug-file - Module worker-bee-atomic-service's total dependency: 0
[2026-08-11T15:35:57.926] [DEBUG] debug-file - Start to initialize dependency information.
[2026-08-11T15:35:57.927] [DEBUG] debug-file - Module entry Collected Dependency: 
[2026-08-11T15:35:57.927] [DEBUG] debug-file - Module entry's total dependency: 0
[2026-08-11T15:35:57.927] [DEBUG] debug-file - Configuration phase cost:181 ms 
[2026-08-11T15:35:57.928] [DEBUG] debug-file - Configuration task cost before running: 197 ms 
[2026-08-11T15:35:57.929] [DEBUG] debug-file - Executing task :entry:default@PreBuild
[2026-08-11T15:35:57.929] [WARN] debug-file - The project has not explicitly set the 'targetSdkVersion' version at build-profile.json5. It is recommended to configure it. Reference: https://developer.huawei.com/consumer/cn/doc/harmonyos-guides/ide-hvigor-build-profile-app#section45865492619
[2026-08-11T15:35:57.931] [DEBUG] debug-file - Task 'entry:default@PreBuild' cost while wrapping incremental declarations: 1 ms 
[2026-08-11T15:35:57.932] [DEBUG] debug-file - Incremental task entry:default@PreBuild pre-execution cost: 1 ms .
[2026-08-11T15:35:57.932] [DEBUG] debug-file - entry : default@PreBuild cost memory 0.48380279541015625
[2026-08-11T15:35:57.932] [INFO] debug-file - UP-TO-DATE :entry:default@PreBuild...  
[2026-08-11T15:35:57.933] [DEBUG] debug-file - Executing task :entry:default@CreateModuleInfo
[2026-08-11T15:35:57.933] [DEBUG] debug-file - Task 'entry:default@CreateModuleInfo' cost while wrapping incremental declarations: 1 ms 
[2026-08-11T15:35:57.933] [DEBUG] debug-file - entry : default@CreateModuleInfo cost memory 0.03797149658203125
[2026-08-11T15:35:57.933] [DEBUG] debug-file - runTaskFromQueue task cost before running: 201 ms 
[2026-08-11T15:35:57.933] [INFO] debug-file - Finished :entry:default@CreateModuleInfo... after 1 ms 
[2026-08-11T15:35:57.933] [DEBUG] debug-file - Executing task :entry:default@GenerateMetadata
[2026-08-11T15:35:57.933] [DEBUG] debug-file - Task 'entry:default@GenerateMetadata' cost while wrapping incremental declarations: 1 ms 
[2026-08-11T15:35:57.934] [DEBUG] debug-file - Incremental task entry:default@GenerateMetadata pre-execution cost: 1 ms .
[2026-08-11T15:35:57.934] [DEBUG] debug-file - entry : default@GenerateMetadata cost memory 0.07433319091796875
[2026-08-11T15:35:57.934] [INFO] debug-file - UP-TO-DATE :entry:default@GenerateMetadata...  
[2026-08-11T15:35:57.934] [DEBUG] debug-file - Executing task :entry:default@ConfigureCmake
[2026-08-11T15:35:57.934] [DEBUG] debug-file - entry : default@ConfigureCmake cost memory 0.0140380859375
[2026-08-11T15:35:57.934] [DEBUG] debug-file - runTaskFromQueue task cost before running: 203 ms 
[2026-08-11T15:35:57.934] [INFO] debug-file - Finished :entry:default@ConfigureCmake... after 1 ms 
[2026-08-11T15:35:57.935] [DEBUG] debug-file - Executing task :entry:default@MergeProfile
[2026-08-11T15:35:57.935] [DEBUG] debug-file - Task 'entry:default@MergeProfile' cost while wrapping incremental declarations: 1 ms 
[2026-08-11T15:35:57.936] [DEBUG] debug-file - Incremental task entry:default@MergeProfile pre-execution cost: 1 ms .
[2026-08-11T15:35:57.936] [DEBUG] debug-file - entry : default@MergeProfile cost memory 0.10485076904296875
[2026-08-11T15:35:57.936] [INFO] debug-file - UP-TO-DATE :entry:default@MergeProfile...  
[2026-08-11T15:35:57.936] [DEBUG] debug-file - Executing task :entry:default@CreateBuildProfile
[2026-08-11T15:35:57.936] [DEBUG] debug-file - Task 'entry:default@CreateBuildProfile' cost while wrapping incremental declarations: 1 ms 
[2026-08-11T15:35:57.937] [DEBUG] debug-file - Incremental task entry:default@CreateBuildProfile pre-execution cost: 1 ms .
[2026-08-11T15:35:57.937] [DEBUG] debug-file - entry : default@CreateBuildProfile cost memory 0.08890533447265625
[2026-08-11T15:35:57.937] [INFO] debug-file - UP-TO-DATE :entry:default@CreateBuildProfile...  
[2026-08-11T15:35:57.937] [DEBUG] debug-file - Executing task :entry:default@PreCheckSyscap
[2026-08-11T15:35:57.937] [DEBUG] debug-file - entry : default@PreCheckSyscap cost memory 0.01425933837890625
[2026-08-11T15:35:57.937] [DEBUG] debug-file - runTaskFromQueue task cost before running: 206 ms 
[2026-08-11T15:35:57.937] [INFO] debug-file - Finished :entry:default@PreCheckSyscap... after 1 ms 
[2026-08-11T15:35:57.937] [DEBUG] debug-file - Executing task :entry:default@GeneratePkgContextInfo
[2026-08-11T15:35:57.938] [DEBUG] debug-file - Task 'entry:default@GeneratePkgContextInfo' cost while wrapping incremental declarations: 1 ms 
[2026-08-11T15:35:57.939] [DEBUG] debug-file - entry : default@GeneratePkgContextInfo cost memory 0.17720794677734375
[2026-08-11T15:35:57.939] [DEBUG] debug-file - runTaskFromQueue task cost before running: 207 ms 
[2026-08-11T15:35:57.939] [INFO] debug-file - Finished :entry:default@GeneratePkgContextInfo... after 2 ms 
[2026-08-11T15:35:57.939] [DEBUG] debug-file - Executing task :entry:default@GeneratePkgSdkInfo
[2026-08-11T15:35:57.939] [DEBUG] debug-file - Task 'entry:default@GeneratePkgSdkInfo' cost while wrapping incremental declarations: 1 ms 
[2026-08-11T15:35:57.939] [DEBUG] debug-file - Incremental task entry:default@GeneratePkgSdkInfo pre-execution cost: 1 ms .
[2026-08-11T15:35:57.939] [DEBUG] debug-file - entry : default@GeneratePkgSdkInfo cost memory 0.11627960205078125
[2026-08-11T15:35:57.939] [INFO] debug-file - UP-TO-DATE :entry:default@GeneratePkgSdkInfo...  
[2026-08-11T15:35:57.941] [DEBUG] debug-file - Executing task :entry:default@ProcessIntegratedHsp
[2026-08-11T15:35:57.941] [DEBUG] debug-file - entry:default@ProcessIntegratedHsp is not up-to-date, since the output file '/Users/pange/Codes/genfee/worker-bee-atomic-service/build/cache/default/integrated_hsp/integratedHspCache.json' does not exist.
[2026-08-11T15:35:57.941] [DEBUG] debug-file - Incremental task entry:default@ProcessIntegratedHsp pre-execution cost: 1 ms .
[2026-08-11T15:35:57.941] [DEBUG] debug-file - entry : default@ProcessIntegratedHsp cost memory 0.05590057373046875
[2026-08-11T15:35:57.942] [DEBUG] debug-file - runTaskFromQueue task cost before running: 210 ms 
[2026-08-11T15:35:57.942] [INFO] debug-file - Finished :entry:default@ProcessIntegratedHsp... after 1 ms 
[2026-08-11T15:35:57.942] [DEBUG] debug-file - Executing task :entry:default@BuildNativeWithCmake
[2026-08-11T15:35:57.942] [DEBUG] debug-file - entry : default@BuildNativeWithCmake cost memory 0.014068603515625
[2026-08-11T15:35:57.942] [DEBUG] debug-file - runTaskFromQueue task cost before running: 211 ms 
[2026-08-11T15:35:57.942] [INFO] debug-file - Finished :entry:default@BuildNativeWithCmake... after 1 ms 
[2026-08-11T15:35:57.942] [DEBUG] debug-file - Executing task :entry:default@MakePackInfo
[2026-08-11T15:35:57.943] [DEBUG] debug-file - Incremental task entry:default@MakePackInfo pre-execution cost: 1 ms .
[2026-08-11T15:35:57.943] [DEBUG] debug-file - entry : default@MakePackInfo cost memory 0.08941650390625
[2026-08-11T15:35:57.943] [INFO] debug-file - UP-TO-DATE :entry:default@MakePackInfo...  
[2026-08-11T15:35:57.943] [DEBUG] debug-file - Executing task :entry:default@SyscapTransform
[2026-08-11T15:35:57.943] [DEBUG] debug-file - File: '/Users/pange/Codes/genfee/worker-bee-atomic-service/entry/src/main/syscap.json' from 'sysCapJsonPath' is not exists, just ignore.
[2026-08-11T15:35:57.943] [DEBUG] debug-file - Task 'entry:default@SyscapTransform' cost while wrapping incremental declarations: 1 ms 
[2026-08-11T15:35:57.944] [DEBUG] debug-file - entry:default@SyscapTransform is not up-to-date, since the output file '/Users/pange/Codes/genfee/worker-bee-atomic-service/entry/build/default/intermediates/syscap/default/rpcid.sc' does not exist.
[2026-08-11T15:35:57.944] [DEBUG] debug-file - Incremental task entry:default@SyscapTransform pre-execution cost: 1 ms .
[2026-08-11T15:35:57.944] [DEBUG] debug-file - entry : default@SyscapTransform cost memory 0.13245391845703125
[2026-08-11T15:35:57.944] [DEBUG] debug-file - runTaskFromQueue task cost before running: 213 ms 
[2026-08-11T15:35:57.944] [INFO] debug-file - Finished :entry:default@SyscapTransform... after 2 ms 
[2026-08-11T15:35:57.945] [DEBUG] debug-file - Executing task :entry:default@ProcessProfile
[2026-08-11T15:35:57.945] [DEBUG] debug-file - Task 'entry:default@ProcessProfile' cost while wrapping incremental declarations: 1 ms 
[2026-08-11T15:35:57.946] [DEBUG] debug-file - Incremental task entry:default@ProcessProfile pre-execution cost: 1 ms .
[2026-08-11T15:35:57.946] [DEBUG] debug-file - entry : default@ProcessProfile cost memory 0.10448455810546875
[2026-08-11T15:35:57.946] [INFO] debug-file - UP-TO-DATE :entry:default@ProcessProfile...  
[2026-08-11T15:35:57.946] [DEBUG] debug-file - Executing task :entry:default@ProcessRouterMap
[2026-08-11T15:35:57.947] [DEBUG] debug-file - Incremental task entry:default@ProcessRouterMap pre-execution cost: 1 ms .
[2026-08-11T15:35:57.947] [DEBUG] debug-file - entry : default@ProcessRouterMap cost memory 0.1037445068359375
[2026-08-11T15:35:57.947] [INFO] debug-file - UP-TO-DATE :entry:default@ProcessRouterMap...  
[2026-08-11T15:35:57.947] [DEBUG] debug-file - Executing task :entry:default@ProcessShareConfig
[2026-08-11T15:35:57.947] [DEBUG] debug-file - Incremental task entry:default@ProcessShareConfig pre-execution cost: 1 ms .
[2026-08-11T15:35:57.947] [DEBUG] debug-file - entry : default@ProcessShareConfig cost memory 0.0861663818359375
[2026-08-11T15:35:57.948] [INFO] debug-file - UP-TO-DATE :entry:default@ProcessShareConfig...  
[2026-08-11T15:35:57.948] [DEBUG] debug-file - Executing task :entry:default@ProcessStartupConfig
[2026-08-11T15:35:57.948] [DEBUG] debug-file - Task 'entry:default@ProcessStartupConfig' cost while wrapping incremental declarations: 1 ms 
[2026-08-11T15:35:57.948] [DEBUG] debug-file - entry:default@ProcessStartupConfig is not up-to-date, since the output file '/Users/pange/Codes/genfee/worker-bee-atomic-service/entry/build/default/intermediates/startup/default/startup_config.json' does not exist.
[2026-08-11T15:35:57.948] [DEBUG] debug-file - Incremental task entry:default@ProcessStartupConfig pre-execution cost: 1 ms .
[2026-08-11T15:35:57.948] [DEBUG] debug-file - entry : default@ProcessStartupConfig cost memory 0.0852813720703125
[2026-08-11T15:35:57.948] [DEBUG] debug-file - runTaskFromQueue task cost before running: 217 ms 
[2026-08-11T15:35:57.948] [INFO] debug-file - Finished :entry:default@ProcessStartupConfig... after 1 ms 
[2026-08-11T15:35:57.949] [DEBUG] debug-file - Executing task :entry:default@BuildNativeWithNinja
[2026-08-11T15:35:57.949] [DEBUG] debug-file - entry : default@BuildNativeWithNinja cost memory 0.01953125
[2026-08-11T15:35:57.949] [DEBUG] debug-file - runTaskFromQueue task cost before running: 218 ms 
[2026-08-11T15:35:57.949] [INFO] debug-file - Finished :entry:default@BuildNativeWithNinja... after 1 ms 
[2026-08-11T15:35:57.949] [DEBUG] debug-file - restool module names: entry; moduleName=entry, taskName=default@ProcessResource
[2026-08-11T15:35:57.950] [DEBUG] debug-file - Executing task :entry:default@ProcessResource
[2026-08-11T15:35:57.950] [DEBUG] debug-file - Task 'entry:default@ProcessResource' cost while wrapping incremental declarations: 1 ms 
[2026-08-11T15:35:57.951] [DEBUG] debug-file - Incremental task entry:default@ProcessResource pre-execution cost: 1 ms .
[2026-08-11T15:35:57.951] [DEBUG] debug-file - entry : default@ProcessResource cost memory 0.135772705078125
[2026-08-11T15:35:57.951] [INFO] debug-file - UP-TO-DATE :entry:default@ProcessResource...  
[2026-08-11T15:35:57.951] [DEBUG] debug-file - Executing task :entry:default@GenerateLoaderJson
[2026-08-11T15:35:57.952] [DEBUG] debug-file - Task 'entry:default@GenerateLoaderJson' cost while wrapping incremental declarations: 1 ms 
[2026-08-11T15:35:57.954] [DEBUG] debug-file - Incremental task entry:default@GenerateLoaderJson pre-execution cost: 2 ms .
[2026-08-11T15:35:57.954] [DEBUG] debug-file - entry : default@GenerateLoaderJson cost memory 0.38733673095703125
[2026-08-11T15:35:57.954] [INFO] debug-file - UP-TO-DATE :entry:default@GenerateLoaderJson...  
[2026-08-11T15:35:57.955] [DEBUG] debug-file - Executing task :entry:default@ProcessLibs
[2026-08-11T15:35:57.955] [DEBUG] debug-file - entry : default@ProcessLibs cost memory 0.05008697509765625
[2026-08-11T15:35:57.955] [DEBUG] debug-file - runTaskFromQueue task cost before running: 224 ms 
[2026-08-11T15:35:57.955] [INFO] debug-file - Finished :entry:default@ProcessLibs... after 1 ms 
[2026-08-11T15:35:57.956] [DEBUG] debug-file - restool module names: entry; moduleName=entry, taskName=default@CompileResource
[2026-08-11T15:35:57.956] [DEBUG] debug-file - Executing task :entry:default@CompileResource
[2026-08-11T15:35:57.960] [DEBUG] debug-file - Incremental task entry:default@CompileResource pre-execution cost: 4 ms .
[2026-08-11T15:35:57.960] [DEBUG] debug-file - entry : default@CompileResource cost memory 0.4039459228515625
[2026-08-11T15:35:57.960] [INFO] debug-file - UP-TO-DATE :entry:default@CompileResource...  
[2026-08-11T15:35:57.961] [DEBUG] debug-file - Executing task :entry:default@DoNativeStrip
[2026-08-11T15:35:57.961] [DEBUG] debug-file - File: '/Users/pange/Codes/genfee/worker-bee-atomic-service/entry/build/default/intermediates/binxo/default' from 'doBinxoNativeLibs' is not exists, just ignore.
[2026-08-11T15:35:57.961] [DEBUG] debug-file - Task 'entry:default@DoNativeStrip' cost while wrapping incremental declarations: 1 ms 
[2026-08-11T15:35:57.961] [DEBUG] debug-file - Incremental task entry:default@DoNativeStrip pre-execution cost: 1 ms .
[2026-08-11T15:35:57.961] [DEBUG] debug-file - entry : default@DoNativeStrip cost memory 0.075347900390625
[2026-08-11T15:35:57.961] [INFO] debug-file - UP-TO-DATE :entry:default@DoNativeStrip...  
[2026-08-11T15:35:57.962] [DEBUG] debug-file - Executing task :entry:default@CompileArkTS
[2026-08-11T15:35:57.962] [DEBUG] debug-file - obfuscationOptions: undefined
[2026-08-11T15:35:57.962] [DEBUG] debug-file - Task 'entry:default@CompileArkTS' cost while wrapping incremental declarations: 1 ms 
[2026-08-11T15:35:57.964] [DEBUG] debug-file - Incremental task entry:default@CompileArkTS pre-execution cost: 3 ms .
[2026-08-11T15:35:57.965] [DEBUG] debug-file - entry : default@CompileArkTS cost memory 0.41063690185546875
[2026-08-11T15:35:57.965] [INFO] debug-file - UP-TO-DATE :entry:default@CompileArkTS...  
[2026-08-11T15:35:57.965] [DEBUG] debug-file - Executing task :entry:default@BuildJS
[2026-08-11T15:35:57.965] [DEBUG] debug-file - Task 'entry:default@BuildJS' cost while wrapping incremental declarations: 1 ms 
[2026-08-11T15:35:57.966] [DEBUG] debug-file - entry : default@BuildJS cost memory 0.11360931396484375
[2026-08-11T15:35:57.966] [DEBUG] debug-file - runTaskFromQueue task cost before running: 234 ms 
[2026-08-11T15:35:57.966] [INFO] debug-file - Finished :entry:default@BuildJS... after 1 ms 
[2026-08-11T15:35:57.966] [DEBUG] debug-file - Executing task :entry:default@CacheNativeLibs
[2026-08-11T15:35:57.966] [DEBUG] debug-file - File: '/Users/pange/Codes/genfee/worker-bee-atomic-service/entry/build/default/intermediates/binxo/default' from 'cacheBinxoNativeLibs' is not exists, just ignore.
[2026-08-11T15:35:57.966] [DEBUG] debug-file - Task 'entry:default@CacheNativeLibs' cost while wrapping incremental declarations: 1 ms 
[2026-08-11T15:35:57.966] [DEBUG] debug-file - Incremental task entry:default@CacheNativeLibs pre-execution cost: 1 ms .
[2026-08-11T15:35:57.968] [DEBUG] debug-file - entry : default@CacheNativeLibs cost memory -4.526008605957031
[2026-08-11T15:35:57.968] [INFO] debug-file - UP-TO-DATE :entry:default@CacheNativeLibs...  
[2026-08-11T15:35:57.968] [DEBUG] debug-file - Executing task :entry:default@GeneratePkgModuleJson
[2026-08-11T15:35:57.968] [DEBUG] debug-file - File: '/Users/pange/Codes/genfee/worker-bee-atomic-service/entry/build/default/intermediates/preload/default/preload.json' from 'preloadSoJsonPath' is not exists, just ignore.
[2026-08-11T15:35:57.968] [DEBUG] debug-file - Error occurs while handling @Input 'shouldDeduplicateHar': The "data" argument must be of type string or an instance of Buffer, TypedArray, or DataView. Received undefined
[2026-08-11T15:35:57.968] [DEBUG] debug-file - Task 'entry:default@GeneratePkgModuleJson' cost while wrapping incremental declarations: 1 ms 
[2026-08-11T15:35:57.968] [DEBUG] debug-file - Incremental task entry:default@GeneratePkgModuleJson pre-execution cost: 1 ms .
[2026-08-11T15:35:57.968] [DEBUG] debug-file - entry : default@GeneratePkgModuleJson cost memory 0.0870361328125
[2026-08-11T15:35:57.968] [INFO] debug-file - UP-TO-DATE :entry:default@GeneratePkgModuleJson...  
[2026-08-11T15:35:57.969] [DEBUG] debug-file - Executing task :entry:default@ProcessCompiledResources
[2026-08-11T15:35:57.969] [DEBUG] debug-file - File: '/Users/pange/Codes/genfee/worker-bee-atomic-service/entry/build/default/intermediates/preload/default/preload.json' from 'preloadSoJsonPath' is not exists, just ignore.
[2026-08-11T15:35:57.969] [DEBUG] debug-file - Task 'entry:default@ProcessCompiledResources' cost while wrapping incremental declarations: 1 ms 
[2026-08-11T15:35:57.969] [DEBUG] debug-file - entry : default@ProcessCompiledResources cost memory 0.05568695068359375
[2026-08-11T15:35:57.969] [DEBUG] debug-file - runTaskFromQueue task cost before running: 237 ms 
[2026-08-11T15:35:57.969] [INFO] debug-file - Finished :entry:default@ProcessCompiledResources... after 1 ms 
[2026-08-11T15:35:57.969] [DEBUG] debug-file - Executing task :entry:default@PackageHap
[2026-08-11T15:35:57.971] [DEBUG] debug-file - Incremental task entry:default@PackageHap pre-execution cost: 2 ms .
[2026-08-11T15:35:57.971] [DEBUG] debug-file - entry : default@PackageHap cost memory 0.2684173583984375
[2026-08-11T15:35:57.971] [INFO] debug-file - UP-TO-DATE :entry:default@PackageHap...  
[2026-08-11T15:35:57.972] [DEBUG] debug-file - Executing task :entry:default@PackingCheck
[2026-08-11T15:35:57.973] [DEBUG] debug-file - entry : default@PackingCheck cost memory 0.321014404296875
[2026-08-11T15:35:57.973] [DEBUG] debug-file - runTaskFromQueue task cost before running: 242 ms 
[2026-08-11T15:35:57.973] [INFO] debug-file - Finished :entry:default@PackingCheck... after 2 ms 
[2026-08-11T15:35:57.973] [DEBUG] debug-file - Executing task :entry:default@SignHap
[2026-08-11T15:35:57.974] [DEBUG] debug-file - Incremental task entry:default@SignHap pre-execution cost: 1 ms .
[2026-08-11T15:35:57.974] [DEBUG] debug-file - entry : default@SignHap cost memory 0.07808685302734375
[2026-08-11T15:35:57.974] [INFO] debug-file - UP-TO-DATE :entry:default@SignHap...  
[2026-08-11T15:35:57.974] [DEBUG] debug-file - Executing task :entry:default@CollectDebugSymbol
[2026-08-11T15:35:57.974] [DEBUG] debug-file - entry : default@CollectDebugSymbol cost memory 0.08612823486328125
[2026-08-11T15:35:57.974] [DEBUG] debug-file - runTaskFromQueue task cost before running: 243 ms 
[2026-08-11T15:35:57.975] [INFO] debug-file - Finished :entry:default@CollectDebugSymbol... after 1 ms 
[2026-08-11T15:35:57.975] [DEBUG] debug-file - Executing task :entry:assembleHap
[2026-08-11T15:35:57.975] [DEBUG] debug-file - entry : assembleHap cost memory 0.01226043701171875
[2026-08-11T15:35:57.975] [DEBUG] debug-file - runTaskFromQueue task cost before running: 243 ms 
[2026-08-11T15:35:57.975] [INFO] debug-file - Finished :entry:assembleHap... after 1 ms 
[2026-08-11T15:35:57.975] [INFO] debug-file - BUILD SUCCESSFUL in 244 ms 
[2026-08-11T15:35:57.975] [DEBUG] debug-file - There is no need to refresh cache, since the incremental task entry:default@PreBuild is up-to-date.
[2026-08-11T15:35:57.975] [DEBUG] debug-file - Update task entry:default@CreateModuleInfo output file:/Users/pange/Codes/genfee/worker-bee-atomic-service/entry/build/default/generated/profile/default/ModuleInfo.ts cache.
[2026-08-11T15:35:57.975] [DEBUG] debug-file - Incremental task entry:default@CreateModuleInfo post-execution cost:1 ms .
[2026-08-11T15:35:57.975] [DEBUG] debug-file - There is no need to refresh cache, since the incremental task entry:default@GenerateMetadata is up-to-date.
[2026-08-11T15:35:57.975] [DEBUG] debug-file - There is no need to refresh cache, since the incremental task entry:default@MergeProfile is up-to-date.
[2026-08-11T15:35:57.975] [DEBUG] debug-file - There is no need to refresh cache, since the incremental task entry:default@CreateBuildProfile is up-to-date.
[2026-08-11T15:35:57.975] [DEBUG] debug-file - Update task entry:default@GeneratePkgContextInfo output file:/Users/pange/Codes/genfee/worker-bee-atomic-service/entry/build/default/intermediates/loader/default/pkgContextInfo.json cache.
[2026-08-11T15:35:57.975] [DEBUG] debug-file - Incremental task entry:default@GeneratePkgContextInfo post-execution cost:1 ms .
[2026-08-11T15:35:57.975] [DEBUG] debug-file - There is no need to refresh cache, since the incremental task entry:default@GeneratePkgSdkInfo is up-to-date.
[2026-08-11T15:35:57.975] [DEBUG] debug-file - Update task entry:default@ProcessIntegratedHsp output file:/Users/pange/Codes/genfee/worker-bee-atomic-service/build/cache/default/integrated_hsp/integratedHspCache.json cache.
[2026-08-11T15:35:57.975] [DEBUG] debug-file - Incremental task entry:default@ProcessIntegratedHsp post-execution cost:1 ms .
[2026-08-11T15:35:57.975] [DEBUG] debug-file - There is no need to refresh cache, since the incremental task entry:default@MakePackInfo is up-to-date.
[2026-08-11T15:35:57.975] [DEBUG] debug-file - Update task entry:default@SyscapTransform input file:/Applications/DevEco-Studio.app/Contents/sdk/default/openharmony/toolchains/syscap_tool cache by regenerate.
[2026-08-11T15:35:57.975] [DEBUG] debug-file - Update task entry:default@SyscapTransform input file:/Applications/DevEco-Studio.app/Contents/sdk/default/openharmony/ets/api/device-define cache by regenerate.
[2026-08-11T15:35:57.976] [DEBUG] debug-file - Update task entry:default@SyscapTransform output file:/Users/pange/Codes/genfee/worker-bee-atomic-service/entry/build/default/intermediates/syscap/default/rpcid.sc cache.
[2026-08-11T15:35:57.976] [DEBUG] debug-file - Incremental task entry:default@SyscapTransform post-execution cost:1 ms .
[2026-08-11T15:35:57.976] [DEBUG] debug-file - There is no need to refresh cache, since the incremental task entry:default@ProcessProfile is up-to-date.
[2026-08-11T15:35:57.976] [DEBUG] debug-file - There is no need to refresh cache, since the incremental task entry:default@ProcessRouterMap is up-to-date.
[2026-08-11T15:35:57.976] [DEBUG] debug-file - There is no need to refresh cache, since the incremental task entry:default@ProcessShareConfig is up-to-date.
[2026-08-11T15:35:57.976] [DEBUG] debug-file - Update task entry:default@ProcessStartupConfig output file:/Users/pange/Codes/genfee/worker-bee-atomic-service/entry/build/default/intermediates/startup/default/startup_config.json cache.
[2026-08-11T15:35:57.976] [DEBUG] debug-file - Incremental task entry:default@ProcessStartupConfig post-execution cost:1 ms .
[2026-08-11T15:35:57.976] [DEBUG] debug-file - There is no need to refresh cache, since the incremental task entry:default@ProcessResource is up-to-date.
[2026-08-11T15:35:57.976] [DEBUG] debug-file - There is no need to refresh cache, since the incremental task entry:default@GenerateLoaderJson is up-to-date.
[2026-08-11T15:35:57.976] [DEBUG] debug-file - Update task entry:default@ProcessLibs input file:/Users/pange/Codes/genfee/worker-bee-atomic-service/build-profile.json5 cache by regenerate.
[2026-08-11T15:35:57.976] [DEBUG] debug-file - Update task entry:default@ProcessLibs input file:/Users/pange/Codes/genfee/worker-bee-atomic-service/entry/build-profile.json5 cache by regenerate.
[2026-08-11T15:35:57.976] [DEBUG] debug-file - Update task entry:default@ProcessLibs output file:/Users/pange/Codes/genfee/worker-bee-atomic-service/entry/build/default/intermediates/libs/default cache.
[2026-08-11T15:35:57.976] [DEBUG] debug-file - Incremental task entry:default@ProcessLibs post-execution cost:1 ms .
[2026-08-11T15:35:57.976] [DEBUG] debug-file - There is no need to refresh cache, since the incremental task entry:default@CompileResource is up-to-date.
[2026-08-11T15:35:57.976] [DEBUG] debug-file - There is no need to refresh cache, since the incremental task entry:default@DoNativeStrip is up-to-date.
[2026-08-11T15:35:57.976] [DEBUG] debug-file - There is no need to refresh cache, since the incremental task entry:default@CompileArkTS is up-to-date.
[2026-08-11T15:35:57.976] [DEBUG] debug-file - Update task entry:default@BuildJS input file:/Users/pange/Codes/genfee/worker-bee-atomic-service/entry/build/default/intermediates/loader/default cache by regenerate.
[2026-08-11T15:35:57.976] [DEBUG] debug-file - Update task entry:default@BuildJS input file:/Users/pange/Codes/genfee/worker-bee-atomic-service/entry/build/default/intermediates/res/default/ResourceTable.txt cache by regenerate.
[2026-08-11T15:35:57.976] [DEBUG] debug-file - Update task entry:default@BuildJS input file:/Users/pange/Codes/genfee/worker-bee-atomic-service/entry/build/default/intermediates/res/default/ark_module.json cache by regenerate.
[2026-08-11T15:35:57.976] [DEBUG] debug-file - Update task entry:default@BuildJS input file:/Users/pange/Codes/genfee/worker-bee-atomic-service/entry/build/default/intermediates/res/default/resources/base/profile cache by regenerate.
[2026-08-11T15:35:57.976] [DEBUG] debug-file - Update task entry:default@BuildJS output file:/Users/pange/Codes/genfee/worker-bee-atomic-service/entry/build/default/intermediates/loader_out/default/js cache.
[2026-08-11T15:35:57.976] [DEBUG] debug-file - Incremental task entry:default@BuildJS post-execution cost:1 ms .
[2026-08-11T15:35:57.976] [DEBUG] debug-file - There is no need to refresh cache, since the incremental task entry:default@CacheNativeLibs is up-to-date.
[2026-08-11T15:35:57.976] [DEBUG] debug-file - There is no need to refresh cache, since the incremental task entry:default@GeneratePkgModuleJson is up-to-date.
[2026-08-11T15:35:57.976] [DEBUG] debug-file - Incremental task entry:default@ProcessCompiledResources post-execution cost:1 ms .
[2026-08-11T15:35:57.976] [DEBUG] debug-file - There is no need to refresh cache, since the incremental task entry:default@PackageHap is up-to-date.
[2026-08-11T15:35:57.977] [DEBUG] debug-file - There is no need to refresh cache, since the incremental task entry:default@SignHap is up-to-date.
[2026-08-11T15:35:57.977] [DEBUG] debug-file - Update task entry:default@CollectDebugSymbol input file:/Users/pange/Codes/genfee/worker-bee-atomic-service/entry/build/default/intermediates/loader_out/default/ets/sourceMaps.map cache by regenerate.
[2026-08-11T15:35:57.977] [DEBUG] debug-file - Update task entry:default@CollectDebugSymbol input file:/Users/pange/Codes/genfee/worker-bee-atomic-service/entry/build/default/intermediates/libs/default cache by regenerate.
[2026-08-11T15:35:57.977] [DEBUG] debug-file - Update task entry:default@CollectDebugSymbol output file:/Users/pange/Codes/genfee/worker-bee-atomic-service/entry/build/default/outputs/default/symbol cache.
[2026-08-11T15:35:57.977] [DEBUG] debug-file - Incremental task entry:default@CollectDebugSymbol post-execution cost:1 ms .
[2026-08-11T15:35:57.981] [DEBUG] debug-file - hvigor build process will be closed.
[2026-08-11T15:35:58.022] [DEBUG] debug-file - session manager: send message to worker process.
[2026-08-11T15:35:58.022] [DEBUG] debug-file - session manager: send message to worker process.
[2026-08-11T15:35:58.030] [DEBUG] debug-file - watch worker: worker id should be larger than 0. Nothing will be sent to any worker thread.
[2026-08-11T15:35:58.030] [DEBUG] debug-file - watch worker: worker id should be larger than 0. Nothing will be sent to any worker thread.
